run_id,model_id,seed,domain,slice_type,slice_value,sample_count,supported_map,class_index,class_name,positive_count,negative_count,average_precision,recall_at_source_v_threshold
week5-m3-f10-seed17,M3,17,I,label_count,1,946,0.4723435456336041,0,Agro-forestry areas,0,946,,
week5-m3-f10-seed17,M3,17,I,label_count,1,946,0.4723435456336041,1,Arable land,210,736,0.8140451515756422,0.9809523809523809
week5-m3-f10-seed17,M3,17,I,label_count,1,946,0.4723435456336041,2,"Beaches, dunes, sands",0,946,,
week5-m3-f10-seed17,M3,17,I,label_count,1,946,0.4723435456336041,3,Broad-leaved forest,1,945,0.14285714285714285,1.0
week5-m3-f10-seed17,M3,17,I,label_count,1,946,0.4723435456336041,4,Coastal wetlands,0,946,,
week5-m3-f10-seed17,M3,17,I,label_count,1,946,0.4723435456336041,5,Complex cultivation patterns,1,945,0.043478260869565216,1.0
week5-m3-f10-seed17,M3,17,I,label_count,1,946,0.4723435456336041,6,Coniferous forest,16,930,0.9173758023022729,1.0
week5-m3-f10-seed17,M3,17,I,label_count,1,946,0.4723435456336041,7,Industrial or commercial units,0,946,,
week5-m3-f10-seed17,M3,17,I,label_count,1,946,0.4723435456336041,8,Inland waters,4,942,0.01924754888764396,0.25
week5-m3-f10-seed17,M3,17,I,label_count,1,946,0.4723435456336041,9,Inland wetlands,14,932,0.02397806219195369,0.0
week5-m3-f10-seed17,M3,17,I,label_count,1,946,0.4723435456336041,10,"Land principally occupied by agriculture, with significant areas of natural vegetation",0,946,,
week5-m3-f10-seed17,M3,17,I,label_count,1,946,0.4723435456336041,11,Marine waters,543,403,0.9996531147863018,0.9373848987108656
week5-m3-f10-seed17,M3,17,I,label_count,1,946,0.4723435456336041,12,Mixed forest,2,944,0.34090909090909094,1.0
week5-m3-f10-seed17,M3,17,I,label_count,1,946,0.4723435456336041,13,"Moors, heathland and sclerophyllous vegetation",2,944,0.002389489671238195,0.0
week5-m3-f10-seed17,M3,17,I,label_count,1,946,0.4723435456336041,14,Natural grassland and sparsely vegetated areas,0,946,,
week5-m3-f10-seed17,M3,17,I,label_count,1,946,0.4723435456336041,15,Pastures,152,794,0.8918453379187933,0.9013157894736842
week5-m3-f10-seed17,M3,17,I,label_count,1,946,0.4723435456336041,16,Permanent crops,0,946,,
week5-m3-f10-seed17,M3,17,I,label_count,1,946,0.4723435456336041,17,"Transitional woodland, shrub",0,946,,
week5-m3-f10-seed17,M3,17,I,label_count,1,946,0.4723435456336041,18,Urban fabric,1,945,1.0,1.0
week5-m3-f10-seed17,M3,17,I,label_count,2,495,0.3250862402393654,0,Agro-forestry areas,0,495,,
week5-m3-f10-seed17,M3,17,I,label_count,2,495,0.3250862402393654,1,Arable land,157,338,0.8421905053607945,0.9554140127388535
week5-m3-f10-seed17,M3,17,I,label_count,2,495,0.3250862402393654,2,"Beaches, dunes, sands",5,490,0.13533638605142656,0.0
week5-m3-f10-seed17,M3,17,I,label_count,2,495,0.3250862402393654,3,Broad-leaved forest,62,433,0.17587556777383942,0.6774193548387096
week5-m3-f10-seed17,M3,17,I,label_count,2,495,0.3250862402393654,4,Coastal wetlands,0,495,,
week5-m3-f10-seed17,M3,17,I,label_count,2,495,0.3250862402393654,5,Complex cultivation patterns,42,453,0.09844107988537781,0.47619047619047616
week5-m3-f10-seed17,M3,17,I,label_count,2,495,0.3250862402393654,6,Coniferous forest,70,425,0.7994714260100775,0.8571428571428571
week5-m3-f10-seed17,M3,17,I,label_count,2,495,0.3250862402393654,7,Industrial or commercial units,17,478,0.20635727372854312,0.17647058823529413
week5-m3-f10-seed17,M3,17,I,label_count,2,495,0.3250862402393654,8,Inland waters,28,467,0.22704973947536827,0.2857142857142857
week5-m3-f10-seed17,M3,17,I,label_count,2,495,0.3250862402393654,9,Inland wetlands,65,430,0.11972943491925646,0.03076923076923077
week5-m3-f10-seed17,M3,17,I,label_count,2,495,0.3250862402393654,10,"Land principally occupied by agriculture, with significant areas of natural vegetation",118,377,0.1580450414821924,0.0847457627118644
week5-m3-f10-seed17,M3,17,I,label_count,2,495,0.3250862402393654,11,Marine waters,13,482,0.793859807937478,0.6923076923076923
week5-m3-f10-seed17,M3,17,I,label_count,2,495,0.3250862402393654,12,Mixed forest,64,431,0.3570293615704212,0.6875
week5-m3-f10-seed17,M3,17,I,label_count,2,495,0.3250862402393654,13,"Moors, heathland and sclerophyllous vegetation",20,475,0.034010904438652664,0.0
week5-m3-f10-seed17,M3,17,I,label_count,2,495,0.3250862402393654,14,Natural grassland and sparsely vegetated areas,7,488,0.02813815556694129,0.0
week5-m3-f10-seed17,M3,17,I,label_count,2,495,0.3250862402393654,15,Pastures,217,278,0.6909949521447396,0.6912442396313364
week5-m3-f10-seed17,M3,17,I,label_count,2,495,0.3250862402393654,16,Permanent crops,15,480,0.15595078101709633,0.0
week5-m3-f10-seed17,M3,17,I,label_count,2,495,0.3250862402393654,17,"Transitional woodland, shrub",25,470,0.04516155198049509,0.0
week5-m3-f10-seed17,M3,17,I,label_count,2,495,0.3250862402393654,18,Urban fabric,65,430,0.46907426053857315,0.6307692307692307
week5-m3-f10-seed17,M3,17,I,label_count,3,645,0.36522811577041625,0,Agro-forestry areas,0,645,,
week5-m3-f10-seed17,M3,17,I,label_count,3,645,0.36522811577041625,1,Arable land,215,430,0.7269988887414948,0.8883720930232558
week5-m3-f10-seed17,M3,17,I,label_count,3,645,0.36522811577041625,2,"Beaches, dunes, sands",9,636,0.1261872563136397,0.0
week5-m3-f10-seed17,M3,17,I,label_count,3,645,0.36522811577041625,3,Broad-leaved forest,176,469,0.32214788403802747,0.6988636363636364
week5-m3-f10-seed17,M3,17,I,label_count,3,645,0.36522811577041625,4,Coastal wetlands,0,645,,
week5-m3-f10-seed17,M3,17,I,label_count,3,645,0.36522811577041625,5,Complex cultivation patterns,165,480,0.3677224218292794,0.7878787878787878
week5-m3-f10-seed17,M3,17,I,label_count,3,645,0.36522811577041625,6,Coniferous forest,187,458,0.7331548539279811,0.7754010695187166
week5-m3-f10-seed17,M3,17,I,label_count,3,645,0.36522811577041625,7,Industrial or commercial units,18,627,0.15887725831716631,0.16666666666666666
week5-m3-f10-seed17,M3,17,I,label_count,3,645,0.36522811577041625,8,Inland waters,38,607,0.29835675819633534,0.42105263157894735
week5-m3-f10-seed17,M3,17,I,label_count,3,645,0.36522811577041625,9,Inland wetlands,81,564,0.11057201507479097,0.012345679012345678
week5-m3-f10-seed17,M3,17,I,label_count,3,645,0.36522811577041625,10,"Land principally occupied by agriculture, with significant areas of natural vegetation",158,487,0.2534606102486741,0.4810126582278481
week5-m3-f10-seed17,M3,17,I,label_count,3,645,0.36522811577041625,11,Marine waters,34,611,0.6918625589588553,0.4117647058823529
week5-m3-f10-seed17,M3,17,I,label_count,3,645,0.36522811577041625,12,Mixed forest,227,418,0.5295234716359009,0.7180616740088106
week5-m3-f10-seed17,M3,17,I,label_count,3,645,0.36522811577041625,13,"Moors, heathland and sclerophyllous vegetation",33,612,0.0891833726861991,0.030303030303030304
week5-m3-f10-seed17,M3,17,I,label_count,3,645,0.36522811577041625,14,Natural grassland and sparsely vegetated areas,21,624,0.0513273536000661,0.0
week5-m3-f10-seed17,M3,17,I,label_count,3,645,0.36522811577041625,15,Pastures,262,383,0.577347211969,0.6259541984732825
week5-m3-f10-seed17,M3,17,I,label_count,3,645,0.36522811577041625,16,Permanent crops,35,610,0.18225766504214008,0.02857142857142857
week5-m3-f10-seed17,M3,17,I,label_count,3,645,0.36522811577041625,17,"Transitional woodland, shrub",85,560,0.14814500569342556,0.24705882352941178
week5-m3-f10-seed17,M3,17,I,label_count,3,645,0.36522811577041625,18,Urban fabric,191,454,0.6027125223673228,0.5392670157068062
week5-m3-f10-seed17,M3,17,I,label_count,4+,914,0.424236263927115,0,Agro-forestry areas,0,914,,
week5-m3-f10-seed17,M3,17,I,label_count,4+,914,0.424236263927115,1,Arable land,454,460,0.7730138553179082,0.7951541850220264
week5-m3-f10-seed17,M3,17,I,label_count,4+,914,0.424236263927115,2,"Beaches, dunes, sands",10,904,0.09815601392685948,0.0
week5-m3-f10-seed17,M3,17,I,label_count,4+,914,0.424236263927115,3,Broad-leaved forest,479,435,0.5682130204983296,0.6722338204592901
week5-m3-f10-seed17,M3,17,I,label_count,4+,914,0.424236263927115,4,Coastal wetlands,1,913,0.0032258064516129032,0.0
week5-m3-f10-seed17,M3,17,I,label_count,4+,914,0.424236263927115,5,Complex cultivation patterns,457,457,0.6045733336473467,0.7921225382932167
week5-m3-f10-seed17,M3,17,I,label_count,4+,914,0.424236263927115,6,Coniferous forest,307,607,0.614431389206695,0.6742671009771987
week5-m3-f10-seed17,M3,17,I,label_count,4+,914,0.424236263927115,7,Industrial or commercial units,52,862,0.2497068183401632,0.19230769230769232
week5-m3-f10-seed17,M3,17,I,label_count,4+,914,0.424236263927115,8,Inland waters,138,776,0.417644464294737,0.3695652173913043
week5-m3-f10-seed17,M3,17,I,label_count,4+,914,0.424236263927115,9,Inland wetlands,113,801,0.14190351252982483,0.008849557522123894
week5-m3-f10-seed17,M3,17,I,label_count,4+,914,0.424236263927115,10,"Land principally occupied by agriculture, with significant areas of natural vegetation",418,496,0.48722277345642373,0.6626794258373205
week5-m3-f10-seed17,M3,17,I,label_count,4+,914,0.424236263927115,11,Marine waters,27,887,0.2119846604494628,0.037037037037037035
week5-m3-f10-seed17,M3,17,I,label_count,4+,914,0.424236263927115,12,Mixed forest,519,395,0.6735928318998753,0.6435452793834296
week5-m3-f10-seed17,M3,17,I,label_count,4+,914,0.424236263927115,13,"Moors, heathland and sclerophyllous vegetation",52,862,0.0990057245555463,0.0
week5-m3-f10-seed17,M3,17,I,label_count,4+,914,0.424236263927115,14,Natural grassland and sparsely vegetated areas,42,872,0.05543412721590363,0.023809523809523808
week5-m3-f10-seed17,M3,17,I,label_count,4+,914,0.424236263927115,15,Pastures,469,445,0.7006793913439949,0.6695095948827292
week5-m3-f10-seed17,M3,17,I,label_count,4+,914,0.424236263927115,16,Permanent crops,101,813,0.21195449455057114,0.019801980198019802
week5-m3-f10-seed17,M3,17,I,label_count,4+,914,0.424236263927115,17,"Transitional woodland, shrub",216,698,0.2649990102460707,0.37037037037037035
week5-m3-f10-seed17,M3,17,I,label_count,4+,914,0.424236263927115,18,Urban fabric,356,558,0.7134208152809874,0.6067415730337079
week5-m3-f10-seed17,M3,17,I,quarter,Q1,81,0.4061689146259182,0,Agro-forestry areas,0,81,,
week5-m3-f10-seed17,M3,17,I,quarter,Q1,81,0.4061689146259182,1,Arable land,52,29,0.7024932425453219,0.4423076923076923
week5-m3-f10-seed17,M3,17,I,quarter,Q1,81,0.4061689146259182,2,"Beaches, dunes, sands",0,81,,
week5-m3-f10-seed17,M3,17,I,quarter,Q1,81,0.4061689146259182,3,Broad-leaved forest,35,46,0.35077131685976237,0.14285714285714285
week5-m3-f10-seed17,M3,17,I,quarter,Q1,81,0.4061689146259182,4,Coastal wetlands,0,81,,
week5-m3-f10-seed17,M3,17,I,quarter,Q1,81,0.4061689146259182,5,Complex cultivation patterns,62,19,0.7474668154831632,0.5483870967741935
week5-m3-f10-seed17,M3,17,I,quarter,Q1,81,0.4061689146259182,6,Coniferous forest,16,65,0.26173010897375476,0.8125
week5-m3-f10-seed17,M3,17,I,quarter,Q1,81,0.4061689146259182,7,Industrial or commercial units,1,80,0.16666666666666666,0.0
week5-m3-f10-seed17,M3,17,I,quarter,Q1,81,0.4061689146259182,8,Inland waters,20,61,0.39178656591194155,0.05
week5-m3-f10-seed17,M3,17,I,quarter,Q1,81,0.4061689146259182,9,Inland wetlands,5,76,0.15090083719322228,0.0
week5-m3-f10-seed17,M3,17,I,quarter,Q1,81,0.4061689146259182,10,"Land principally occupied by agriculture, with significant areas of natural vegetation",48,33,0.5285522421081814,0.6458333333333334
week5-m3-f10-seed17,M3,17,I,quarter,Q1,81,0.4061689146259182,11,Marine waters,0,81,,
week5-m3-f10-seed17,M3,17,I,quarter,Q1,81,0.4061689146259182,12,Mixed forest,39,42,0.7434667567426754,0.07692307692307693
week5-m3-f10-seed17,M3,17,I,quarter,Q1,81,0.4061689146259182,13,"Moors, heathland and sclerophyllous vegetation",0,81,,
week5-m3-f10-seed17,M3,17,I,quarter,Q1,81,0.4061689146259182,14,Natural grassland and sparsely vegetated areas,0,81,,
week5-m3-f10-seed17,M3,17,I,quarter,Q1,81,0.4061689146259182,15,Pastures,55,26,0.785851741547839,0.0
week5-m3-f10-seed17,M3,17,I,quarter,Q1,81,0.4061689146259182,16,Permanent crops,2,79,0.030574712643678163,0.0
week5-m3-f10-seed17,M3,17,I,quarter,Q1,81,0.4061689146259182,17,"Transitional woodland, shrub",18,63,0.26364821442002906,0.16666666666666666
week5-m3-f10-seed17,M3,17,I,quarter,Q1,81,0.4061689146259182,18,Urban fabric,14,67,0.15628666904070085,0.0
week5-m3-f10-seed17,M3,17,I,quarter,Q2,391,0.39986012907890767,0,Agro-forestry areas,0,391,,
week5-m3-f10-seed17,M3,17,I,quarter,Q2,391,0.39986012907890767,1,Arable land,151,240,0.6996398433323079,0.8609271523178808
week5-m3-f10-seed17,M3,17,I,quarter,Q2,391,0.39986012907890767,2,"Beaches, dunes, sands",0,391,,
week5-m3-f10-seed17,M3,17,I,quarter,Q2,391,0.39986012907890767,3,Broad-leaved forest,153,238,0.6393199746874834,0.7516339869281046
week5-m3-f10-seed17,M3,17,I,quarter,Q2,391,0.39986012907890767,4,Coastal wetlands,0,391,,
week5-m3-f10-seed17,M3,17,I,quarter,Q2,391,0.39986012907890767,5,Complex cultivation patterns,127,264,0.3513494880922131,0.8976377952755905
week5-m3-f10-seed17,M3,17,I,quarter,Q2,391,0.39986012907890767,6,Coniferous forest,129,262,0.832430799165313,0.8217054263565892
week5-m3-f10-seed17,M3,17,I,quarter,Q2,391,0.39986012907890767,7,Industrial or commercial units,16,375,0.18805739743637856,0.1875
week5-m3-f10-seed17,M3,17,I,quarter,Q2,391,0.39986012907890767,8,Inland waters,19,372,0.21403554413871115,0.21052631578947367
week5-m3-f10-seed17,M3,17,I,quarter,Q2,391,0.39986012907890767,9,Inland wetlands,33,358,0.09673477957385788,0.030303030303030304
week5-m3-f10-seed17,M3,17,I,quarter,Q2,391,0.39986012907890767,10,"Land principally occupied by agriculture, with significant areas of natural vegetation",91,300,0.22909665772524712,0.6483516483516484
week5-m3-f10-seed17,M3,17,I,quarter,Q2,391,0.39986012907890767,11,Marine waters,0,391,,
week5-m3-f10-seed17,M3,17,I,quarter,Q2,391,0.39986012907890767,12,Mixed forest,190,201,0.6529685458787904,0.6421052631578947
week5-m3-f10-seed17,M3,17,I,quarter,Q2,391,0.39986012907890767,13,"Moors, heathland and sclerophyllous vegetation",12,379,0.04828725868978606,0.0
week5-m3-f10-seed17,M3,17,I,quarter,Q2,391,0.39986012907890767,14,Natural grassland and sparsely vegetated areas,6,385,0.25279710623538293,0.0
week5-m3-f10-seed17,M3,17,I,quarter,Q2,391,0.39986012907890767,15,Pastures,157,234,0.7432925642282673,0.8089171974522293
week5-m3-f10-seed17,M3,17,I,quarter,Q2,391,0.39986012907890767,16,Permanent crops,29,362,0.22862587249568686,0.0
week5-m3-f10-seed17,M3,17,I,quarter,Q2,391,0.39986012907890767,17,"Transitional woodland, shrub",54,337,0.1799490073093178,0.09259259259259259
week5-m3-f10-seed17,M3,17,I,quarter,Q2,391,0.39986012907890767,18,Urban fabric,164,227,0.641317097194872,0.6707317073170732
week5-m3-f10-seed17,M3,17,I,quarter,Q3,1919,0.39449826850344505,0,Agro-forestry areas,0,1919,,
week5-m3-f10-seed17,M3,17,I,quarter,Q3,1919,0.39449826850344505,1,Arable land,474,1445,0.6224169601558005,0.8755274261603375
week5-m3-f10-seed17,M3,17,I,quarter,Q3,1919,0.39449826850344505,2,"Beaches, dunes, sands",24,1895,0.020262484808600434,0.0
week5-m3-f10-seed17,M3,17,I,quarter,Q3,1919,0.39449826850344505,3,Broad-leaved forest,375,1544,0.2948324195190467,0.72
week5-m3-f10-seed17,M3,17,I,quarter,Q3,1919,0.39449826850344505,4,Coastal wetlands,1,1918,0.0014814814814814814,0.0
week5-m3-f10-seed17,M3,17,I,quarter,Q3,1919,0.39449826850344505,5,Complex cultivation patterns,347,1572,0.4864251963999977,0.8587896253602305
week5-m3-f10-seed17,M3,17,I,quarter,Q3,1919,0.39449826850344505,6,Coniferous forest,313,1606,0.6330067063206483,0.6837060702875399
week5-m3-f10-seed17,M3,17,I,quarter,Q3,1919,0.39449826850344505,7,Industrial or commercial units,34,1885,0.21815767587497614,0.20588235294117646
week5-m3-f10-seed17,M3,17,I,quarter,Q3,1919,0.39449826850344505,8,Inland waters,140,1779,0.368066851867401,0.4714285714285714
week5-m3-f10-seed17,M3,17,I,quarter,Q3,1919,0.39449826850344505,9,Inland wetlands,177,1742,0.0889587375998454,0.01694915254237288
week5-m3-f10-seed17,M3,17,I,quarter,Q3,1919,0.39449826850344505,10,"Land principally occupied by agriculture, with significant areas of natural vegetation",466,1453,0.392576570529478,0.49141630901287553
week5-m3-f10-seed17,M3,17,I,quarter,Q3,1919,0.39449826850344505,11,Marine waters,617,1302,0.9815175831872015,0.8638573743922204
week5-m3-f10-seed17,M3,17,I,quarter,Q3,1919,0.39449826850344505,12,Mixed forest,407,1512,0.5449664299987881,0.7076167076167076
week5-m3-f10-seed17,M3,17,I,quarter,Q3,1919,0.39449826850344505,13,"Moors, heathland and sclerophyllous vegetation",85,1834,0.07607291171212381,0.0
week5-m3-f10-seed17,M3,17,I,quarter,Q3,1919,0.39449826850344505,14,Natural grassland and sparsely vegetated areas,50,1869,0.06272694459221408,0.02
week5-m3-f10-seed17,M3,17,I,quarter,Q3,1919,0.39449826850344505,15,Pastures,731,1188,0.7134114902925814,0.7346101231190151
week5-m3-f10-seed17,M3,17,I,quarter,Q3,1919,0.39449826850344505,16,Permanent crops,57,1862,0.05605135742776991,0.0
week5-m3-f10-seed17,M3,17,I,quarter,Q3,1919,0.39449826850344505,17,"Transitional woodland, shrub",190,1729,0.1856470120040672,0.42105263157894735
week5-m3-f10-seed17,M3,17,I,quarter,Q3,1919,0.39449826850344505,18,Urban fabric,236,1683,0.5871374485731804,0.6186440677966102
week5-m3-f10-seed17,M3,17,I,quarter,Q4,609,0.35903781358338216,0,Agro-forestry areas,0,609,,
week5-m3-f10-seed17,M3,17,I,quarter,Q4,609,0.35903781358338216,1,Arable land,359,250,0.9298373568164906,0.947075208913649
week5-m3-f10-seed17,M3,17,I,quarter,Q4,609,0.35903781358338216,2,"Beaches, dunes, sands",0,609,,
week5-m3-f10-seed17,M3,17,I,quarter,Q4,609,0.35903781358338216,3,Broad-leaved forest,155,454,0.35567027327139505,0.632258064516129
week5-m3-f10-seed17,M3,17,I,quarter,Q4,609,0.35903781358338216,4,Coastal wetlands,0,609,,
week5-m3-f10-seed17,M3,17,I,quarter,Q4,609,0.35903781358338216,5,Complex cultivation patterns,129,480,0.3156536408664084,0.5193798449612403
week5-m3-f10-seed17,M3,17,I,quarter,Q4,609,0.35903781358338216,6,Coniferous forest,122,487,0.7399019352846101,0.7786885245901639
week5-m3-f10-seed17,M3,17,I,quarter,Q4,609,0.35903781358338216,7,Industrial or commercial units,36,573,0.21451965699565692,0.16666666666666666
week5-m3-f10-seed17,M3,17,I,quarter,Q4,609,0.35903781358338216,8,Inland waters,29,580,0.151782637118907,0.1724137931034483
week5-m3-f10-seed17,M3,17,I,quarter,Q4,609,0.35903781358338216,9,Inland wetlands,58,551,0.101744853858206,0.0
week5-m3-f10-seed17,M3,17,I,quarter,Q4,609,0.35903781358338216,10,"Land principally occupied by agriculture, with significant areas of natural vegetation",89,520,0.235100894422347,0.4943820224719101
week5-m3-f10-seed17,M3,17,I,quarter,Q4,609,0.35903781358338216,11,Marine waters,0,609,,
week5-m3-f10-seed17,M3,17,I,quarter,Q4,609,0.35903781358338216,12,Mixed forest,176,433,0.5455333649379338,0.7386363636363636
week5-m3-f10-seed17,M3,17,I,quarter,Q4,609,0.35903781358338216,13,"Moors, heathland and sclerophyllous vegetation",10,599,0.14148435484733773,0.1
week5-m3-f10-seed17,M3,17,I,quarter,Q4,609,0.35903781358338216,14,Natural grassland and sparsely vegetated areas,14,595,0.029935176203368104,0.0
week5-m3-f10-seed17,M3,17,I,quarter,Q4,609,0.35903781358338216,15,Pastures,157,452,0.5606130474954673,0.643312101910828
week5-m3-f10-seed17,M3,17,I,quarter,Q4,609,0.35903781358338216,16,Permanent crops,63,546,0.257677320133685,0.047619047619047616
week5-m3-f10-seed17,M3,17,I,quarter,Q4,609,0.35903781358338216,17,"Transitional woodland, shrub",64,545,0.13965265721967646,0.203125
week5-m3-f10-seed17,M3,17,I,quarter,Q4,609,0.35903781358338216,18,Urban fabric,199,410,0.6664600342792433,0.5276381909547738
week5-m3-f10-seed17,M3,17,I,country,Austria,752,0.3613664121755773,0,Agro-forestry areas,0,752,,
week5-m3-f10-seed17,M3,17,I,country,Austria,752,0.3613664121755773,1,Arable land,499,253,0.9052417625501301,0.8897795591182365
week5-m3-f10-seed17,M3,17,I,country,Austria,752,0.3613664121755773,2,"Beaches, dunes, sands",0,752,,
week5-m3-f10-seed17,M3,17,I,country,Austria,752,0.3613664121755773,3,Broad-leaved forest,424,328,0.7469586389042803,0.6886792452830188
week5-m3-f10-seed17,M3,17,I,country,Austria,752,0.3613664121755773,4,Coastal wetlands,0,752,,
week5-m3-f10-seed17,M3,17,I,country,Austria,752,0.3613664121755773,5,Complex cultivation patterns,288,464,0.504143619888975,0.8888888888888888
week5-m3-f10-seed17,M3,17,I,country,Austria,752,0.3613664121755773,6,Coniferous forest,136,616,0.6111549641703781,0.6691176470588235
week5-m3-f10-seed17,M3,17,I,country,Austria,752,0.3613664121755773,7,Industrial or commercial units,16,736,0.2238179520704007,0.375
week5-m3-f10-seed17,M3,17,I,country,Austria,752,0.3613664121755773,8,Inland waters,52,700,0.11634871124907614,0.21153846153846154
week5-m3-f10-seed17,M3,17,I,country,Austria,752,0.3613664121755773,9,Inland wetlands,36,716,0.08050133191785641,0.027777777777777776
week5-m3-f10-seed17,M3,17,I,country,Austria,752,0.3613664121755773,10,"Land principally occupied by agriculture, with significant areas of natural vegetation",193,559,0.29191647813190247,0.6113989637305699
week5-m3-f10-seed17,M3,17,I,country,Austria,752,0.3613664121755773,11,Marine waters,0,752,,
week5-m3-f10-seed17,M3,17,I,country,Austria,752,0.3613664121755773,12,Mixed forest,311,441,0.5120085958523071,0.5401929260450161
week5-m3-f10-seed17,M3,17,I,country,Austria,752,0.3613664121755773,13,"Moors, heathland and sclerophyllous vegetation",2,750,0.004953152449736483,0.0
week5-m3-f10-seed17,M3,17,I,country,Austria,752,0.3613664121755773,14,Natural grassland and sparsely vegetated areas,30,722,0.1351352802435282,0.03333333333333333
week5-m3-f10-seed17,M3,17,I,country,Austria,752,0.3613664121755773,15,Pastures,171,581,0.4242436122717555,0.7076023391812866
week5-m3-f10-seed17,M3,17,I,country,Austria,752,0.3613664121755773,16,Permanent crops,108,644,0.19303559064912118,0.0
week5-m3-f10-seed17,M3,17,I,country,Austria,752,0.3613664121755773,17,"Transitional woodland, shrub",42,710,0.06486752594655984,0.2857142857142857
week5-m3-f10-seed17,M3,17,I,country,Austria,752,0.3613664121755773,18,Urban fabric,235,517,0.6061689663376516,0.7063829787234043
week5-m3-f10-seed17,M3,17,I,country,Belgium,376,0.3890268601877721,0,Agro-forestry areas,0,376,,
week5-m3-f10-seed17,M3,17,I,country,Belgium,376,0.3890268601877721,1,Arable land,12,364,0.06513838295974886,0.5833333333333334
week5-m3-f10-seed17,M3,17,I,country,Belgium,376,0.3890268601877721,2,"Beaches, dunes, sands",0,376,,
week5-m3-f10-seed17,M3,17,I,country,Belgium,376,0.3890268601877721,3,Broad-leaved forest,94,282,0.29330072617699643,0.6382978723404256
week5-m3-f10-seed17,M3,17,I,country,Belgium,376,0.3890268601877721,4,Coastal wetlands,0,376,,
week5-m3-f10-seed17,M3,17,I,country,Belgium,376,0.3890268601877721,5,Complex cultivation patterns,74,302,0.295511568498439,0.8648648648648649
week5-m3-f10-seed17,M3,17,I,country,Belgium,376,0.3890268601877721,6,Coniferous forest,184,192,0.8216522290858641,0.907608695652174
week5-m3-f10-seed17,M3,17,I,country,Belgium,376,0.3890268601877721,7,Industrial or commercial units,26,350,0.4166959475488048,0.19230769230769232
week5-m3-f10-seed17,M3,17,I,country,Belgium,376,0.3890268601877721,8,Inland waters,9,367,0.6189688296500984,0.3333333333333333
week5-m3-f10-seed17,M3,17,I,country,Belgium,376,0.3890268601877721,9,Inland wetlands,52,324,0.13357511170203096,0.0
week5-m3-f10-seed17,M3,17,I,country,Belgium,376,0.3890268601877721,10,"Land principally occupied by agriculture, with significant areas of natural vegetation",79,297,0.23260130745441296,0.620253164556962
week5-m3-f10-seed17,M3,17,I,country,Belgium,376,0.3890268601877721,11,Marine waters,0,376,,
week5-m3-f10-seed17,M3,17,I,country,Belgium,376,0.3890268601877721,12,Mixed forest,198,178,0.6493462368792924,0.898989898989899
week5-m3-f10-seed17,M3,17,I,country,Belgium,376,0.3890268601877721,13,"Moors, heathland and sclerophyllous vegetation",22,354,0.08730460655347777,0.045454545454545456
week5-m3-f10-seed17,M3,17,I,country,Belgium,376,0.3890268601877721,14,Natural grassland and sparsely vegetated areas,5,371,0.02935636415619685,0.0
week5-m3-f10-seed17,M3,17,I,country,Belgium,376,0.3890268601877721,15,Pastures,239,137,0.7784198909301839,0.8242677824267782
week5-m3-f10-seed17,M3,17,I,country,Belgium,376,0.3890268601877721,16,Permanent crops,0,376,,
week5-m3-f10-seed17,M3,17,I,country,Belgium,376,0.3890268601877721,17,"Transitional woodland, shrub",71,305,0.1950895761632573,0.14084507042253522
week5-m3-f10-seed17,M3,17,I,country,Belgium,376,0.3890268601877721,18,Urban fabric,196,180,0.8294152648700057,0.5612244897959183
week5-m3-f10-seed17,M3,17,I,country,Ireland,744,0.2973604573874568,0,Agro-forestry areas,0,744,,
week5-m3-f10-seed17,M3,17,I,country,Ireland,744,0.2973604573874568,1,Arable land,19,725,0.0951959256186456,0.8421052631578947
week5-m3-f10-seed17,M3,17,I,country,Ireland,744,0.2973604573874568,2,"Beaches, dunes, sands",4,740,0.08850949252194798,0.0
week5-m3-f10-seed17,M3,17,I,country,Ireland,744,0.2973604573874568,3,Broad-leaved forest,2,742,0.007601621679291582,1.0
week5-m3-f10-seed17,M3,17,I,country,Ireland,744,0.2973604573874568,4,Coastal wetlands,1,743,0.002544529262086514,0.0
week5-m3-f10-seed17,M3,17,I,country,Ireland,744,0.2973604573874568,5,Complex cultivation patterns,11,733,0.053238578491706656,0.45454545454545453
week5-m3-f10-seed17,M3,17,I,country,Ireland,744,0.2973604573874568,6,Coniferous forest,70,674,0.4746728976161416,0.21428571428571427
week5-m3-f10-seed17,M3,17,I,country,Ireland,744,0.2973604573874568,7,Industrial or commercial units,8,736,0.1556942969284326,0.25
week5-m3-f10-seed17,M3,17,I,country,Ireland,744,0.2973604573874568,8,Inland waters,23,721,0.3383635556010311,0.6086956521739131
week5-m3-f10-seed17,M3,17,I,country,Ireland,744,0.2973604573874568,9,Inland wetlands,134,610,0.15167237453780671,0.022388059701492536
week5-m3-f10-seed17,M3,17,I,country,Ireland,744,0.2973604573874568,10,"Land principally occupied by agriculture, with significant areas of natural vegetation",171,573,0.33023638437512914,0.18128654970760233
week5-m3-f10-seed17,M3,17,I,country,Ireland,744,0.2973604573874568,11,Marine waters,258,486,0.9722859634067877,0.8837209302325582
week5-m3-f10-seed17,M3,17,I,country,Ireland,744,0.2973604573874568,12,Mixed forest,25,719,0.09674066250017756,0.44
week5-m3-f10-seed17,M3,17,I,country,Ireland,744,0.2973604573874568,13,"Moors, heathland and sclerophyllous vegetation",76,668,0.10968704249552982,0.0
week5-m3-f10-seed17,M3,17,I,country,Ireland,744,0.2973604573874568,14,Natural grassland and sparsely vegetated areas,28,716,0.12159344664012554,0.0
week5-m3-f10-seed17,M3,17,I,country,Ireland,744,0.2973604573874568,15,Pastures,474,270,0.9727249914625916,0.7236286919831224
week5-m3-f10-seed17,M3,17,I,country,Ireland,744,0.2973604573874568,16,Permanent crops,0,744,,
week5-m3-f10-seed17,M3,17,I,country,Ireland,744,0.2973604573874568,17,"Transitional woodland, shrub",47,697,0.12734406131864714,0.10638297872340426
week5-m3-f10-seed17,M3,17,I,country,Ireland,744,0.2973604573874568,18,Urban fabric,55,689,0.4533550581398075,0.2545454545454545
week5-m3-f10-seed17,M3,17,I,country,Lithuania,752,0.4268902590000271,0,Agro-forestry areas,0,752,,
week5-m3-f10-seed17,M3,17,I,country,Lithuania,752,0.4268902590000271,1,Arable land,174,578,0.6665047688720671,0.6724137931034483
week5-m3-f10-seed17,M3,17,I,country,Lithuania,752,0.4268902590000271,2,"Beaches, dunes, sands",20,732,0.023526992640538025,0.0
week5-m3-f10-seed17,M3,17,I,country,Lithuania,752,0.4268902590000271,3,Broad-leaved forest,156,596,0.34934440897258184,0.6923076923076923
week5-m3-f10-seed17,M3,17,I,country,Lithuania,752,0.4268902590000271,4,Coastal wetlands,0,752,,
week5-m3-f10-seed17,M3,17,I,country,Lithuania,752,0.4268902590000271,5,Complex cultivation patterns,199,553,0.6633148261574046,0.7085427135678392
week5-m3-f10-seed17,M3,17,I,country,Lithuania,752,0.4268902590000271,6,Coniferous forest,179,573,0.777524877655716,0.8547486033519553
week5-m3-f10-seed17,M3,17,I,country,Lithuania,752,0.4268902590000271,7,Industrial or commercial units,11,741,0.2640550746265797,0.18181818181818182
week5-m3-f10-seed17,M3,17,I,country,Lithuania,752,0.4268902590000271,8,Inland waters,109,643,0.441822999269443,0.43119266055045874
week5-m3-f10-seed17,M3,17,I,country,Lithuania,752,0.4268902590000271,9,Inland wetlands,33,719,0.08572321591628333,0.0
week5-m3-f10-seed17,M3,17,I,country,Lithuania,752,0.4268902590000271,10,"Land principally occupied by agriculture, with significant areas of natural vegetation",216,536,0.5648639093434895,0.6805555555555556
week5-m3-f10-seed17,M3,17,I,country,Lithuania,752,0.4268902590000271,11,Marine waters,359,393,0.9888634371091252,0.8495821727019499
week5-m3-f10-seed17,M3,17,I,country,Lithuania,752,0.4268902590000271,12,Mixed forest,248,504,0.7365488459934721,0.7298387096774194
week5-m3-f10-seed17,M3,17,I,country,Lithuania,752,0.4268902590000271,13,"Moors, heathland and sclerophyllous vegetation",7,745,0.008378029009234232,0.0
week5-m3-f10-seed17,M3,17,I,country,Lithuania,752,0.4268902590000271,14,Natural grassland and sparsely vegetated areas,4,748,0.007626604615428038,0.0
week5-m3-f10-seed17,M3,17,I,country,Lithuania,752,0.4268902590000271,15,Pastures,180,572,0.5684020031996583,0.5555555555555556
week5-m3-f10-seed17,M3,17,I,country,Lithuania,752,0.4268902590000271,16,Permanent crops,3,749,0.008450538918714022,0.0
week5-m3-f10-seed17,M3,17,I,country,Lithuania,752,0.4268902590000271,17,"Transitional woodland, shrub",126,626,0.31619526060573766,0.49206349206349204
week5-m3-f10-seed17,M3,17,I,country,Lithuania,752,0.4268902590000271,18,Urban fabric,48,704,0.382625343735499,0.3125
week5-m3-f10-seed17,M3,17,I,country,Serbia,376,0.30716995874527014,0,Agro-forestry areas,0,376,,
week5-m3-f10-seed17,M3,17,I,country,Serbia,376,0.30716995874527014,1,Arable land,332,44,0.9625813655331595,0.9759036144578314
week5-m3-f10-seed17,M3,17,I,country,Serbia,376,0.30716995874527014,2,"Beaches, dunes, sands",0,376,,
week5-m3-f10-seed17,M3,17,I,country,Serbia,376,0.30716995874527014,3,Broad-leaved forest,42,334,0.42000531289424986,0.6190476190476191
week5-m3-f10-seed17,M3,17,I,country,Serbia,376,0.30716995874527014,4,Coastal wetlands,0,376,,
week5-m3-f10-seed17,M3,17,I,country,Serbia,376,0.30716995874527014,5,Complex cultivation patterns,93,283,0.3988749484638663,0.5053763440860215
week5-m3-f10-seed17,M3,17,I,country,Serbia,376,0.30716995874527014,6,Coniferous forest,11,365,0.17318929725647147,0.18181818181818182
week5-m3-f10-seed17,M3,17,I,country,Serbia,376,0.30716995874527014,7,Industrial or commercial units,26,350,0.13934868814517148,0.038461538461538464
week5-m3-f10-seed17,M3,17,I,country,Serbia,376,0.30716995874527014,8,Inland waters,15,361,0.2109023686310115,0.06666666666666667
week5-m3-f10-seed17,M3,17,I,country,Serbia,376,0.30716995874527014,9,Inland wetlands,18,358,0.04303802665599171,0.0
week5-m3-f10-seed17,M3,17,I,country,Serbia,376,0.30716995874527014,10,"Land principally occupied by agriculture, with significant areas of natural vegetation",35,341,0.21207871264452915,0.5142857142857142
week5-m3-f10-seed17,M3,17,I,country,Serbia,376,0.30716995874527014,11,Marine waters,0,376,,
week5-m3-f10-seed17,M3,17,I,country,Serbia,376,0.30716995874527014,12,Mixed forest,30,346,0.2189945008492426,0.16666666666666666
week5-m3-f10-seed17,M3,17,I,country,Serbia,376,0.30716995874527014,13,"Moors, heathland and sclerophyllous vegetation",0,376,,
week5-m3-f10-seed17,M3,17,I,country,Serbia,376,0.30716995874527014,14,Natural grassland and sparsely vegetated areas,3,373,0.01813175536769583,0.0
week5-m3-f10-seed17,M3,17,I,country,Serbia,376,0.30716995874527014,15,Pastures,36,340,0.18999537865464478,0.1111111111111111
week5-m3-f10-seed17,M3,17,I,country,Serbia,376,0.30716995874527014,16,Permanent crops,40,336,0.24116112239407492,0.075
week5-m3-f10-seed17,M3,17,I,country,Serbia,376,0.30716995874527014,17,"Transitional woodland, shrub",40,336,0.4016068932291958,0.3
week5-m3-f10-seed17,M3,17,I,country,Serbia,376,0.30716995874527014,18,Urban fabric,79,297,0.6704710517144764,0.7088607594936709
week5-m3-f10-seed17,M3,17,I,source_distance,Q1,1118,0.39746853107801866,0,Agro-forestry areas,0,1118,,
week5-m3-f10-seed17,M3,17,I,source_distance,Q1,1118,0.39746853107801866,1,Arable land,195,923,0.636970334214163,0.8358974358974359
week5-m3-f10-seed17,M3,17,I,source_distance,Q1,1118,0.39746853107801866,2,"Beaches, dunes, sands",4,1114,0.014536230053471433,0.0
week5-m3-f10-seed17,M3,17,I,source_distance,Q1,1118,0.39746853107801866,3,Broad-leaved forest,81,1037,0.19815839249098155,0.6296296296296297
week5-m3-f10-seed17,M3,17,I,source_distance,Q1,1118,0.39746853107801866,4,Coastal wetlands,0,1118,,
week5-m3-f10-seed17,M3,17,I,source_distance,Q1,1118,0.39746853107801866,5,Complex cultivation patterns,78,1040,0.22363353797371155,0.3974358974358974
week5-m3-f10-seed17,M3,17,I,source_distance,Q1,1118,0.39746853107801866,6,Coniferous forest,156,962,0.8384034917076679,0.8205128205128205
week5-m3-f10-seed17,M3,17,I,source_distance,Q1,1118,0.39746853107801866,7,Industrial or commercial units,15,1103,0.26999278562246565,0.26666666666666666
week5-m3-f10-seed17,M3,17,I,source_distance,Q1,1118,0.39746853107801866,8,Inland waters,43,1075,0.2879037713591535,0.20930232558139536
week5-m3-f10-seed17,M3,17,I,source_distance,Q1,1118,0.39746853107801866,9,Inland wetlands,69,1049,0.06963679828832937,0.014492753623188406
week5-m3-f10-seed17,M3,17,I,source_distance,Q1,1118,0.39746853107801866,10,"Land principally occupied by agriculture, with significant areas of natural vegetation",144,974,0.24544402096935192,0.2569444444444444
week5-m3-f10-seed17,M3,17,I,source_distance,Q1,1118,0.39746853107801866,11,Marine waters,485,633,0.9988066264176197,0.9896907216494846
week5-m3-f10-seed17,M3,17,I,source_distance,Q1,1118,0.39746853107801866,12,Mixed forest,149,969,0.6802302189267307,0.7919463087248322
week5-m3-f10-seed17,M3,17,I,source_distance,Q1,1118,0.39746853107801866,13,"Moors, heathland and sclerophyllous vegetation",26,1092,0.08976565006919192,0.038461538461538464
week5-m3-f10-seed17,M3,17,I,source_distance,Q1,1118,0.39746853107801866,14,Natural grassland and sparsely vegetated areas,10,1108,0.03402576859517116,0.0
week5-m3-f10-seed17,M3,17,I,source_distance,Q1,1118,0.39746853107801866,15,Pastures,326,792,0.7967485898651983,0.7515337423312883
week5-m3-f10-seed17,M3,17,I,source_distance,Q1,1118,0.39746853107801866,16,Permanent crops,15,1103,0.34496873482993473,0.06666666666666667
week5-m3-f10-seed17,M3,17,I,source_distance,Q1,1118,0.39746853107801866,17,"Transitional woodland, shrub",79,1039,0.23377485902710224,0.31645569620253167
week5-m3-f10-seed17,M3,17,I,source_distance,Q1,1118,0.39746853107801866,18,Urban fabric,71,1047,0.41103291689152505,0.2676056338028169
week5-m3-f10-seed17,M3,17,I,source_distance,Q2,710,0.4093323650882932,0,Agro-forestry areas,0,710,,
week5-m3-f10-seed17,M3,17,I,source_distance,Q2,710,0.4093323650882932,1,Arable land,237,473,0.799419143318886,0.8481012658227848
week5-m3-f10-seed17,M3,17,I,source_distance,Q2,710,0.4093323650882932,2,"Beaches, dunes, sands",4,706,0.015761917157856246,0.0
week5-m3-f10-seed17,M3,17,I,source_distance,Q2,710,0.4093323650882932,3,Broad-leaved forest,198,512,0.3018717415708525,0.6616161616161617
week5-m3-f10-seed17,M3,17,I,source_distance,Q2,710,0.4093323650882932,4,Coastal wetlands,0,710,,
week5-m3-f10-seed17,M3,17,I,source_distance,Q2,710,0.4093323650882932,5,Complex cultivation patterns,179,531,0.4093800411024028,0.7821229050279329
week5-m3-f10-seed17,M3,17,I,source_distance,Q2,710,0.4093323650882932,6,Coniferous forest,181,529,0.7271735207334128,0.7845303867403315
week5-m3-f10-seed17,M3,17,I,source_distance,Q2,710,0.4093323650882932,7,Industrial or commercial units,28,682,0.23621554567816797,0.25
week5-m3-f10-seed17,M3,17,I,source_distance,Q2,710,0.4093323650882932,8,Inland waters,51,659,0.35029061737109296,0.3137254901960784
week5-m3-f10-seed17,M3,17,I,source_distance,Q2,710,0.4093323650882932,9,Inland wetlands,82,628,0.10397998184237904,0.0
week5-m3-f10-seed17,M3,17,I,source_distance,Q2,710,0.4093323650882932,10,"Land principally occupied by agriculture, with significant areas of natural vegetation",215,495,0.3768802652142336,0.5581395348837209
week5-m3-f10-seed17,M3,17,I,source_distance,Q2,710,0.4093323650882932,11,Marine waters,66,644,0.9198588742958224,0.6818181818181818
week5-m3-f10-seed17,M3,17,I,source_distance,Q2,710,0.4093323650882932,12,Mixed forest,235,475,0.5641833238350921,0.7531914893617021
week5-m3-f10-seed17,M3,17,I,source_distance,Q2,710,0.4093323650882932,13,"Moors, heathland and sclerophyllous vegetation",37,673,0.05963383137772792,0.0
week5-m3-f10-seed17,M3,17,I,source_distance,Q2,710,0.4093323650882932,14,Natural grassland and sparsely vegetated areas,21,689,0.05254424512293398,0.0
week5-m3-f10-seed17,M3,17,I,source_distance,Q2,710,0.4093323650882932,15,Pastures,324,386,0.7260795902652686,0.6790123456790124
week5-m3-f10-seed17,M3,17,I,source_distance,Q2,710,0.4093323650882932,16,Permanent crops,34,676,0.12373640241304557,0.029411764705882353
week5-m3-f10-seed17,M3,17,I,source_distance,Q2,710,0.4093323650882932,17,"Transitional woodland, shrub",90,620,0.1985010365377733,0.28888888888888886
week5-m3-f10-seed17,M3,17,I,source_distance,Q2,710,0.4093323650882932,18,Urban fabric,167,543,0.5995696807336,0.5568862275449101
week5-m3-f10-seed17,M3,17,I,source_distance,Q3,571,0.3870231401917318,0,Agro-forestry areas,0,571,,
week5-m3-f10-seed17,M3,17,I,source_distance,Q3,571,0.3870231401917318,1,Arable land,276,295,0.821878035484021,0.8731884057971014
week5-m3-f10-seed17,M3,17,I,source_distance,Q3,571,0.3870231401917318,2,"Beaches, dunes, sands",4,567,0.06735452245414295,0.0
week5-m3-f10-seed17,M3,17,I,source_distance,Q3,571,0.3870231401917318,3,Broad-leaved forest,167,404,0.32973156355821537,0.6646706586826348
week5-m3-f10-seed17,M3,17,I,source_distance,Q3,571,0.3870231401917318,4,Coastal wetlands,0,571,,
week5-m3-f10-seed17,M3,17,I,source_distance,Q3,571,0.3870231401917318,5,Complex cultivation patterns,194,377,0.4577503809468506,0.8247422680412371
week5-m3-f10-seed17,M3,17,I,source_distance,Q3,571,0.3870231401917318,6,Coniferous forest,117,454,0.498839017257251,0.6666666666666666
week5-m3-f10-seed17,M3,17,I,source_distance,Q3,571,0.3870231401917318,7,Industrial or commercial units,20,551,0.15954198171753814,0.1
week5-m3-f10-seed17,M3,17,I,source_distance,Q3,571,0.3870231401917318,8,Inland waters,49,522,0.33616368933236745,0.46938775510204084
week5-m3-f10-seed17,M3,17,I,source_distance,Q3,571,0.3870231401917318,9,Inland wetlands,56,515,0.13513735616631636,0.03571428571428571
week5-m3-f10-seed17,M3,17,I,source_distance,Q3,571,0.3870231401917318,10,"Land principally occupied by agriculture, with significant areas of natural vegetation",169,402,0.37228736364801124,0.6331360946745562
week5-m3-f10-seed17,M3,17,I,source_distance,Q3,571,0.3870231401917318,11,Marine waters,33,538,0.6803382041803478,0.15151515151515152
week5-m3-f10-seed17,M3,17,I,source_distance,Q3,571,0.3870231401917318,12,Mixed forest,194,377,0.5397951414765645,0.6494845360824743
week5-m3-f10-seed17,M3,17,I,source_distance,Q3,571,0.3870231401917318,13,"Moors, heathland and sclerophyllous vegetation",23,548,0.06785383033273053,0.0
week5-m3-f10-seed17,M3,17,I,source_distance,Q3,571,0.3870231401917318,14,Natural grassland and sparsely vegetated areas,23,548,0.06206954925042339,0.0
week5-m3-f10-seed17,M3,17,I,source_distance,Q3,571,0.3870231401917318,15,Pastures,233,338,0.6385504548823072,0.6351931330472103
week5-m3-f10-seed17,M3,17,I,source_distance,Q3,571,0.3870231401917318,16,Permanent crops,42,529,0.19882021986382667,0.023809523809523808
week5-m3-f10-seed17,M3,17,I,source_distance,Q3,571,0.3870231401917318,17,"Transitional woodland, shrub",83,488,0.19986109393750232,0.3493975903614458
week5-m3-f10-seed17,M3,17,I,source_distance,Q3,571,0.3870231401917318,18,Urban fabric,180,391,0.6937523610334342,0.6833333333333333
week5-m3-f10-seed17,M3,17,I,source_distance,Q4,601,0.3559005370351937,0,Agro-forestry areas,0,601,,
week5-m3-f10-seed17,M3,17,I,source_distance,Q4,601,0.3559005370351937,1,Arable land,328,273,0.8088731070293537,0.9237804878048781
week5-m3-f10-seed17,M3,17,I,source_distance,Q4,601,0.3559005370351937,2,"Beaches, dunes, sands",12,589,0.10435334156348046,0.0
week5-m3-f10-seed17,M3,17,I,source_distance,Q4,601,0.3559005370351937,3,Broad-leaved forest,272,329,0.5767498406127497,0.7169117647058824
week5-m3-f10-seed17,M3,17,I,source_distance,Q4,601,0.3559005370351937,4,Coastal wetlands,1,600,0.004310344827586207,0.0
week5-m3-f10-seed17,M3,17,I,source_distance,Q4,601,0.3559005370351937,5,Complex cultivation patterns,214,387,0.4728323056823005,0.8504672897196262
week5-m3-f10-seed17,M3,17,I,source_distance,Q4,601,0.3559005370351937,6,Coniferous forest,126,475,0.44867143188899583,0.6349206349206349
week5-m3-f10-seed17,M3,17,I,source_distance,Q4,601,0.3559005370351937,7,Industrial or commercial units,24,577,0.12992378221556203,0.125
week5-m3-f10-seed17,M3,17,I,source_distance,Q4,601,0.3559005370351937,8,Inland waters,65,536,0.2747726078086439,0.4307692307692308
week5-m3-f10-seed17,M3,17,I,source_distance,Q4,601,0.3559005370351937,9,Inland wetlands,66,535,0.09833590987371546,0.015151515151515152
week5-m3-f10-seed17,M3,17,I,source_distance,Q4,601,0.3559005370351937,10,"Land principally occupied by agriculture, with significant areas of natural vegetation",166,435,0.3181044267869876,0.5963855421686747
week5-m3-f10-seed17,M3,17,I,source_distance,Q4,601,0.3559005370351937,11,Marine waters,33,568,0.5348863575561558,0.09090909090909091
week5-m3-f10-seed17,M3,17,I,source_distance,Q4,601,0.3559005370351937,12,Mixed forest,234,367,0.5258761069656327,0.5213675213675214
week5-m3-f10-seed17,M3,17,I,source_distance,Q4,601,0.3559005370351937,13,"Moors, heathland and sclerophyllous vegetation",21,580,0.05003429851295486,0.0
week5-m3-f10-seed17,M3,17,I,source_distance,Q4,601,0.3559005370351937,14,Natural grassland and sparsely vegetated areas,16,585,0.04140462390370841,0.0625
week5-m3-f10-seed17,M3,17,I,source_distance,Q4,601,0.3559005370351937,15,Pastures,217,384,0.5807954325095355,0.7004608294930875
week5-m3-f10-seed17,M3,17,I,source_distance,Q4,601,0.3559005370351937,16,Permanent crops,60,541,0.14784427561078112,0.0
week5-m3-f10-seed17,M3,17,I,source_distance,Q4,601,0.3559005370351937,17,"Transitional woodland, shrub",74,527,0.12192960133017627,0.28378378378378377
week5-m3-f10-seed17,M3,17,I,source_distance,Q4,601,0.3559005370351937,18,Urban fabric,195,406,0.563374484275846,0.6461538461538462
week5-m3-f10-seed17,M3,17,Finland,label_count,1,970,0.5150229183746668,0,Agro-forestry areas,0,970,,
week5-m3-f10-seed17,M3,17,Finland,label_count,1,970,0.5150229183746668,1,Arable land,1,969,1.0,1.0
week5-m3-f10-seed17,M3,17,Finland,label_count,1,970,0.5150229183746668,2,"Beaches, dunes, sands",0,970,,
week5-m3-f10-seed17,M3,17,Finland,label_count,1,970,0.5150229183746668,3,Broad-leaved forest,0,970,,
week5-m3-f10-seed17,M3,17,Finland,label_count,1,970,0.5150229183746668,4,Coastal wetlands,0,970,,
week5-m3-f10-seed17,M3,17,Finland,label_count,1,970,0.5150229183746668,5,Complex cultivation patterns,0,970,,
week5-m3-f10-seed17,M3,17,Finland,label_count,1,970,0.5150229183746668,6,Coniferous forest,160,810,0.9531406436561001,0.5
week5-m3-f10-seed17,M3,17,Finland,label_count,1,970,0.5150229183746668,7,Industrial or commercial units,0,970,,
week5-m3-f10-seed17,M3,17,Finland,label_count,1,970,0.5150229183746668,8,Inland waters,51,919,0.07240352705100776,0.0392156862745098
week5-m3-f10-seed17,M3,17,Finland,label_count,1,970,0.5150229183746668,9,Inland wetlands,0,970,,
week5-m3-f10-seed17,M3,17,Finland,label_count,1,970,0.5150229183746668,10,"Land principally occupied by agriculture, with significant areas of natural vegetation",0,970,,
week5-m3-f10-seed17,M3,17,Finland,label_count,1,970,0.5150229183746668,11,Marine waters,752,218,0.9330475232049296,0.6928191489361702
week5-m3-f10-seed17,M3,17,Finland,label_count,1,970,0.5150229183746668,12,Mixed forest,5,965,0.06011724490739199,0.8
week5-m3-f10-seed17,M3,17,Finland,label_count,1,970,0.5150229183746668,13,"Moors, heathland and sclerophyllous vegetation",0,970,,
week5-m3-f10-seed17,M3,17,Finland,label_count,1,970,0.5150229183746668,14,Natural grassland and sparsely vegetated areas,0,970,,
week5-m3-f10-seed17,M3,17,Finland,label_count,1,970,0.5150229183746668,15,Pastures,0,970,,
week5-m3-f10-seed17,M3,17,Finland,label_count,1,970,0.5150229183746668,16,Permanent crops,0,970,,
week5-m3-f10-seed17,M3,17,Finland,label_count,1,970,0.5150229183746668,17,"Transitional woodland, shrub",0,970,,
week5-m3-f10-seed17,M3,17,Finland,label_count,1,970,0.5150229183746668,18,Urban fabric,1,969,0.07142857142857142,0.0
week5-m3-f10-seed17,M3,17,Finland,label_count,2,933,0.25934852900989,0,Agro-forestry areas,0,933,,
week5-m3-f10-seed17,M3,17,Finland,label_count,2,933,0.25934852900989,1,Arable land,24,909,0.1422945272152882,0.7083333333333334
week5-m3-f10-seed17,M3,17,Finland,label_count,2,933,0.25934852900989,2,"Beaches, dunes, sands",1,932,0.01694915254237288,0.0
week5-m3-f10-seed17,M3,17,Finland,label_count,2,933,0.25934852900989,3,Broad-leaved forest,13,920,0.010743821333492708,0.38461538461538464
week5-m3-f10-seed17,M3,17,Finland,label_count,2,933,0.25934852900989,4,Coastal wetlands,1,932,0.001394700139470014,0.0
week5-m3-f10-seed17,M3,17,Finland,label_count,2,933,0.25934852900989,5,Complex cultivation patterns,2,931,0.009886430478258903,1.0
week5-m3-f10-seed17,M3,17,Finland,label_count,2,933,0.25934852900989,6,Coniferous forest,756,177,0.881463526957686,0.41005291005291006
week5-m3-f10-seed17,M3,17,Finland,label_count,2,933,0.25934852900989,7,Industrial or commercial units,2,931,0.021876271876271877,0.0
week5-m3-f10-seed17,M3,17,Finland,label_count,2,933,0.25934852900989,8,Inland waters,146,787,0.4870503590101327,0.3424657534246575
week5-m3-f10-seed17,M3,17,Finland,label_count,2,933,0.25934852900989,9,Inland wetlands,124,809,0.30894504414309204,0.08870967741935484
week5-m3-f10-seed17,M3,17,Finland,label_count,2,933,0.25934852900989,10,"Land principally occupied by agriculture, with significant areas of natural vegetation",21,912,0.04180746669404536,0.5714285714285714
week5-m3-f10-seed17,M3,17,Finland,label_count,2,933,0.25934852900989,11,Marine waters,70,863,0.5693111341046702,0.44285714285714284
week5-m3-f10-seed17,M3,17,Finland,label_count,2,933,0.25934852900989,12,Mixed forest,381,552,0.42437882501352087,0.48293963254593175
week5-m3-f10-seed17,M3,17,Finland,label_count,2,933,0.25934852900989,13,"Moors, heathland and sclerophyllous vegetation",3,930,0.006858574736544939,0.0
week5-m3-f10-seed17,M3,17,Finland,label_count,2,933,0.25934852900989,14,Natural grassland and sparsely vegetated areas,0,933,,
week5-m3-f10-seed17,M3,17,Finland,label_count,2,933,0.25934852900989,15,Pastures,0,933,,
week5-m3-f10-seed17,M3,17,Finland,label_count,2,933,0.25934852900989,16,Permanent crops,0,933,,
week5-m3-f10-seed17,M3,17,Finland,label_count,2,933,0.25934852900989,17,"Transitional woodland, shrub",316,617,0.3669729889702752,0.3860759493670886
week5-m3-f10-seed17,M3,17,Finland,label_count,2,933,0.25934852900989,18,Urban fabric,6,927,0.09994190659529155,0.3333333333333333
week5-m3-f10-seed17,M3,17,Finland,label_count,3,1161,0.29197078652471425,0,Agro-forestry areas,0,1161,,
week5-m3-f10-seed17,M3,17,Finland,label_count,3,1161,0.29197078652471425,1,Arable land,125,1036,0.30316966031507586,0.712
week5-m3-f10-seed17,M3,17,Finland,label_count,3,1161,0.29197078652471425,2,"Beaches, dunes, sands",0,1161,,
week5-m3-f10-seed17,M3,17,Finland,label_count,3,1161,0.29197078652471425,3,Broad-leaved forest,55,1106,0.07197401899327108,0.8545454545454545
week5-m3-f10-seed17,M3,17,Finland,label_count,3,1161,0.29197078652471425,4,Coastal wetlands,0,1161,,
week5-m3-f10-seed17,M3,17,Finland,label_count,3,1161,0.29197078652471425,5,Complex cultivation patterns,5,1156,0.0151492934450455,1.0
week5-m3-f10-seed17,M3,17,Finland,label_count,3,1161,0.29197078652471425,6,Coniferous forest,1016,145,0.8935565408776927,0.4242125984251969
week5-m3-f10-seed17,M3,17,Finland,label_count,3,1161,0.29197078652471425,7,Industrial or commercial units,11,1150,0.12322629665250098,0.2727272727272727
week5-m3-f10-seed17,M3,17,Finland,label_count,3,1161,0.29197078652471425,8,Inland waters,341,820,0.6306363717800342,0.31378299120234604
week5-m3-f10-seed17,M3,17,Finland,label_count,3,1161,0.29197078652471425,9,Inland wetlands,205,956,0.2241353458355656,0.07804878048780488
week5-m3-f10-seed17,M3,17,Finland,label_count,3,1161,0.29197078652471425,10,"Land principally occupied by agriculture, with significant areas of natural vegetation",135,1026,0.11755924494919413,0.6444444444444445
week5-m3-f10-seed17,M3,17,Finland,label_count,3,1161,0.29197078652471425,11,Marine waters,40,1121,0.22330343119907287,0.2
week5-m3-f10-seed17,M3,17,Finland,label_count,3,1161,0.29197078652471425,12,Mixed forest,861,300,0.7738933946738388,0.5609756097560976
week5-m3-f10-seed17,M3,17,Finland,label_count,3,1161,0.29197078652471425,13,"Moors, heathland and sclerophyllous vegetation",9,1152,0.01268322354189649,0.0
week5-m3-f10-seed17,M3,17,Finland,label_count,3,1161,0.29197078652471425,14,Natural grassland and sparsely vegetated areas,1,1160,0.0030864197530864196,0.0
week5-m3-f10-seed17,M3,17,Finland,label_count,3,1161,0.29197078652471425,15,Pastures,0,1161,,
week5-m3-f10-seed17,M3,17,Finland,label_count,3,1161,0.29197078652471425,16,Permanent crops,0,1161,,
week5-m3-f10-seed17,M3,17,Finland,label_count,3,1161,0.29197078652471425,17,"Transitional woodland, shrub",652,509,0.5619532715574476,0.39570552147239263
week5-m3-f10-seed17,M3,17,Finland,label_count,3,1161,0.29197078652471425,18,Urban fabric,27,1134,0.13326449777227753,0.37037037037037035
week5-m3-f10-seed17,M3,17,Finland,label_count,4+,936,0.3303838531501555,0,Agro-forestry areas,0,936,,
week5-m3-f10-seed17,M3,17,Finland,label_count,4+,936,0.3303838531501555,1,Arable land,307,629,0.5838040554943329,0.7263843648208469
week5-m3-f10-seed17,M3,17,Finland,label_count,4+,936,0.3303838531501555,2,"Beaches, dunes, sands",0,936,,
week5-m3-f10-seed17,M3,17,Finland,label_count,4+,936,0.3303838531501555,3,Broad-leaved forest,161,775,0.17312249497568402,0.7639751552795031
week5-m3-f10-seed17,M3,17,Finland,label_count,4+,936,0.3303838531501555,4,Coastal wetlands,9,927,0.03033395373455977,0.0
week5-m3-f10-seed17,M3,17,Finland,label_count,4+,936,0.3303838531501555,5,Complex cultivation patterns,14,922,0.027726022735753014,0.9285714285714286
week5-m3-f10-seed17,M3,17,Finland,label_count,4+,936,0.3303838531501555,6,Coniferous forest,844,92,0.9307852057446577,0.5130331753554502
week5-m3-f10-seed17,M3,17,Finland,label_count,4+,936,0.3303838531501555,7,Industrial or commercial units,19,917,0.061569914786218795,0.10526315789473684
week5-m3-f10-seed17,M3,17,Finland,label_count,4+,936,0.3303838531501555,8,Inland waters,447,489,0.7504787643802032,0.31096196868008946
week5-m3-f10-seed17,M3,17,Finland,label_count,4+,936,0.3303838531501555,9,Inland wetlands,201,735,0.26982161392556586,0.07462686567164178
week5-m3-f10-seed17,M3,17,Finland,label_count,4+,936,0.3303838531501555,10,"Land principally occupied by agriculture, with significant areas of natural vegetation",432,504,0.49685395240790775,0.7222222222222222
week5-m3-f10-seed17,M3,17,Finland,label_count,4+,936,0.3303838531501555,11,Marine waters,30,906,0.07147028354163273,0.0
week5-m3-f10-seed17,M3,17,Finland,label_count,4+,936,0.3303838531501555,12,Mixed forest,835,101,0.9167216581177396,0.644311377245509
week5-m3-f10-seed17,M3,17,Finland,label_count,4+,936,0.3303838531501555,13,"Moors, heathland and sclerophyllous vegetation",14,922,0.07415252694617966,0.21428571428571427
week5-m3-f10-seed17,M3,17,Finland,label_count,4+,936,0.3303838531501555,14,Natural grassland and sparsely vegetated areas,1,935,0.0013192612137203166,0.0
week5-m3-f10-seed17,M3,17,Finland,label_count,4+,936,0.3303838531501555,15,Pastures,3,933,0.007106895814175622,1.0
week5-m3-f10-seed17,M3,17,Finland,label_count,4+,936,0.3303838531501555,16,Permanent crops,1,935,0.013157894736842105,0.0
week5-m3-f10-seed17,M3,17,Finland,label_count,4+,936,0.3303838531501555,17,"Transitional woodland, shrub",606,330,0.6934408555131563,0.41914191419141916
week5-m3-f10-seed17,M3,17,Finland,label_count,4+,936,0.3303838531501555,18,Urban fabric,82,854,0.2146102500687179,0.43902439024390244
week5-m3-f10-seed17,M3,17,Finland,quarter,Q1,320,0.35543418902951024,0,Agro-forestry areas,0,320,,
week5-m3-f10-seed17,M3,17,Finland,quarter,Q1,320,0.35543418902951024,1,Arable land,20,300,0.125936265090307,0.0
week5-m3-f10-seed17,M3,17,Finland,quarter,Q1,320,0.35543418902951024,2,"Beaches, dunes, sands",0,320,,
week5-m3-f10-seed17,M3,17,Finland,quarter,Q1,320,0.35543418902951024,3,Broad-leaved forest,22,298,0.06634591621526281,0.7272727272727273
week5-m3-f10-seed17,M3,17,Finland,quarter,Q1,320,0.35543418902951024,4,Coastal wetlands,0,320,,
week5-m3-f10-seed17,M3,17,Finland,quarter,Q1,320,0.35543418902951024,5,Complex cultivation patterns,1,319,0.003367003367003367,0.0
week5-m3-f10-seed17,M3,17,Finland,quarter,Q1,320,0.35543418902951024,6,Coniferous forest,297,23,0.9380378630173561,0.026936026936026935
week5-m3-f10-seed17,M3,17,Finland,quarter,Q1,320,0.35543418902951024,7,Industrial or commercial units,0,320,,
week5-m3-f10-seed17,M3,17,Finland,quarter,Q1,320,0.35543418902951024,8,Inland waters,62,258,0.15976332006259716,0.0
week5-m3-f10-seed17,M3,17,Finland,quarter,Q1,320,0.35543418902951024,9,Inland wetlands,9,311,0.03238510500446269,0.0
week5-m3-f10-seed17,M3,17,Finland,quarter,Q1,320,0.35543418902951024,10,"Land principally occupied by agriculture, with significant areas of natural vegetation",43,277,0.15389420775241278,1.0
week5-m3-f10-seed17,M3,17,Finland,quarter,Q1,320,0.35543418902951024,11,Marine waters,14,306,0.805463591286762,0.7142857142857143
week5-m3-f10-seed17,M3,17,Finland,quarter,Q1,320,0.35543418902951024,12,Mixed forest,250,70,0.8534740338029408,0.004
week5-m3-f10-seed17,M3,17,Finland,quarter,Q1,320,0.35543418902951024,13,"Moors, heathland and sclerophyllous vegetation",0,320,,
week5-m3-f10-seed17,M3,17,Finland,quarter,Q1,320,0.35543418902951024,14,Natural grassland and sparsely vegetated areas,0,320,,
week5-m3-f10-seed17,M3,17,Finland,quarter,Q1,320,0.35543418902951024,15,Pastures,0,320,,
week5-m3-f10-seed17,M3,17,Finland,quarter,Q1,320,0.35543418902951024,16,Permanent crops,0,320,,
week5-m3-f10-seed17,M3,17,Finland,quarter,Q1,320,0.35543418902951024,17,"Transitional woodland, shrub",138,182,0.5883356644818104,0.8913043478260869
week5-m3-f10-seed17,M3,17,Finland,quarter,Q1,320,0.35543418902951024,18,Urban fabric,3,317,0.18277310924369747,0.0
week5-m3-f10-seed17,M3,17,Finland,quarter,Q2,1987,0.3033319413115449,0,Agro-forestry areas,0,1987,,
week5-m3-f10-seed17,M3,17,Finland,quarter,Q2,1987,0.3033319413115449,1,Arable land,284,1703,0.4690576007708331,0.7816901408450704
week5-m3-f10-seed17,M3,17,Finland,quarter,Q2,1987,0.3033319413115449,2,"Beaches, dunes, sands",0,1987,,
week5-m3-f10-seed17,M3,17,Finland,quarter,Q2,1987,0.3033319413115449,3,Broad-leaved forest,115,1872,0.05552801383889591,0.782608695652174
week5-m3-f10-seed17,M3,17,Finland,quarter,Q2,1987,0.3033319413115449,4,Coastal wetlands,6,1981,0.005698255595720014,0.0
week5-m3-f10-seed17,M3,17,Finland,quarter,Q2,1987,0.3033319413115449,5,Complex cultivation patterns,20,1967,0.026578319836464692,1.0
week5-m3-f10-seed17,M3,17,Finland,quarter,Q2,1987,0.3033319413115449,6,Coniferous forest,1225,762,0.8366565873354708,0.4073469387755102
week5-m3-f10-seed17,M3,17,Finland,quarter,Q2,1987,0.3033319413115449,7,Industrial or commercial units,24,1963,0.05317489632155046,0.16666666666666666
week5-m3-f10-seed17,M3,17,Finland,quarter,Q2,1987,0.3033319413115449,8,Inland waters,520,1467,0.5182447345097039,0.375
week5-m3-f10-seed17,M3,17,Finland,quarter,Q2,1987,0.3033319413115449,9,Inland wetlands,196,1791,0.06838245507995351,0.00510204081632653
week5-m3-f10-seed17,M3,17,Finland,quarter,Q2,1987,0.3033319413115449,10,"Land principally occupied by agriculture, with significant areas of natural vegetation",358,1629,0.2177084548677078,0.6284916201117319
week5-m3-f10-seed17,M3,17,Finland,quarter,Q2,1987,0.3033319413115449,11,Marine waters,525,1462,0.7660691657753984,0.5314285714285715
week5-m3-f10-seed17,M3,17,Finland,quarter,Q2,1987,0.3033319413115449,12,Mixed forest,1140,847,0.876556457681762,0.6236842105263158
week5-m3-f10-seed17,M3,17,Finland,quarter,Q2,1987,0.3033319413115449,13,"Moors, heathland and sclerophyllous vegetation",0,1987,,
week5-m3-f10-seed17,M3,17,Finland,quarter,Q2,1987,0.3033319413115449,14,Natural grassland and sparsely vegetated areas,1,1986,0.0007587253414264037,0.0
week5-m3-f10-seed17,M3,17,Finland,quarter,Q2,1987,0.3033319413115449,15,Pastures,2,1985,0.004354787627124608,1.0
week5-m3-f10-seed17,M3,17,Finland,quarter,Q2,1987,0.3033319413115449,16,Permanent crops,1,1986,0.0047169811320754715,0.0
week5-m3-f10-seed17,M3,17,Finland,quarter,Q2,1987,0.3033319413115449,17,"Transitional woodland, shrub",749,1238,0.49590777406525544,0.43658210947930576
week5-m3-f10-seed17,M3,17,Finland,quarter,Q2,1987,0.3033319413115449,18,Urban fabric,85,1902,0.15628416548955,0.47058823529411764
week5-m3-f10-seed17,M3,17,Finland,quarter,Q3,1441,0.35622686334751213,0,Agro-forestry areas,0,1441,,
week5-m3-f10-seed17,M3,17,Finland,quarter,Q3,1441,0.35622686334751213,1,Arable land,146,1295,0.3070038928479322,0.7397260273972602
week5-m3-f10-seed17,M3,17,Finland,quarter,Q3,1441,0.35622686334751213,2,"Beaches, dunes, sands",0,1441,,
week5-m3-f10-seed17,M3,17,Finland,quarter,Q3,1441,0.35622686334751213,3,Broad-leaved forest,79,1362,0.05450630782346644,0.7721518987341772
week5-m3-f10-seed17,M3,17,Finland,quarter,Q3,1441,0.35622686334751213,4,Coastal wetlands,4,1437,0.01868284911770642,0.0
week5-m3-f10-seed17,M3,17,Finland,quarter,Q3,1441,0.35622686334751213,5,Complex cultivation patterns,0,1441,,
week5-m3-f10-seed17,M3,17,Finland,quarter,Q3,1441,0.35622686334751213,6,Coniferous forest,1158,283,0.9541815162465224,0.6295336787564767
week5-m3-f10-seed17,M3,17,Finland,quarter,Q3,1441,0.35622686334751213,7,Industrial or commercial units,7,1434,0.2375157103279529,0.14285714285714285
week5-m3-f10-seed17,M3,17,Finland,quarter,Q3,1441,0.35622686334751213,8,Inland waters,340,1101,0.6359399422654912,0.28823529411764703
week5-m3-f10-seed17,M3,17,Finland,quarter,Q3,1441,0.35622686334751213,9,Inland wetlands,323,1118,0.3992259922244117,0.12693498452012383
week5-m3-f10-seed17,M3,17,Finland,quarter,Q3,1441,0.35622686334751213,10,"Land principally occupied by agriculture, with significant areas of natural vegetation",161,1280,0.34522366865012677,0.7639751552795031
week5-m3-f10-seed17,M3,17,Finland,quarter,Q3,1441,0.35622686334751213,11,Marine waters,202,1239,0.8189363488924701,0.6435643564356436
week5-m3-f10-seed17,M3,17,Finland,quarter,Q3,1441,0.35622686334751213,12,Mixed forest,588,853,0.5771613300547507,0.8231292517006803
week5-m3-f10-seed17,M3,17,Finland,quarter,Q3,1441,0.35622686334751213,13,"Moors, heathland and sclerophyllous vegetation",26,1415,0.04585027407666398,0.11538461538461539
week5-m3-f10-seed17,M3,17,Finland,quarter,Q3,1441,0.35622686334751213,14,Natural grassland and sparsely vegetated areas,1,1440,0.008849557522123894,0.0
week5-m3-f10-seed17,M3,17,Finland,quarter,Q3,1441,0.35622686334751213,15,Pastures,1,1440,0.0044444444444444444,1.0
week5-m3-f10-seed17,M3,17,Finland,quarter,Q3,1441,0.35622686334751213,16,Permanent crops,0,1441,,
week5-m3-f10-seed17,M3,17,Finland,quarter,Q3,1441,0.35622686334751213,17,"Transitional woodland, shrub",652,789,0.4697881810190648,0.24539877300613497
week5-m3-f10-seed17,M3,17,Finland,quarter,Q3,1441,0.35622686334751213,18,Urban fabric,25,1416,0.12854892046974914,0.32
week5-m3-f10-seed17,M3,17,Finland,quarter,Q4,252,0.33638127220145697,0,Agro-forestry areas,0,252,,
week5-m3-f10-seed17,M3,17,Finland,quarter,Q4,252,0.33638127220145697,1,Arable land,7,245,0.028834109945914326,0.0
week5-m3-f10-seed17,M3,17,Finland,quarter,Q4,252,0.33638127220145697,2,"Beaches, dunes, sands",1,251,0.017857142857142856,0.0
week5-m3-f10-seed17,M3,17,Finland,quarter,Q4,252,0.33638127220145697,3,Broad-leaved forest,13,239,0.08314465691022593,0.6153846153846154
week5-m3-f10-seed17,M3,17,Finland,quarter,Q4,252,0.33638127220145697,4,Coastal wetlands,0,252,,
week5-m3-f10-seed17,M3,17,Finland,quarter,Q4,252,0.33638127220145697,5,Complex cultivation patterns,0,252,,
week5-m3-f10-seed17,M3,17,Finland,quarter,Q4,252,0.33638127220145697,6,Coniferous forest,96,156,0.8189347126353385,0.1875
week5-m3-f10-seed17,M3,17,Finland,quarter,Q4,252,0.33638127220145697,7,Industrial or commercial units,1,251,0.02702702702702703,0.0
week5-m3-f10-seed17,M3,17,Finland,quarter,Q4,252,0.33638127220145697,8,Inland waters,63,189,0.3363724945166926,0.07936507936507936
week5-m3-f10-seed17,M3,17,Finland,quarter,Q4,252,0.33638127220145697,9,Inland wetlands,2,250,0.006746031746031746,0.0
week5-m3-f10-seed17,M3,17,Finland,quarter,Q4,252,0.33638127220145697,10,"Land principally occupied by agriculture, with significant areas of natural vegetation",26,226,0.2130829208448391,0.7692307692307693
week5-m3-f10-seed17,M3,17,Finland,quarter,Q4,252,0.33638127220145697,11,Marine waters,151,101,0.9927286958311058,0.9337748344370861
week5-m3-f10-seed17,M3,17,Finland,quarter,Q4,252,0.33638127220145697,12,Mixed forest,104,148,0.8355339433427769,0.125
week5-m3-f10-seed17,M3,17,Finland,quarter,Q4,252,0.33638127220145697,13,"Moors, heathland and sclerophyllous vegetation",0,252,,
week5-m3-f10-seed17,M3,17,Finland,quarter,Q4,252,0.33638127220145697,14,Natural grassland and sparsely vegetated areas,0,252,,
week5-m3-f10-seed17,M3,17,Finland,quarter,Q4,252,0.33638127220145697,15,Pastures,0,252,,
week5-m3-f10-seed17,M3,17,Finland,quarter,Q4,252,0.33638127220145697,16,Permanent crops,0,252,,
week5-m3-f10-seed17,M3,17,Finland,quarter,Q4,252,0.33638127220145697,17,"Transitional woodland, shrub",35,217,0.3071414449710167,0.6857142857142857
week5-m3-f10-seed17,M3,17,Finland,quarter,Q4,252,0.33638127220145697,18,Urban fabric,3,249,0.050647956445057894,0.0
week5-m3-f10-seed17,M3,17,Finland,country,Finland,4000,0.2826022574186769,0,Agro-forestry areas,0,4000,,
week5-m3-f10-seed17,M3,17,Finland,country,Finland,4000,0.2826022574186769,1,Arable land,457,3543,0.3847491991888698,0.7221006564551422
week5-m3-f10-seed17,M3,17,Finland,country,Finland,4000,0.2826022574186769,2,"Beaches, dunes, sands",1,3999,0.002304147465437788,0.0
week5-m3-f10-seed17,M3,17,Finland,country,Finland,4000,0.2826022574186769,3,Broad-leaved forest,229,3771,0.05474153290157104,0.7641921397379913
week5-m3-f10-seed17,M3,17,Finland,country,Finland,4000,0.2826022574186769,4,Coastal wetlands,10,3990,0.008868498148125308,0.0
week5-m3-f10-seed17,M3,17,Finland,country,Finland,4000,0.2826022574186769,5,Complex cultivation patterns,21,3979,0.017465887083001203,0.9523809523809523
week5-m3-f10-seed17,M3,17,Finland,country,Finland,4000,0.2826022574186769,6,Coniferous forest,2776,1224,0.9042035532082384,0.45172910662824206
week5-m3-f10-seed17,M3,17,Finland,country,Finland,4000,0.2826022574186769,7,Industrial or commercial units,32,3968,0.06318021515313949,0.15625
week5-m3-f10-seed17,M3,17,Finland,country,Finland,4000,0.2826022574186769,8,Inland waters,985,3015,0.5083549143978008,0.30253807106598984
week5-m3-f10-seed17,M3,17,Finland,country,Finland,4000,0.2826022574186769,9,Inland wetlands,530,3470,0.219971986271907,0.07924528301886792
week5-m3-f10-seed17,M3,17,Finland,country,Finland,4000,0.2826022574186769,10,"Land principally occupied by agriculture, with significant areas of natural vegetation",588,3412,0.19697116487243255,0.6989795918367347
week5-m3-f10-seed17,M3,17,Finland,country,Finland,4000,0.2826022574186769,11,Marine waters,892,3108,0.8401635528346866,0.6278026905829597
week5-m3-f10-seed17,M3,17,Finland,country,Finland,4000,0.2826022574186769,12,Mixed forest,2082,1918,0.6752540104298601,0.5806916426512968
week5-m3-f10-seed17,M3,17,Finland,country,Finland,4000,0.2826022574186769,13,"Moors, heathland and sclerophyllous vegetation",26,3974,0.02775674704078483,0.11538461538461539
week5-m3-f10-seed17,M3,17,Finland,country,Finland,4000,0.2826022574186769,14,Natural grassland and sparsely vegetated areas,2,3998,0.0009360063506675873,0.0
week5-m3-f10-seed17,M3,17,Finland,country,Finland,4000,0.2826022574186769,15,Pastures,3,3997,0.003015414112043604,1.0
week5-m3-f10-seed17,M3,17,Finland,country,Finland,4000,0.2826022574186769,16,Permanent crops,1,3999,0.0036900369003690036,0.0
week5-m3-f10-seed17,M3,17,Finland,country,Finland,4000,0.2826022574186769,17,"Transitional woodland, shrub",1574,2426,0.4768619004981975,0.4027954256670902
week5-m3-f10-seed17,M3,17,Finland,country,Finland,4000,0.2826022574186769,18,Urban fabric,116,3884,0.14431999745526125,0.41379310344827586
week5-m3-f10-seed17,M3,17,Finland,source_distance,Q1,1913,0.3092674535343775,0,Agro-forestry areas,0,1913,,
week5-m3-f10-seed17,M3,17,Finland,source_distance,Q1,1913,0.3092674535343775,1,Arable land,64,1849,0.11695043080686349,0.15625
week5-m3-f10-seed17,M3,17,Finland,source_distance,Q1,1913,0.3092674535343775,2,"Beaches, dunes, sands",1,1912,0.0025974025974025974,0.0
week5-m3-f10-seed17,M3,17,Finland,source_distance,Q1,1913,0.3092674535343775,3,Broad-leaved forest,63,1850,0.0343483525144635,0.6666666666666666
week5-m3-f10-seed17,M3,17,Finland,source_distance,Q1,1913,0.3092674535343775,4,Coastal wetlands,1,1912,0.0014084507042253522,0.0
week5-m3-f10-seed17,M3,17,Finland,source_distance,Q1,1913,0.3092674535343775,5,Complex cultivation patterns,6,1907,0.045212796208745264,0.8333333333333334
week5-m3-f10-seed17,M3,17,Finland,source_distance,Q1,1913,0.3092674535343775,6,Coniferous forest,993,920,0.9232208762811775,0.16817724068479356
week5-m3-f10-seed17,M3,17,Finland,source_distance,Q1,1913,0.3092674535343775,7,Industrial or commercial units,6,1907,0.6370128453890468,0.5
week5-m3-f10-seed17,M3,17,Finland,source_distance,Q1,1913,0.3092674535343775,8,Inland waters,383,1530,0.3102923403537606,0.195822454308094
week5-m3-f10-seed17,M3,17,Finland,source_distance,Q1,1913,0.3092674535343775,9,Inland wetlands,127,1786,0.05606345610410757,0.007874015748031496
week5-m3-f10-seed17,M3,17,Finland,source_distance,Q1,1913,0.3092674535343775,10,"Land principally occupied by agriculture, with significant areas of natural vegetation",127,1786,0.12879500614920977,0.7322834645669292
week5-m3-f10-seed17,M3,17,Finland,source_distance,Q1,1913,0.3092674535343775,11,Marine waters,801,1112,0.8696606259959352,0.6754057428214731
week5-m3-f10-seed17,M3,17,Finland,source_distance,Q1,1913,0.3092674535343775,12,Mixed forest,732,1181,0.697575861054833,0.24726775956284153
week5-m3-f10-seed17,M3,17,Finland,source_distance,Q1,1913,0.3092674535343775,13,"Moors, heathland and sclerophyllous vegetation",2,1911,0.007425469774618394,0.0
week5-m3-f10-seed17,M3,17,Finland,source_distance,Q1,1913,0.3092674535343775,14,Natural grassland and sparsely vegetated areas,1,1912,0.0010183299389002036,0.0
week5-m3-f10-seed17,M3,17,Finland,source_distance,Q1,1913,0.3092674535343775,15,Pastures,2,1911,0.01490015360983103,1.0
week5-m3-f10-seed17,M3,17,Finland,source_distance,Q1,1913,0.3092674535343775,16,Permanent crops,0,1913,,
week5-m3-f10-seed17,M3,17,Finland,source_distance,Q1,1913,0.3092674535343775,17,"Transitional woodland, shrub",512,1401,0.5527954935103754,0.6328125
week5-m3-f10-seed17,M3,17,Finland,source_distance,Q1,1913,0.3092674535343775,18,Urban fabric,16,1897,0.24373976532379538,0.25
week5-m3-f10-seed17,M3,17,Finland,source_distance,Q2,700,0.3296454735943252,0,Agro-forestry areas,0,700,,
week5-m3-f10-seed17,M3,17,Finland,source_distance,Q2,700,0.3296454735943252,1,Arable land,110,590,0.43928368084985875,0.7363636363636363
week5-m3-f10-seed17,M3,17,Finland,source_distance,Q2,700,0.3296454735943252,2,"Beaches, dunes, sands",0,700,,
week5-m3-f10-seed17,M3,17,Finland,source_distance,Q2,700,0.3296454735943252,3,Broad-leaved forest,61,639,0.07834400219335197,0.7540983606557377
week5-m3-f10-seed17,M3,17,Finland,source_distance,Q2,700,0.3296454735943252,4,Coastal wetlands,0,700,,
week5-m3-f10-seed17,M3,17,Finland,source_distance,Q2,700,0.3296454735943252,5,Complex cultivation patterns,3,697,0.015802499983668773,1.0
week5-m3-f10-seed17,M3,17,Finland,source_distance,Q2,700,0.3296454735943252,6,Coniferous forest,606,94,0.9197295577211708,0.566006600660066
week5-m3-f10-seed17,M3,17,Finland,source_distance,Q2,700,0.3296454735943252,7,Industrial or commercial units,9,691,0.09367091966137735,0.1111111111111111
week5-m3-f10-seed17,M3,17,Finland,source_distance,Q2,700,0.3296454735943252,8,Inland waters,157,543,0.6192231827310931,0.36942675159235666
week5-m3-f10-seed17,M3,17,Finland,source_distance,Q2,700,0.3296454735943252,9,Inland wetlands,112,588,0.24419240683490992,0.125
week5-m3-f10-seed17,M3,17,Finland,source_distance,Q2,700,0.3296454735943252,10,"Land principally occupied by agriculture, with significant areas of natural vegetation",134,566,0.2834596179061139,0.7238805970149254
week5-m3-f10-seed17,M3,17,Finland,source_distance,Q2,700,0.3296454735943252,11,Marine waters,28,672,0.5548239469150029,0.4642857142857143
week5-m3-f10-seed17,M3,17,Finland,source_distance,Q2,700,0.3296454735943252,12,Mixed forest,469,231,0.70799335337282,0.7718550106609808
week5-m3-f10-seed17,M3,17,Finland,source_distance,Q2,700,0.3296454735943252,13,"Moors, heathland and sclerophyllous vegetation",12,688,0.06359044777277013,0.25
week5-m3-f10-seed17,M3,17,Finland,source_distance,Q2,700,0.3296454735943252,14,Natural grassland and sparsely vegetated areas,1,699,0.010752688172043012,0.0
week5-m3-f10-seed17,M3,17,Finland,source_distance,Q2,700,0.3296454735943252,15,Pastures,0,700,,
week5-m3-f10-seed17,M3,17,Finland,source_distance,Q2,700,0.3296454735943252,16,Permanent crops,0,700,,
week5-m3-f10-seed17,M3,17,Finland,source_distance,Q2,700,0.3296454735943252,17,"Transitional woodland, shrub",358,342,0.4834968053562945,0.21508379888268156
week5-m3-f10-seed17,M3,17,Finland,source_distance,Q2,700,0.3296454735943252,18,Urban fabric,29,671,0.10067352085007795,0.2413793103448276
week5-m3-f10-seed17,M3,17,Finland,source_distance,Q3,597,0.3517821358772641,0,Agro-forestry areas,0,597,,
week5-m3-f10-seed17,M3,17,Finland,source_distance,Q3,597,0.3517821358772641,1,Arable land,115,482,0.43277505867167415,0.808695652173913
week5-m3-f10-seed17,M3,17,Finland,source_distance,Q3,597,0.3517821358772641,2,"Beaches, dunes, sands",0,597,,
week5-m3-f10-seed17,M3,17,Finland,source_distance,Q3,597,0.3517821358772641,3,Broad-leaved forest,45,552,0.07872370147199734,0.8444444444444444
week5-m3-f10-seed17,M3,17,Finland,source_distance,Q3,597,0.3517821358772641,4,Coastal wetlands,5,592,0.010146782914519186,0.0
week5-m3-f10-seed17,M3,17,Finland,source_distance,Q3,597,0.3517821358772641,5,Complex cultivation patterns,5,592,0.02320081967375385,1.0
week5-m3-f10-seed17,M3,17,Finland,source_distance,Q3,597,0.3517821358772641,6,Coniferous forest,505,92,0.9088971582434453,0.6693069306930693
week5-m3-f10-seed17,M3,17,Finland,source_distance,Q3,597,0.3517821358772641,7,Industrial or commercial units,6,591,0.031185339495310754,0.0
week5-m3-f10-seed17,M3,17,Finland,source_distance,Q3,597,0.3517821358772641,8,Inland waters,171,426,0.6646326804300877,0.4093567251461988
week5-m3-f10-seed17,M3,17,Finland,source_distance,Q3,597,0.3517821358772641,9,Inland wetlands,118,479,0.29948487205625385,0.0847457627118644
week5-m3-f10-seed17,M3,17,Finland,source_distance,Q3,597,0.3517821358772641,10,"Land principally occupied by agriculture, with significant areas of natural vegetation",136,461,0.3594502122376161,0.7573529411764706
week5-m3-f10-seed17,M3,17,Finland,source_distance,Q3,597,0.3517821358772641,11,Marine waters,20,577,0.3584464610390432,0.2
week5-m3-f10-seed17,M3,17,Finland,source_distance,Q3,597,0.3517821358772641,12,Mixed forest,399,198,0.6778036714118183,0.7919799498746867
week5-m3-f10-seed17,M3,17,Finland,source_distance,Q3,597,0.3517821358772641,13,"Moors, heathland and sclerophyllous vegetation",7,590,0.025252183049008677,0.0
week5-m3-f10-seed17,M3,17,Finland,source_distance,Q3,597,0.3517821358772641,14,Natural grassland and sparsely vegetated areas,0,597,,
week5-m3-f10-seed17,M3,17,Finland,source_distance,Q3,597,0.3517821358772641,15,Pastures,0,597,,
week5-m3-f10-seed17,M3,17,Finland,source_distance,Q3,597,0.3517821358772641,16,Permanent crops,0,597,,
week5-m3-f10-seed17,M3,17,Finland,source_distance,Q3,597,0.3517821358772641,17,"Transitional woodland, shrub",320,277,0.48851865829162977,0.25
week5-m3-f10-seed17,M3,17,Finland,source_distance,Q3,597,0.3517821358772641,18,Urban fabric,31,566,0.22479695033279387,0.5161290322580645
week5-m3-f10-seed17,M3,17,Finland,source_distance,Q4,790,0.2809913247954219,0,Agro-forestry areas,0,790,,
week5-m3-f10-seed17,M3,17,Finland,source_distance,Q4,790,0.2809913247954219,1,Arable land,168,622,0.4304008751757067,0.8690476190476191
week5-m3-f10-seed17,M3,17,Finland,source_distance,Q4,790,0.2809913247954219,2,"Beaches, dunes, sands",0,790,,
week5-m3-f10-seed17,M3,17,Finland,source_distance,Q4,790,0.2809913247954219,3,Broad-leaved forest,60,730,0.10587883910700216,0.8166666666666667
week5-m3-f10-seed17,M3,17,Finland,source_distance,Q4,790,0.2809913247954219,4,Coastal wetlands,4,786,0.018563480069234545,0.0
week5-m3-f10-seed17,M3,17,Finland,source_distance,Q4,790,0.2809913247954219,5,Complex cultivation patterns,7,783,0.015330161268527143,1.0
week5-m3-f10-seed17,M3,17,Finland,source_distance,Q4,790,0.2809913247954219,6,Coniferous forest,672,118,0.8974991936500694,0.6041666666666666
week5-m3-f10-seed17,M3,17,Finland,source_distance,Q4,790,0.2809913247954219,7,Industrial or commercial units,11,779,0.03598557785972088,0.09090909090909091
week5-m3-f10-seed17,M3,17,Finland,source_distance,Q4,790,0.2809913247954219,8,Inland waters,274,516,0.6460741285332962,0.3467153284671533
week5-m3-f10-seed17,M3,17,Finland,source_distance,Q4,790,0.2809913247954219,9,Inland wetlands,173,617,0.3123398079795116,0.09826589595375723
week5-m3-f10-seed17,M3,17,Finland,source_distance,Q4,790,0.2809913247954219,10,"Land principally occupied by agriculture, with significant areas of natural vegetation",191,599,0.28833588301835017,0.6178010471204188
week5-m3-f10-seed17,M3,17,Finland,source_distance,Q4,790,0.2809913247954219,11,Marine waters,43,747,0.2503679375155029,0.046511627906976744
week5-m3-f10-seed17,M3,17,Finland,source_distance,Q4,790,0.2809913247954219,12,Mixed forest,482,308,0.6146589171844878,0.7261410788381742
week5-m3-f10-seed17,M3,17,Finland,source_distance,Q4,790,0.2809913247954219,13,"Moors, heathland and sclerophyllous vegetation",5,785,0.018778901941765607,0.0
week5-m3-f10-seed17,M3,17,Finland,source_distance,Q4,790,0.2809913247954219,14,Natural grassland and sparsely vegetated areas,0,790,,
week5-m3-f10-seed17,M3,17,Finland,source_distance,Q4,790,0.2809913247954219,15,Pastures,1,789,0.005681818181818182,1.0
week5-m3-f10-seed17,M3,17,Finland,source_distance,Q4,790,0.2809913247954219,16,Permanent crops,1,789,0.014705882352941176,0.0
week5-m3-f10-seed17,M3,17,Finland,source_distance,Q4,790,0.2809913247954219,17,"Transitional woodland, shrub",384,406,0.45800608884636157,0.3984375
week5-m3-f10-seed17,M3,17,Finland,source_distance,Q4,790,0.2809913247954219,18,Urban fabric,40,750,0.12082585931626677,0.525
week5-m3-f10-seed17,M3,17,Portugal,label_count,1,599,0.27306202366354976,0,Agro-forestry areas,44,555,0.21655503090355746,0.0
week5-m3-f10-seed17,M3,17,Portugal,label_count,1,599,0.27306202366354976,1,Arable land,63,536,0.801799299302509,1.0
week5-m3-f10-seed17,M3,17,Portugal,label_count,1,599,0.27306202366354976,2,"Beaches, dunes, sands",0,599,,
week5-m3-f10-seed17,M3,17,Portugal,label_count,1,599,0.27306202366354976,3,Broad-leaved forest,28,571,0.22070757171991517,0.5
week5-m3-f10-seed17,M3,17,Portugal,label_count,1,599,0.27306202366354976,4,Coastal wetlands,2,597,0.00870967741935484,0.0
week5-m3-f10-seed17,M3,17,Portugal,label_count,1,599,0.27306202366354976,5,Complex cultivation patterns,3,596,0.02487639824749002,0.6666666666666666
week5-m3-f10-seed17,M3,17,Portugal,label_count,1,599,0.27306202366354976,6,Coniferous forest,1,598,0.16666666666666666,1.0
week5-m3-f10-seed17,M3,17,Portugal,label_count,1,599,0.27306202366354976,7,Industrial or commercial units,0,599,,
week5-m3-f10-seed17,M3,17,Portugal,label_count,1,599,0.27306202366354976,8,Inland waters,0,599,,
week5-m3-f10-seed17,M3,17,Portugal,label_count,1,599,0.27306202366354976,9,Inland wetlands,0,599,,
week5-m3-f10-seed17,M3,17,Portugal,label_count,1,599,0.27306202366354976,10,"Land principally occupied by agriculture, with significant areas of natural vegetation",2,597,0.018483709273182956,0.5
week5-m3-f10-seed17,M3,17,Portugal,label_count,1,599,0.27306202366354976,11,Marine waters,416,183,0.9990791065765586,0.9879807692307693
week5-m3-f10-seed17,M3,17,Portugal,label_count,1,599,0.27306202366354976,12,Mixed forest,6,593,0.11567519780802515,0.5
week5-m3-f10-seed17,M3,17,Portugal,label_count,1,599,0.27306202366354976,13,"Moors, heathland and sclerophyllous vegetation",8,591,0.11062910334045378,0.0
week5-m3-f10-seed17,M3,17,Portugal,label_count,1,599,0.27306202366354976,14,Natural grassland and sparsely vegetated areas,0,599,,
week5-m3-f10-seed17,M3,17,Portugal,label_count,1,599,0.27306202366354976,15,Pastures,1,598,0.3333333333333333,1.0
week5-m3-f10-seed17,M3,17,Portugal,label_count,1,599,0.27306202366354976,16,Permanent crops,10,589,0.1357293689656803,0.0
week5-m3-f10-seed17,M3,17,Portugal,label_count,1,599,0.27306202366354976,17,"Transitional woodland, shrub",15,584,0.0767025050652321,0.13333333333333333
week5-m3-f10-seed17,M3,17,Portugal,label_count,1,599,0.27306202366354976,18,Urban fabric,0,599,,
week5-m3-f10-seed17,M3,17,Portugal,label_count,2,772,0.2566992743571512,0,Agro-forestry areas,241,531,0.2819771265040132,0.0
week5-m3-f10-seed17,M3,17,Portugal,label_count,2,772,0.2566992743571512,1,Arable land,282,490,0.6593464856935028,0.9539007092198581
week5-m3-f10-seed17,M3,17,Portugal,label_count,2,772,0.2566992743571512,2,"Beaches, dunes, sands",8,764,0.3025196617108382,0.0
week5-m3-f10-seed17,M3,17,Portugal,label_count,2,772,0.2566992743571512,3,Broad-leaved forest,235,537,0.40188716451220674,0.6
week5-m3-f10-seed17,M3,17,Portugal,label_count,2,772,0.2566992743571512,4,Coastal wetlands,7,765,0.006300044076666907,0.0
week5-m3-f10-seed17,M3,17,Portugal,label_count,2,772,0.2566992743571512,5,Complex cultivation patterns,66,706,0.1375131687642285,0.5909090909090909
week5-m3-f10-seed17,M3,17,Portugal,label_count,2,772,0.2566992743571512,6,Coniferous forest,35,737,0.0834891462911674,0.2857142857142857
week5-m3-f10-seed17,M3,17,Portugal,label_count,2,772,0.2566992743571512,7,Industrial or commercial units,7,765,0.28765180991244726,0.14285714285714285
week5-m3-f10-seed17,M3,17,Portugal,label_count,2,772,0.2566992743571512,8,Inland waters,13,759,0.07059860254797624,0.15384615384615385
week5-m3-f10-seed17,M3,17,Portugal,label_count,2,772,0.2566992743571512,9,Inland wetlands,0,772,,
week5-m3-f10-seed17,M3,17,Portugal,label_count,2,772,0.2566992743571512,10,"Land principally occupied by agriculture, with significant areas of natural vegetation",45,727,0.07990130872463207,0.6444444444444445
week5-m3-f10-seed17,M3,17,Portugal,label_count,2,772,0.2566992743571512,11,Marine waters,23,749,0.862029071099488,0.782608695652174
week5-m3-f10-seed17,M3,17,Portugal,label_count,2,772,0.2566992743571512,12,Mixed forest,40,732,0.13668230986154142,0.35
week5-m3-f10-seed17,M3,17,Portugal,label_count,2,772,0.2566992743571512,13,"Moors, heathland and sclerophyllous vegetation",61,711,0.11144149134224204,0.04918032786885246
week5-m3-f10-seed17,M3,17,Portugal,label_count,2,772,0.2566992743571512,14,Natural grassland and sparsely vegetated areas,0,772,,
week5-m3-f10-seed17,M3,17,Portugal,label_count,2,772,0.2566992743571512,15,Pastures,79,693,0.1226466460035372,0.25316455696202533
week5-m3-f10-seed17,M3,17,Portugal,label_count,2,772,0.2566992743571512,16,Permanent crops,147,625,0.28583317283980814,0.0
week5-m3-f10-seed17,M3,17,Portugal,label_count,2,772,0.2566992743571512,17,"Transitional woodland, shrub",240,532,0.28244374710171105,0.2375
week5-m3-f10-seed17,M3,17,Portugal,label_count,2,772,0.2566992743571512,18,Urban fabric,15,757,0.07232571630562748,0.3333333333333333
week5-m3-f10-seed17,M3,17,Portugal,label_count,3,1160,0.2574104035854109,0,Agro-forestry areas,466,694,0.35674385792190727,0.0
week5-m3-f10-seed17,M3,17,Portugal,label_count,3,1160,0.2574104035854109,1,Arable land,498,662,0.6211726800919822,0.8694779116465864
week5-m3-f10-seed17,M3,17,Portugal,label_count,3,1160,0.2574104035854109,2,"Beaches, dunes, sands",11,1149,0.5252689229961957,0.0
week5-m3-f10-seed17,M3,17,Portugal,label_count,3,1160,0.2574104035854109,3,Broad-leaved forest,505,655,0.5202981727234844,0.6435643564356436
week5-m3-f10-seed17,M3,17,Portugal,label_count,3,1160,0.2574104035854109,4,Coastal wetlands,10,1150,0.049664141530971304,0.0
week5-m3-f10-seed17,M3,17,Portugal,label_count,3,1160,0.2574104035854109,5,Complex cultivation patterns,182,978,0.17046304565476048,0.5659340659340659
week5-m3-f10-seed17,M3,17,Portugal,label_count,3,1160,0.2574104035854109,6,Coniferous forest,92,1068,0.10563168256319573,0.31521739130434784
week5-m3-f10-seed17,M3,17,Portugal,label_count,3,1160,0.2574104035854109,7,Industrial or commercial units,12,1148,0.1101497411006221,0.16666666666666666
week5-m3-f10-seed17,M3,17,Portugal,label_count,3,1160,0.2574104035854109,8,Inland waters,55,1105,0.22366091933868804,0.21818181818181817
week5-m3-f10-seed17,M3,17,Portugal,label_count,3,1160,0.2574104035854109,9,Inland wetlands,1,1159,0.0055248618784530384,0.0
week5-m3-f10-seed17,M3,17,Portugal,label_count,3,1160,0.2574104035854109,10,"Land principally occupied by agriculture, with significant areas of natural vegetation",198,962,0.1616459444398146,0.5505050505050505
week5-m3-f10-seed17,M3,17,Portugal,label_count,3,1160,0.2574104035854109,11,Marine waters,21,1139,0.6241984284898541,0.42857142857142855
week5-m3-f10-seed17,M3,17,Portugal,label_count,3,1160,0.2574104035854109,12,Mixed forest,143,1017,0.1906205690339777,0.25874125874125875
week5-m3-f10-seed17,M3,17,Portugal,label_count,3,1160,0.2574104035854109,13,"Moors, heathland and sclerophyllous vegetation",186,974,0.2044114583699205,0.021505376344086023
week5-m3-f10-seed17,M3,17,Portugal,label_count,3,1160,0.2574104035854109,14,Natural grassland and sparsely vegetated areas,11,1149,0.0134798076541074,0.2727272727272727
week5-m3-f10-seed17,M3,17,Portugal,label_count,3,1160,0.2574104035854109,15,Pastures,176,984,0.2432974174686355,0.3977272727272727
week5-m3-f10-seed17,M3,17,Portugal,label_count,3,1160,0.2574104035854109,16,Permanent crops,294,866,0.33075993788431524,0.003401360544217687
week5-m3-f10-seed17,M3,17,Portugal,label_count,3,1160,0.2574104035854109,17,"Transitional woodland, shrub",570,590,0.48042906075307024,0.2894736842105263
week5-m3-f10-seed17,M3,17,Portugal,label_count,3,1160,0.2574104035854109,18,Urban fabric,49,1111,0.11282272992169236,0.4489795918367347
week5-m3-f10-seed17,M3,17,Portugal,label_count,4+,1469,0.3389115465456908,0,Agro-forestry areas,657,812,0.4094668399346467,0.0
week5-m3-f10-seed17,M3,17,Portugal,label_count,4+,1469,0.3389115465456908,1,Arable land,803,666,0.6511047702731146,0.838107098381071
week5-m3-f10-seed17,M3,17,Portugal,label_count,4+,1469,0.3389115465456908,2,"Beaches, dunes, sands",27,1442,0.12504626508966796,0.0
week5-m3-f10-seed17,M3,17,Portugal,label_count,4+,1469,0.3389115465456908,3,Broad-leaved forest,820,649,0.6448703429390107,0.5792682926829268
week5-m3-f10-seed17,M3,17,Portugal,label_count,4+,1469,0.3389115465456908,4,Coastal wetlands,26,1443,0.042843600565232516,0.0
week5-m3-f10-seed17,M3,17,Portugal,label_count,4+,1469,0.3389115465456908,5,Complex cultivation patterns,565,904,0.4150997587812007,0.6247787610619469
week5-m3-f10-seed17,M3,17,Portugal,label_count,4+,1469,0.3389115465456908,6,Coniferous forest,257,1212,0.2561592307078831,0.33073929961089493
week5-m3-f10-seed17,M3,17,Portugal,label_count,4+,1469,0.3389115465456908,7,Industrial or commercial units,76,1393,0.15388067199435337,0.05263157894736842
week5-m3-f10-seed17,M3,17,Portugal,label_count,4+,1469,0.3389115465456908,8,Inland waters,138,1331,0.3249987168524457,0.21739130434782608
week5-m3-f10-seed17,M3,17,Portugal,label_count,4+,1469,0.3389115465456908,9,Inland wetlands,3,1466,0.014078414078414078,0.0
week5-m3-f10-seed17,M3,17,Portugal,label_count,4+,1469,0.3389115465456908,10,"Land principally occupied by agriculture, with significant areas of natural vegetation",518,951,0.3408058761765591,0.5926640926640927
week5-m3-f10-seed17,M3,17,Portugal,label_count,4+,1469,0.3389115465456908,11,Marine waters,38,1431,0.3564860413163599,0.07894736842105263
week5-m3-f10-seed17,M3,17,Portugal,label_count,4+,1469,0.3389115465456908,12,Mixed forest,398,1071,0.3323556372708501,0.20100502512562815
week5-m3-f10-seed17,M3,17,Portugal,label_count,4+,1469,0.3389115465456908,13,"Moors, heathland and sclerophyllous vegetation",252,1217,0.17917581481306577,0.015873015873015872
week5-m3-f10-seed17,M3,17,Portugal,label_count,4+,1469,0.3389115465456908,14,Natural grassland and sparsely vegetated areas,39,1430,0.034014021072299,0.15384615384615385
week5-m3-f10-seed17,M3,17,Portugal,label_count,4+,1469,0.3389115465456908,15,Pastures,323,1146,0.25132349439422547,0.33436532507739936
week5-m3-f10-seed17,M3,17,Portugal,label_count,4+,1469,0.3389115465456908,16,Permanent crops,512,957,0.3818313461583024,0.001953125
week5-m3-f10-seed17,M3,17,Portugal,label_count,4+,1469,0.3389115465456908,17,"Transitional woodland, shrub",927,542,0.6609755048747432,0.2891046386192017
week5-m3-f10-seed17,M3,17,Portugal,label_count,4+,1469,0.3389115465456908,18,Urban fabric,261,1208,0.42542510302822584,0.524904214559387
week5-m3-f10-seed17,M3,17,Portugal,quarter,Q1,803,0.3240350050892582,0,Agro-forestry areas,289,514,0.39424975658761585,0.0
week5-m3-f10-seed17,M3,17,Portugal,quarter,Q1,803,0.3240350050892582,1,Arable land,335,468,0.6653202260774639,0.9522388059701492
week5-m3-f10-seed17,M3,17,Portugal,quarter,Q1,803,0.3240350050892582,2,"Beaches, dunes, sands",7,796,0.051435773775215535,0.0
week5-m3-f10-seed17,M3,17,Portugal,quarter,Q1,803,0.3240350050892582,3,Broad-leaved forest,289,514,0.560792015607674,0.740484429065744
week5-m3-f10-seed17,M3,17,Portugal,quarter,Q1,803,0.3240350050892582,4,Coastal wetlands,9,794,0.05869974609970189,0.0
week5-m3-f10-seed17,M3,17,Portugal,quarter,Q1,803,0.3240350050892582,5,Complex cultivation patterns,133,670,0.2524844186510502,0.7819548872180451
week5-m3-f10-seed17,M3,17,Portugal,quarter,Q1,803,0.3240350050892582,6,Coniferous forest,54,749,0.15054193554110717,0.3333333333333333
week5-m3-f10-seed17,M3,17,Portugal,quarter,Q1,803,0.3240350050892582,7,Industrial or commercial units,14,789,0.2249588959797571,0.21428571428571427
week5-m3-f10-seed17,M3,17,Portugal,quarter,Q1,803,0.3240350050892582,8,Inland waters,35,768,0.37185939127285456,0.37142857142857144
week5-m3-f10-seed17,M3,17,Portugal,quarter,Q1,803,0.3240350050892582,9,Inland wetlands,1,802,0.01282051282051282,0.0
week5-m3-f10-seed17,M3,17,Portugal,quarter,Q1,803,0.3240350050892582,10,"Land principally occupied by agriculture, with significant areas of natural vegetation",147,656,0.1716998404581609,0.6530612244897959
week5-m3-f10-seed17,M3,17,Portugal,quarter,Q1,803,0.3240350050892582,11,Marine waters,140,663,0.9854242906889218,0.9142857142857143
week5-m3-f10-seed17,M3,17,Portugal,quarter,Q1,803,0.3240350050892582,12,Mixed forest,61,742,0.08660077041617863,0.19672131147540983
week5-m3-f10-seed17,M3,17,Portugal,quarter,Q1,803,0.3240350050892582,13,"Moors, heathland and sclerophyllous vegetation",150,653,0.31264524469648913,0.0
week5-m3-f10-seed17,M3,17,Portugal,quarter,Q1,803,0.3240350050892582,14,Natural grassland and sparsely vegetated areas,4,799,0.014133873465029997,0.25
week5-m3-f10-seed17,M3,17,Portugal,quarter,Q1,803,0.3240350050892582,15,Pastures,128,675,0.2557439058115408,0.546875
week5-m3-f10-seed17,M3,17,Portugal,quarter,Q1,803,0.3240350050892582,16,Permanent crops,165,638,0.3364853932223955,0.012121212121212121
week5-m3-f10-seed17,M3,17,Portugal,quarter,Q1,803,0.3240350050892582,17,"Transitional woodland, shrub",334,469,0.47913714597038787,0.25449101796407186
week5-m3-f10-seed17,M3,17,Portugal,quarter,Q1,803,0.3240350050892582,18,Urban fabric,47,756,0.30391222074860746,0.723404255319149
week5-m3-f10-seed17,M3,17,Portugal,quarter,Q2,654,0.34433053602975244,0,Agro-forestry areas,275,379,0.38716748109302,0.0
week5-m3-f10-seed17,M3,17,Portugal,quarter,Q2,654,0.34433053602975244,1,Arable land,286,368,0.6039408339617978,0.9825174825174825
week5-m3-f10-seed17,M3,17,Portugal,quarter,Q2,654,0.34433053602975244,2,"Beaches, dunes, sands",6,648,0.07307778300400126,0.0
week5-m3-f10-seed17,M3,17,Portugal,quarter,Q2,654,0.34433053602975244,3,Broad-leaved forest,282,372,0.4089346833135882,0.38652482269503546
week5-m3-f10-seed17,M3,17,Portugal,quarter,Q2,654,0.34433053602975244,4,Coastal wetlands,2,652,0.036744505494505496,0.0
week5-m3-f10-seed17,M3,17,Portugal,quarter,Q2,654,0.34433053602975244,5,Complex cultivation patterns,139,515,0.20127294698703704,0.7841726618705036
week5-m3-f10-seed17,M3,17,Portugal,quarter,Q2,654,0.34433053602975244,6,Coniferous forest,86,568,0.21092215710765333,0.22093023255813954
week5-m3-f10-seed17,M3,17,Portugal,quarter,Q2,654,0.34433053602975244,7,Industrial or commercial units,24,630,0.28047744054854373,0.08333333333333333
week5-m3-f10-seed17,M3,17,Portugal,quarter,Q2,654,0.34433053602975244,8,Inland waters,43,611,0.39793181868457733,0.3953488372093023
week5-m3-f10-seed17,M3,17,Portugal,quarter,Q2,654,0.34433053602975244,9,Inland wetlands,0,654,,
week5-m3-f10-seed17,M3,17,Portugal,quarter,Q2,654,0.34433053602975244,10,"Land principally occupied by agriculture, with significant areas of natural vegetation",110,544,0.15175323981477862,0.6545454545454545
week5-m3-f10-seed17,M3,17,Portugal,quarter,Q2,654,0.34433053602975244,11,Marine waters,42,612,0.9099903541689146,0.8571428571428571
week5-m3-f10-seed17,M3,17,Portugal,quarter,Q2,654,0.34433053602975244,12,Mixed forest,145,509,0.2999235690242711,0.13793103448275862
week5-m3-f10-seed17,M3,17,Portugal,quarter,Q2,654,0.34433053602975244,13,"Moors, heathland and sclerophyllous vegetation",38,616,0.06428485106899444,0.0
week5-m3-f10-seed17,M3,17,Portugal,quarter,Q2,654,0.34433053602975244,14,Natural grassland and sparsely vegetated areas,12,642,0.03023792912233188,0.08333333333333333
week5-m3-f10-seed17,M3,17,Portugal,quarter,Q2,654,0.34433053602975244,15,Pastures,120,534,0.35462695705384734,0.725
week5-m3-f10-seed17,M3,17,Portugal,quarter,Q2,654,0.34433053602975244,16,Permanent crops,188,466,0.4546321921748156,0.0
week5-m3-f10-seed17,M3,17,Portugal,quarter,Q2,654,0.34433053602975244,17,"Transitional woodland, shrub",272,382,0.4803860616630639,0.15441176470588236
week5-m3-f10-seed17,M3,17,Portugal,quarter,Q2,654,0.34433053602975244,18,Urban fabric,70,584,0.31564300575207127,0.6571428571428571
week5-m3-f10-seed17,M3,17,Portugal,quarter,Q3,668,0.2903722326836389,0,Agro-forestry areas,288,380,0.4748402294140975,0.0
week5-m3-f10-seed17,M3,17,Portugal,quarter,Q3,668,0.2903722326836389,1,Arable land,304,364,0.6509880336148852,0.993421052631579
week5-m3-f10-seed17,M3,17,Portugal,quarter,Q3,668,0.2903722326836389,2,"Beaches, dunes, sands",9,659,0.09393982848634169,0.0
week5-m3-f10-seed17,M3,17,Portugal,quarter,Q3,668,0.2903722326836389,3,Broad-leaved forest,275,393,0.45507143849492654,0.2690909090909091
week5-m3-f10-seed17,M3,17,Portugal,quarter,Q3,668,0.2903722326836389,4,Coastal wetlands,8,660,0.02630270724370259,0.0
week5-m3-f10-seed17,M3,17,Portugal,quarter,Q3,668,0.2903722326836389,5,Complex cultivation patterns,161,507,0.3614601087709882,0.5031055900621118
week5-m3-f10-seed17,M3,17,Portugal,quarter,Q3,668,0.2903722326836389,6,Coniferous forest,79,589,0.1734605996745939,0.06329113924050633
week5-m3-f10-seed17,M3,17,Portugal,quarter,Q3,668,0.2903722326836389,7,Industrial or commercial units,16,652,0.045663146849697474,0.0
week5-m3-f10-seed17,M3,17,Portugal,quarter,Q3,668,0.2903722326836389,8,Inland waters,43,625,0.23010098682116117,0.16279069767441862
week5-m3-f10-seed17,M3,17,Portugal,quarter,Q3,668,0.2903722326836389,9,Inland wetlands,1,667,0.14285714285714285,0.0
week5-m3-f10-seed17,M3,17,Portugal,quarter,Q3,668,0.2903722326836389,10,"Land principally occupied by agriculture, with significant areas of natural vegetation",111,557,0.18120163327221164,0.4954954954954955
week5-m3-f10-seed17,M3,17,Portugal,quarter,Q3,668,0.2903722326836389,11,Marine waters,48,620,0.9443652504764241,0.7916666666666666
week5-m3-f10-seed17,M3,17,Portugal,quarter,Q3,668,0.2903722326836389,12,Mixed forest,134,534,0.2768647140452091,0.03731343283582089
week5-m3-f10-seed17,M3,17,Portugal,quarter,Q3,668,0.2903722326836389,13,"Moors, heathland and sclerophyllous vegetation",37,631,0.04640321032274483,0.0
week5-m3-f10-seed17,M3,17,Portugal,quarter,Q3,668,0.2903722326836389,14,Natural grassland and sparsely vegetated areas,10,658,0.02101443836071674,0.4
week5-m3-f10-seed17,M3,17,Portugal,quarter,Q3,668,0.2903722326836389,15,Pastures,114,554,0.13226677535580217,0.03508771929824561
week5-m3-f10-seed17,M3,17,Portugal,quarter,Q3,668,0.2903722326836389,16,Permanent crops,198,470,0.39254957874148494,0.0
week5-m3-f10-seed17,M3,17,Portugal,quarter,Q3,668,0.2903722326836389,17,"Transitional woodland, shrub",260,408,0.39386822668189275,0.40384615384615385
week5-m3-f10-seed17,M3,17,Portugal,quarter,Q3,668,0.2903722326836389,18,Urban fabric,62,606,0.19782043859834028,0.3548387096774194
week5-m3-f10-seed17,M3,17,Portugal,quarter,Q4,1875,0.3067749353339583,0,Agro-forestry areas,556,1319,0.2699273092925629,0.0
week5-m3-f10-seed17,M3,17,Portugal,quarter,Q4,1875,0.3067749353339583,1,Arable land,721,1154,0.6891558141095864,0.7434119278779473
week5-m3-f10-seed17,M3,17,Portugal,quarter,Q4,1875,0.3067749353339583,2,"Beaches, dunes, sands",24,1851,0.03936399727053679,0.0
week5-m3-f10-seed17,M3,17,Portugal,quarter,Q4,1875,0.3067749353339583,3,Broad-leaved forest,742,1133,0.5642211023835272,0.7520215633423181
week5-m3-f10-seed17,M3,17,Portugal,quarter,Q4,1875,0.3067749353339583,4,Coastal wetlands,26,1849,0.024279890994580722,0.0
week5-m3-f10-seed17,M3,17,Portugal,quarter,Q4,1875,0.3067749353339583,5,Complex cultivation patterns,383,1492,0.28182897770804355,0.5300261096605744
week5-m3-f10-seed17,M3,17,Portugal,quarter,Q4,1875,0.3067749353339583,6,Coniferous forest,166,1709,0.1697733913354617,0.5
week5-m3-f10-seed17,M3,17,Portugal,quarter,Q4,1875,0.3067749353339583,7,Industrial or commercial units,41,1834,0.10055134564797695,0.04878048780487805
week5-m3-f10-seed17,M3,17,Portugal,quarter,Q4,1875,0.3067749353339583,8,Inland waters,85,1790,0.11438679500985821,0.08235294117647059
week5-m3-f10-seed17,M3,17,Portugal,quarter,Q4,1875,0.3067749353339583,9,Inland wetlands,2,1873,0.0024027971722813757,0.0
week5-m3-f10-seed17,M3,17,Portugal,quarter,Q4,1875,0.3067749353339583,10,"Land principally occupied by agriculture, with significant areas of natural vegetation",395,1480,0.24703070895191576,0.5645569620253165
week5-m3-f10-seed17,M3,17,Portugal,quarter,Q4,1875,0.3067749353339583,11,Marine waters,268,1607,0.966775338061593,0.8917910447761194
week5-m3-f10-seed17,M3,17,Portugal,quarter,Q4,1875,0.3067749353339583,12,Mixed forest,247,1628,0.28365571941837997,0.39271255060728744
week5-m3-f10-seed17,M3,17,Portugal,quarter,Q4,1875,0.3067749353339583,13,"Moors, heathland and sclerophyllous vegetation",282,1593,0.16740716553228338,0.03900709219858156
week5-m3-f10-seed17,M3,17,Portugal,quarter,Q4,1875,0.3067749353339583,14,Natural grassland and sparsely vegetated areas,24,1851,0.02104531645838335,0.125
week5-m3-f10-seed17,M3,17,Portugal,quarter,Q4,1875,0.3067749353339583,15,Pastures,217,1658,0.1234839347291399,0.17511520737327188
week5-m3-f10-seed17,M3,17,Portugal,quarter,Q4,1875,0.3067749353339583,16,Permanent crops,412,1463,0.28256577930262894,0.0
week5-m3-f10-seed17,M3,17,Portugal,quarter,Q4,1875,0.3067749353339583,17,"Transitional woodland, shrub",886,989,0.5184724202872475,0.29345372460496616
week5-m3-f10-seed17,M3,17,Portugal,quarter,Q4,1875,0.3067749353339583,18,Urban fabric,146,1729,0.3756423592350252,0.4246575342465753
week5-m3-f10-seed17,M3,17,Portugal,country,Portugal,4000,0.30004911211185553,0,Agro-forestry areas,1408,2592,0.35543600376338413,0.0
week5-m3-f10-seed17,M3,17,Portugal,country,Portugal,4000,0.30004911211185553,1,Arable land,1646,2354,0.6403690235995271,0.8736330498177399
week5-m3-f10-seed17,M3,17,Portugal,country,Portugal,4000,0.30004911211185553,2,"Beaches, dunes, sands",46,3954,0.04650500665050251,0.0
week5-m3-f10-seed17,M3,17,Portugal,country,Portugal,4000,0.30004911211185553,3,Broad-leaved forest,1588,2412,0.5233337958942403,0.6013853904282116
week5-m3-f10-seed17,M3,17,Portugal,country,Portugal,4000,0.30004911211185553,4,Coastal wetlands,45,3955,0.026113312991428463,0.0
week5-m3-f10-seed17,M3,17,Portugal,country,Portugal,4000,0.30004911211185553,5,Complex cultivation patterns,816,3184,0.25909094815088723,0.6090686274509803
week5-m3-f10-seed17,M3,17,Portugal,country,Portugal,4000,0.30004911211185553,6,Coniferous forest,385,3615,0.1577966015666781,0.3246753246753247
week5-m3-f10-seed17,M3,17,Portugal,country,Portugal,4000,0.30004911211185553,7,Industrial or commercial units,95,3905,0.127976384532653,0.07368421052631578
week5-m3-f10-seed17,M3,17,Portugal,country,Portugal,4000,0.30004911211185553,8,Inland waters,206,3794,0.24011143682014863,0.21359223300970873
week5-m3-f10-seed17,M3,17,Portugal,country,Portugal,4000,0.30004911211185553,9,Inland wetlands,4,3996,0.0053040081273727085,0.0
week5-m3-f10-seed17,M3,17,Portugal,country,Portugal,4000,0.30004911211185553,10,"Land principally occupied by agriculture, with significant areas of natural vegetation",763,3237,0.20862969593340105,0.5845347313237221
week5-m3-f10-seed17,M3,17,Portugal,country,Portugal,4000,0.30004911211185553,11,Marine waters,498,3502,0.9629358210905974,0.8855421686746988
week5-m3-f10-seed17,M3,17,Portugal,country,Portugal,4000,0.30004911211185553,12,Mixed forest,587,3413,0.221978783441821,0.2282793867120954
week5-m3-f10-seed17,M3,17,Portugal,country,Portugal,4000,0.30004911211185553,13,"Moors, heathland and sclerophyllous vegetation",507,3493,0.1570840453920721,0.021696252465483234
week5-m3-f10-seed17,M3,17,Portugal,country,Portugal,4000,0.30004911211185553,14,Natural grassland and sparsely vegetated areas,50,3950,0.016969163912655245,0.18
week5-m3-f10-seed17,M3,17,Portugal,country,Portugal,4000,0.30004911211185553,15,Pastures,579,3421,0.20451961330501472,0.3436960276338515
week5-m3-f10-seed17,M3,17,Portugal,country,Portugal,4000,0.30004911211185553,16,Permanent crops,963,3037,0.326025868495682,0.0020768431983385254
week5-m3-f10-seed17,M3,17,Portugal,country,Portugal,4000,0.30004911211185553,17,"Transitional woodland, shrub",1752,2248,0.478313729412303,0.2808219178082192
week5-m3-f10-seed17,M3,17,Portugal,country,Portugal,4000,0.30004911211185553,18,Urban fabric,325,3675,0.2703468741146351,0.5046153846153846
week5-m3-f10-seed17,M3,17,Portugal,source_distance,Q1,570,0.3558966841451997,0,Agro-forestry areas,38,532,0.18638070267436344,0.0
week5-m3-f10-seed17,M3,17,Portugal,source_distance,Q1,570,0.3558966841451997,1,Arable land,43,527,0.5656995982998704,0.8604651162790697
week5-m3-f10-seed17,M3,17,Portugal,source_distance,Q1,570,0.3558966841451997,2,"Beaches, dunes, sands",11,559,0.02879807409162187,0.0
week5-m3-f10-seed17,M3,17,Portugal,source_distance,Q1,570,0.3558966841451997,3,Broad-leaved forest,67,503,0.46125935227959397,0.5671641791044776
week5-m3-f10-seed17,M3,17,Portugal,source_distance,Q1,570,0.3558966841451997,4,Coastal wetlands,3,567,0.0751105957136108,0.0
week5-m3-f10-seed17,M3,17,Portugal,source_distance,Q1,570,0.3558966841451997,5,Complex cultivation patterns,37,533,0.2439989552460771,0.40540540540540543
week5-m3-f10-seed17,M3,17,Portugal,source_distance,Q1,570,0.3558966841451997,6,Coniferous forest,22,548,0.2495229639045019,0.5454545454545454
week5-m3-f10-seed17,M3,17,Portugal,source_distance,Q1,570,0.3558966841451997,7,Industrial or commercial units,6,564,0.2815024408161663,0.0
week5-m3-f10-seed17,M3,17,Portugal,source_distance,Q1,570,0.3558966841451997,8,Inland waters,3,567,0.0745323416723011,0.0
week5-m3-f10-seed17,M3,17,Portugal,source_distance,Q1,570,0.3558966841451997,9,Inland wetlands,0,570,,
week5-m3-f10-seed17,M3,17,Portugal,source_distance,Q1,570,0.3558966841451997,10,"Land principally occupied by agriculture, with significant areas of natural vegetation",43,527,0.28739231846577046,0.27906976744186046
week5-m3-f10-seed17,M3,17,Portugal,source_distance,Q1,570,0.3558966841451997,11,Marine waters,413,157,0.999296606895433,0.9951573849878934
week5-m3-f10-seed17,M3,17,Portugal,source_distance,Q1,570,0.3558966841451997,12,Mixed forest,35,535,0.3721010636837788,0.4857142857142857
week5-m3-f10-seed17,M3,17,Portugal,source_distance,Q1,570,0.3558966841451997,13,"Moors, heathland and sclerophyllous vegetation",41,529,0.11612830173803806,0.024390243902439025
week5-m3-f10-seed17,M3,17,Portugal,source_distance,Q1,570,0.3558966841451997,14,Natural grassland and sparsely vegetated areas,4,566,0.16874223694327795,0.75
week5-m3-f10-seed17,M3,17,Portugal,source_distance,Q1,570,0.3558966841451997,15,Pastures,16,554,0.3515461140920466,0.375
week5-m3-f10-seed17,M3,17,Portugal,source_distance,Q1,570,0.3558966841451997,16,Permanent crops,34,536,0.31609251401153765,0.058823529411764705
week5-m3-f10-seed17,M3,17,Portugal,source_distance,Q1,570,0.3558966841451997,17,"Transitional woodland, shrub",95,475,0.47071743897997415,0.11578947368421053
week5-m3-f10-seed17,M3,17,Portugal,source_distance,Q1,570,0.3558966841451997,18,Urban fabric,18,552,0.37991801514962775,0.4444444444444444
week5-m3-f10-seed17,M3,17,Portugal,source_distance,Q2,582,0.29344716073510013,0,Agro-forestry areas,177,405,0.3301557303737273,0.0
week5-m3-f10-seed17,M3,17,Portugal,source_distance,Q2,582,0.29344716073510013,1,Arable land,197,385,0.563672426396331,0.7868020304568528
week5-m3-f10-seed17,M3,17,Portugal,source_distance,Q2,582,0.29344716073510013,2,"Beaches, dunes, sands",5,577,0.15525252525252525,0.0
week5-m3-f10-seed17,M3,17,Portugal,source_distance,Q2,582,0.29344716073510013,3,Broad-leaved forest,268,314,0.5329573040029221,0.5895522388059702
week5-m3-f10-seed17,M3,17,Portugal,source_distance,Q2,582,0.29344716073510013,4,Coastal wetlands,6,576,0.017316820704538206,0.0
week5-m3-f10-seed17,M3,17,Portugal,source_distance,Q2,582,0.29344716073510013,5,Complex cultivation patterns,114,468,0.2386924020199399,0.5350877192982456
week5-m3-f10-seed17,M3,17,Portugal,source_distance,Q2,582,0.29344716073510013,6,Coniferous forest,76,506,0.18935966484137814,0.3815789473684211
week5-m3-f10-seed17,M3,17,Portugal,source_distance,Q2,582,0.29344716073510013,7,Industrial or commercial units,10,572,0.08958955166650041,0.1
week5-m3-f10-seed17,M3,17,Portugal,source_distance,Q2,582,0.29344716073510013,8,Inland waters,20,562,0.18637612617451865,0.1
week5-m3-f10-seed17,M3,17,Portugal,source_distance,Q2,582,0.29344716073510013,9,Inland wetlands,2,580,0.11612903225806452,0.0
week5-m3-f10-seed17,M3,17,Portugal,source_distance,Q2,582,0.29344716073510013,10,"Land principally occupied by agriculture, with significant areas of natural vegetation",124,458,0.22144828037399017,0.41935483870967744
week5-m3-f10-seed17,M3,17,Portugal,source_distance,Q2,582,0.29344716073510013,11,Marine waters,23,559,0.8509267454934144,0.7391304347826086
week5-m3-f10-seed17,M3,17,Portugal,source_distance,Q2,582,0.29344716073510013,12,Mixed forest,102,480,0.24304218411956421,0.4117647058823529
week5-m3-f10-seed17,M3,17,Portugal,source_distance,Q2,582,0.29344716073510013,13,"Moors, heathland and sclerophyllous vegetation",87,495,0.15014228766842272,0.034482758620689655
week5-m3-f10-seed17,M3,17,Portugal,source_distance,Q2,582,0.29344716073510013,14,Natural grassland and sparsely vegetated areas,4,578,0.019858110965379035,0.5
week5-m3-f10-seed17,M3,17,Portugal,source_distance,Q2,582,0.29344716073510013,15,Pastures,67,515,0.17718010713883625,0.373134328358209
week5-m3-f10-seed17,M3,17,Portugal,source_distance,Q2,582,0.29344716073510013,16,Permanent crops,138,444,0.2793594515091497,0.0
week5-m3-f10-seed17,M3,17,Portugal,source_distance,Q2,582,0.29344716073510013,17,"Transitional woodland, shrub",293,289,0.5011766013571081,0.24573378839590443
week5-m3-f10-seed17,M3,17,Portugal,source_distance,Q2,582,0.29344716073510013,18,Urban fabric,49,533,0.3352442957760827,0.5306122448979592
week5-m3-f10-seed17,M3,17,Portugal,source_distance,Q3,785,0.2945110538275069,0,Agro-forestry areas,307,478,0.3752971332292063,0.0
week5-m3-f10-seed17,M3,17,Portugal,source_distance,Q3,785,0.2945110538275069,1,Arable land,363,422,0.6643801689371263,0.8815426997245179
week5-m3-f10-seed17,M3,17,Portugal,source_distance,Q3,785,0.2945110538275069,2,"Beaches, dunes, sands",4,781,0.0972462939744819,0.0
week5-m3-f10-seed17,M3,17,Portugal,source_distance,Q3,785,0.2945110538275069,3,Broad-leaved forest,365,420,0.5744964310280197,0.589041095890411
week5-m3-f10-seed17,M3,17,Portugal,source_distance,Q3,785,0.2945110538275069,4,Coastal wetlands,5,780,0.004521235141471547,0.0
week5-m3-f10-seed17,M3,17,Portugal,source_distance,Q3,785,0.2945110538275069,5,Complex cultivation patterns,173,612,0.2748850785964941,0.6358381502890174
week5-m3-f10-seed17,M3,17,Portugal,source_distance,Q3,785,0.2945110538275069,6,Coniferous forest,75,710,0.16573484911491282,0.32
week5-m3-f10-seed17,M3,17,Portugal,source_distance,Q3,785,0.2945110538275069,7,Industrial or commercial units,17,768,0.13467631050864792,0.11764705882352941
week5-m3-f10-seed17,M3,17,Portugal,source_distance,Q3,785,0.2945110538275069,8,Inland waters,41,744,0.27856159922349355,0.1951219512195122
week5-m3-f10-seed17,M3,17,Portugal,source_distance,Q3,785,0.2945110538275069,9,Inland wetlands,0,785,,
week5-m3-f10-seed17,M3,17,Portugal,source_distance,Q3,785,0.2945110538275069,10,"Land principally occupied by agriculture, with significant areas of natural vegetation",155,630,0.18435988961706098,0.5612903225806452
week5-m3-f10-seed17,M3,17,Portugal,source_distance,Q3,785,0.2945110538275069,11,Marine waters,12,773,0.45407472014907607,0.4166666666666667
week5-m3-f10-seed17,M3,17,Portugal,source_distance,Q3,785,0.2945110538275069,12,Mixed forest,133,652,0.2088613346623247,0.21804511278195488
week5-m3-f10-seed17,M3,17,Portugal,source_distance,Q3,785,0.2945110538275069,13,"Moors, heathland and sclerophyllous vegetation",117,668,0.1880009153344227,0.017094017094017096
week5-m3-f10-seed17,M3,17,Portugal,source_distance,Q3,785,0.2945110538275069,14,Natural grassland and sparsely vegetated areas,11,774,0.013519033232559836,0.18181818181818182
week5-m3-f10-seed17,M3,17,Portugal,source_distance,Q3,785,0.2945110538275069,15,Pastures,108,677,0.20981763040893817,0.4537037037037037
week5-m3-f10-seed17,M3,17,Portugal,source_distance,Q3,785,0.2945110538275069,16,Permanent crops,195,590,0.28256732715616545,0.0
week5-m3-f10-seed17,M3,17,Portugal,source_distance,Q3,785,0.2945110538275069,17,"Transitional woodland, shrub",399,386,0.49826294505936347,0.2506265664160401
week5-m3-f10-seed17,M3,17,Portugal,source_distance,Q3,785,0.2945110538275069,18,Urban fabric,76,709,0.2854675743839976,0.5526315789473685
week5-m3-f10-seed17,M3,17,Portugal,source_distance,Q4,2063,0.2719729886451428,0,Agro-forestry areas,886,1177,0.36701246383128955,0.0
week5-m3-f10-seed17,M3,17,Portugal,source_distance,Q4,2063,0.2719729886451428,1,Arable land,1043,1020,0.6533218377910566,0.887823585810163
week5-m3-f10-seed17,M3,17,Portugal,source_distance,Q4,2063,0.2719729886451428,2,"Beaches, dunes, sands",26,2037,0.09746556375723846,0.0
week5-m3-f10-seed17,M3,17,Portugal,source_distance,Q4,2063,0.2719729886451428,3,Broad-leaved forest,888,1175,0.5100558302728049,0.6126126126126126
week5-m3-f10-seed17,M3,17,Portugal,source_distance,Q4,2063,0.2719729886451428,4,Coastal wetlands,31,2032,0.04082221123109564,0.0
week5-m3-f10-seed17,M3,17,Portugal,source_distance,Q4,2063,0.2719729886451428,5,Complex cultivation patterns,492,1571,0.27040476743314174,0.6321138211382114
week5-m3-f10-seed17,M3,17,Portugal,source_distance,Q4,2063,0.2719729886451428,6,Coniferous forest,212,1851,0.13397061555428685,0.2830188679245283
week5-m3-f10-seed17,M3,17,Portugal,source_distance,Q4,2063,0.2719729886451428,7,Industrial or commercial units,62,2001,0.1504833999936709,0.06451612903225806
week5-m3-f10-seed17,M3,17,Portugal,source_distance,Q4,2063,0.2719729886451428,8,Inland waters,142,1921,0.24734806589456407,0.23943661971830985
week5-m3-f10-seed17,M3,17,Portugal,source_distance,Q4,2063,0.2719729886451428,9,Inland wetlands,2,2061,0.0015118193672739063,0.0
week5-m3-f10-seed17,M3,17,Portugal,source_distance,Q4,2063,0.2719729886451428,10,"Land principally occupied by agriculture, with significant areas of natural vegetation",441,1622,0.21337017106346076,0.6689342403628118
week5-m3-f10-seed17,M3,17,Portugal,source_distance,Q4,2063,0.2719729886451428,11,Marine waters,50,2013,0.4654686945455063,0.16
week5-m3-f10-seed17,M3,17,Portugal,source_distance,Q4,2063,0.2719729886451428,12,Mixed forest,317,1746,0.2055436347338196,0.14511041009463724
week5-m3-f10-seed17,M3,17,Portugal,source_distance,Q4,2063,0.2719729886451428,13,"Moors, heathland and sclerophyllous vegetation",262,1801,0.17454085825004612,0.019083969465648856
week5-m3-f10-seed17,M3,17,Portugal,source_distance,Q4,2063,0.2719729886451428,14,Natural grassland and sparsely vegetated areas,31,2032,0.013025766410840193,0.06451612903225806
week5-m3-f10-seed17,M3,17,Portugal,source_distance,Q4,2063,0.2719729886451428,15,Pastures,388,1675,0.20740463683209842,0.30670103092783507
week5-m3-f10-seed17,M3,17,Portugal,source_distance,Q4,2063,0.2719729886451428,16,Permanent crops,596,1467,0.37890262741059166,0.0
week5-m3-f10-seed17,M3,17,Portugal,source_distance,Q4,2063,0.2719729886451428,17,"Transitional woodland, shrub",965,1098,0.4706998685370291,0.32020725388601035
week5-m3-f10-seed17,M3,17,Portugal,source_distance,Q4,2063,0.2719729886451428,18,Urban fabric,182,1881,0.25551522423209394,0.4835164835164835
week5-m3-f10-seed29,M3,29,I,label_count,1,946,0.51282764145272,0,Agro-forestry areas,0,946,,
week5-m3-f10-seed29,M3,29,I,label_count,1,946,0.51282764145272,1,Arable land,210,736,0.9895913960218534,0.9904761904761905
week5-m3-f10-seed29,M3,29,I,label_count,1,946,0.51282764145272,2,"Beaches, dunes, sands",0,946,,
week5-m3-f10-seed29,M3,29,I,label_count,1,946,0.51282764145272,3,Broad-leaved forest,1,945,1.0,1.0
week5-m3-f10-seed29,M3,29,I,label_count,1,946,0.51282764145272,4,Coastal wetlands,0,946,,
week5-m3-f10-seed29,M3,29,I,label_count,1,946,0.51282764145272,5,Complex cultivation patterns,1,945,0.05555555555555555,1.0
week5-m3-f10-seed29,M3,29,I,label_count,1,946,0.51282764145272,6,Coniferous forest,16,930,0.9705023275335776,1.0
week5-m3-f10-seed29,M3,29,I,label_count,1,946,0.51282764145272,7,Industrial or commercial units,0,946,,
week5-m3-f10-seed29,M3,29,I,label_count,1,946,0.51282764145272,8,Inland waters,4,942,0.054505028996898915,0.0
week5-m3-f10-seed29,M3,29,I,label_count,1,946,0.51282764145272,9,Inland wetlands,14,932,0.0451059582404288,0.0
week5-m3-f10-seed29,M3,29,I,label_count,1,946,0.51282764145272,10,"Land principally occupied by agriculture, with significant areas of natural vegetation",0,946,,
week5-m3-f10-seed29,M3,29,I,label_count,1,946,0.51282764145272,11,Marine waters,543,403,0.9928141400074183,1.0
week5-m3-f10-seed29,M3,29,I,label_count,1,946,0.51282764145272,12,Mixed forest,2,944,0.6428571428571428,1.0
week5-m3-f10-seed29,M3,29,I,label_count,1,946,0.51282764145272,13,"Moors, heathland and sclerophyllous vegetation",2,944,0.004673177760877396,0.0
week5-m3-f10-seed29,M3,29,I,label_count,1,946,0.51282764145272,14,Natural grassland and sparsely vegetated areas,0,946,,
week5-m3-f10-seed29,M3,29,I,label_count,1,946,0.51282764145272,15,Pastures,152,794,0.862243515052679,0.9407894736842105
week5-m3-f10-seed29,M3,29,I,label_count,1,946,0.51282764145272,16,Permanent crops,0,946,,
week5-m3-f10-seed29,M3,29,I,label_count,1,946,0.51282764145272,17,"Transitional woodland, shrub",0,946,,
week5-m3-f10-seed29,M3,29,I,label_count,1,946,0.51282764145272,18,Urban fabric,1,945,0.023255813953488372,0.0
week5-m3-f10-seed29,M3,29,I,label_count,2,495,0.3514135333351457,0,Agro-forestry areas,0,495,,
week5-m3-f10-seed29,M3,29,I,label_count,2,495,0.3514135333351457,1,Arable land,157,338,0.8778172218081528,0.9745222929936306
week5-m3-f10-seed29,M3,29,I,label_count,2,495,0.3514135333351457,2,"Beaches, dunes, sands",5,490,0.36250535090683783,0.0
week5-m3-f10-seed29,M3,29,I,label_count,2,495,0.3514135333351457,3,Broad-leaved forest,62,433,0.5188416371082575,0.7580645161290323
week5-m3-f10-seed29,M3,29,I,label_count,2,495,0.3514135333351457,4,Coastal wetlands,0,495,,
week5-m3-f10-seed29,M3,29,I,label_count,2,495,0.3514135333351457,5,Complex cultivation patterns,42,453,0.13287115424706145,0.35714285714285715
week5-m3-f10-seed29,M3,29,I,label_count,2,495,0.3514135333351457,6,Coniferous forest,70,425,0.870597611487471,0.8571428571428571
week5-m3-f10-seed29,M3,29,I,label_count,2,495,0.3514135333351457,7,Industrial or commercial units,17,478,0.1727444834472791,0.058823529411764705
week5-m3-f10-seed29,M3,29,I,label_count,2,495,0.3514135333351457,8,Inland waters,28,467,0.20795585345314205,0.14285714285714285
week5-m3-f10-seed29,M3,29,I,label_count,2,495,0.3514135333351457,9,Inland wetlands,65,430,0.13121467282264743,0.0
week5-m3-f10-seed29,M3,29,I,label_count,2,495,0.3514135333351457,10,"Land principally occupied by agriculture, with significant areas of natural vegetation",118,377,0.21822500151506447,0.07627118644067797
week5-m3-f10-seed29,M3,29,I,label_count,2,495,0.3514135333351457,11,Marine waters,13,482,0.5115935931353628,0.6153846153846154
week5-m3-f10-seed29,M3,29,I,label_count,2,495,0.3514135333351457,12,Mixed forest,64,431,0.47744801805409404,0.75
week5-m3-f10-seed29,M3,29,I,label_count,2,495,0.3514135333351457,13,"Moors, heathland and sclerophyllous vegetation",20,475,0.04920939745804266,0.0
week5-m3-f10-seed29,M3,29,I,label_count,2,495,0.3514135333351457,14,Natural grassland and sparsely vegetated areas,7,488,0.03295759491424083,0.14285714285714285
week5-m3-f10-seed29,M3,29,I,label_count,2,495,0.3514135333351457,15,Pastures,217,278,0.8329098210853533,0.8525345622119815
week5-m3-f10-seed29,M3,29,I,label_count,2,495,0.3514135333351457,16,Permanent crops,15,480,0.04230072626290612,0.0
week5-m3-f10-seed29,M3,29,I,label_count,2,495,0.3514135333351457,17,"Transitional woodland, shrub",25,470,0.038205768654792714,0.04
week5-m3-f10-seed29,M3,29,I,label_count,2,495,0.3514135333351457,18,Urban fabric,65,430,0.5077239779084628,0.5076923076923077
week5-m3-f10-seed29,M3,29,I,label_count,3,645,0.3951456481874757,0,Agro-forestry areas,0,645,,
week5-m3-f10-seed29,M3,29,I,label_count,3,645,0.3951456481874757,1,Arable land,215,430,0.7124984025071147,0.8883720930232558
week5-m3-f10-seed29,M3,29,I,label_count,3,645,0.3951456481874757,2,"Beaches, dunes, sands",9,636,0.2295336071224631,0.0
week5-m3-f10-seed29,M3,29,I,label_count,3,645,0.3951456481874757,3,Broad-leaved forest,176,469,0.5088339968626606,0.6590909090909091
week5-m3-f10-seed29,M3,29,I,label_count,3,645,0.3951456481874757,4,Coastal wetlands,0,645,,
week5-m3-f10-seed29,M3,29,I,label_count,3,645,0.3951456481874757,5,Complex cultivation patterns,165,480,0.4071579151445762,0.5575757575757576
week5-m3-f10-seed29,M3,29,I,label_count,3,645,0.3951456481874757,6,Coniferous forest,187,458,0.8010938212897267,0.7754010695187166
week5-m3-f10-seed29,M3,29,I,label_count,3,645,0.3951456481874757,7,Industrial or commercial units,18,627,0.31352695306959466,0.16666666666666666
week5-m3-f10-seed29,M3,29,I,label_count,3,645,0.3951456481874757,8,Inland waters,38,607,0.20003582247438276,0.2631578947368421
week5-m3-f10-seed29,M3,29,I,label_count,3,645,0.3951456481874757,9,Inland wetlands,81,564,0.10637160597814416,0.0
week5-m3-f10-seed29,M3,29,I,label_count,3,645,0.3951456481874757,10,"Land principally occupied by agriculture, with significant areas of natural vegetation",158,487,0.2616362186304237,0.3860759493670886
week5-m3-f10-seed29,M3,29,I,label_count,3,645,0.3951456481874757,11,Marine waters,34,611,0.5439825561003682,0.29411764705882354
week5-m3-f10-seed29,M3,29,I,label_count,3,645,0.3951456481874757,12,Mixed forest,227,418,0.5892148872645877,0.7797356828193832
week5-m3-f10-seed29,M3,29,I,label_count,3,645,0.3951456481874757,13,"Moors, heathland and sclerophyllous vegetation",33,612,0.09071776567165099,0.0
week5-m3-f10-seed29,M3,29,I,label_count,3,645,0.3951456481874757,14,Natural grassland and sparsely vegetated areas,21,624,0.12629464964714945,0.23809523809523808
week5-m3-f10-seed29,M3,29,I,label_count,3,645,0.3951456481874757,15,Pastures,262,383,0.7020598818885068,0.8358778625954199
week5-m3-f10-seed29,M3,29,I,label_count,3,645,0.3951456481874757,16,Permanent crops,35,610,0.06118758906981692,0.0
week5-m3-f10-seed29,M3,29,I,label_count,3,645,0.3951456481874757,17,"Transitional woodland, shrub",85,560,0.16094551095333384,0.23529411764705882
week5-m3-f10-seed29,M3,29,I,label_count,3,645,0.3951456481874757,18,Urban fabric,191,454,0.7367727944475745,0.6335078534031413
week5-m3-f10-seed29,M3,29,I,label_count,4+,914,0.4355062175973936,0,Agro-forestry areas,0,914,,
week5-m3-f10-seed29,M3,29,I,label_count,4+,914,0.4355062175973936,1,Arable land,454,460,0.7579875275304068,0.8458149779735683
week5-m3-f10-seed29,M3,29,I,label_count,4+,914,0.4355062175973936,2,"Beaches, dunes, sands",10,904,0.07684365293280807,0.0
week5-m3-f10-seed29,M3,29,I,label_count,4+,914,0.4355062175973936,3,Broad-leaved forest,479,435,0.6920069373322235,0.6764091858037579
week5-m3-f10-seed29,M3,29,I,label_count,4+,914,0.4355062175973936,4,Coastal wetlands,1,913,0.0022522522522522522,0.0
week5-m3-f10-seed29,M3,29,I,label_count,4+,914,0.4355062175973936,5,Complex cultivation patterns,457,457,0.60948037145137,0.5995623632385121
week5-m3-f10-seed29,M3,29,I,label_count,4+,914,0.4355062175973936,6,Coniferous forest,307,607,0.6837218089037133,0.6579804560260586
week5-m3-f10-seed29,M3,29,I,label_count,4+,914,0.4355062175973936,7,Industrial or commercial units,52,862,0.3284425251398248,0.15384615384615385
week5-m3-f10-seed29,M3,29,I,label_count,4+,914,0.4355062175973936,8,Inland waters,138,776,0.3791048734397114,0.2826086956521739
week5-m3-f10-seed29,M3,29,I,label_count,4+,914,0.4355062175973936,9,Inland wetlands,113,801,0.12421657411333009,0.008849557522123894
week5-m3-f10-seed29,M3,29,I,label_count,4+,914,0.4355062175973936,10,"Land principally occupied by agriculture, with significant areas of natural vegetation",418,496,0.5216850238374308,0.5119617224880383
week5-m3-f10-seed29,M3,29,I,label_count,4+,914,0.4355062175973936,11,Marine waters,27,887,0.13509992310143,0.0
week5-m3-f10-seed29,M3,29,I,label_count,4+,914,0.4355062175973936,12,Mixed forest,519,395,0.7202788859385683,0.6551059730250481
week5-m3-f10-seed29,M3,29,I,label_count,4+,914,0.4355062175973936,13,"Moors, heathland and sclerophyllous vegetation",52,862,0.11405712060624194,0.0
week5-m3-f10-seed29,M3,29,I,label_count,4+,914,0.4355062175973936,14,Natural grassland and sparsely vegetated areas,42,872,0.07826154838676139,0.21428571428571427
week5-m3-f10-seed29,M3,29,I,label_count,4+,914,0.4355062175973936,15,Pastures,469,445,0.7165646776314106,0.7505330490405118
week5-m3-f10-seed29,M3,29,I,label_count,4+,914,0.4355062175973936,16,Permanent crops,101,813,0.1101280074980431,0.0
week5-m3-f10-seed29,M3,29,I,label_count,4+,914,0.4355062175973936,17,"Transitional woodland, shrub",216,698,0.2805435875988546,0.2824074074074074
week5-m3-f10-seed29,M3,29,I,label_count,4+,914,0.4355062175973936,18,Urban fabric,356,558,0.7165200890489766,0.5730337078651685
week5-m3-f10-seed29,M3,29,I,quarter,Q1,81,0.4050023989333561,0,Agro-forestry areas,0,81,,
week5-m3-f10-seed29,M3,29,I,quarter,Q1,81,0.4050023989333561,1,Arable land,52,29,0.757406930875882,0.19230769230769232
week5-m3-f10-seed29,M3,29,I,quarter,Q1,81,0.4050023989333561,2,"Beaches, dunes, sands",0,81,,
week5-m3-f10-seed29,M3,29,I,quarter,Q1,81,0.4050023989333561,3,Broad-leaved forest,35,46,0.40635322201035207,0.8
week5-m3-f10-seed29,M3,29,I,quarter,Q1,81,0.4050023989333561,4,Coastal wetlands,0,81,,
week5-m3-f10-seed29,M3,29,I,quarter,Q1,81,0.4050023989333561,5,Complex cultivation patterns,62,19,0.734442104319695,0.06451612903225806
week5-m3-f10-seed29,M3,29,I,quarter,Q1,81,0.4050023989333561,6,Coniferous forest,16,65,0.5037508412234288,0.8125
week5-m3-f10-seed29,M3,29,I,quarter,Q1,81,0.4050023989333561,7,Industrial or commercial units,1,80,0.05555555555555555,0.0
week5-m3-f10-seed29,M3,29,I,quarter,Q1,81,0.4050023989333561,8,Inland waters,20,61,0.4097918201324882,0.0
week5-m3-f10-seed29,M3,29,I,quarter,Q1,81,0.4050023989333561,9,Inland wetlands,5,76,0.06715268363350205,0.0
week5-m3-f10-seed29,M3,29,I,quarter,Q1,81,0.4050023989333561,10,"Land principally occupied by agriculture, with significant areas of natural vegetation",48,33,0.45819848338494434,0.20833333333333334
week5-m3-f10-seed29,M3,29,I,quarter,Q1,81,0.4050023989333561,11,Marine waters,0,81,,
week5-m3-f10-seed29,M3,29,I,quarter,Q1,81,0.4050023989333561,12,Mixed forest,39,42,0.6561262291432861,0.3333333333333333
week5-m3-f10-seed29,M3,29,I,quarter,Q1,81,0.4050023989333561,13,"Moors, heathland and sclerophyllous vegetation",0,81,,
week5-m3-f10-seed29,M3,29,I,quarter,Q1,81,0.4050023989333561,14,Natural grassland and sparsely vegetated areas,0,81,,
week5-m3-f10-seed29,M3,29,I,quarter,Q1,81,0.4050023989333561,15,Pastures,55,26,0.7249310456136879,0.03636363636363636
week5-m3-f10-seed29,M3,29,I,quarter,Q1,81,0.4050023989333561,16,Permanent crops,2,79,0.03835125448028674,0.0
week5-m3-f10-seed29,M3,29,I,quarter,Q1,81,0.4050023989333561,17,"Transitional woodland, shrub",18,63,0.22586169802264516,0.0
week5-m3-f10-seed29,M3,29,I,quarter,Q1,81,0.4050023989333561,18,Urban fabric,14,67,0.22710931773787507,0.07142857142857142
week5-m3-f10-seed29,M3,29,I,quarter,Q2,391,0.4044369168049516,0,Agro-forestry areas,0,391,,
week5-m3-f10-seed29,M3,29,I,quarter,Q2,391,0.4044369168049516,1,Arable land,151,240,0.8076083111715403,0.9337748344370861
week5-m3-f10-seed29,M3,29,I,quarter,Q2,391,0.4044369168049516,2,"Beaches, dunes, sands",0,391,,
week5-m3-f10-seed29,M3,29,I,quarter,Q2,391,0.4044369168049516,3,Broad-leaved forest,153,238,0.5070382313412066,0.5424836601307189
week5-m3-f10-seed29,M3,29,I,quarter,Q2,391,0.4044369168049516,4,Coastal wetlands,0,391,,
week5-m3-f10-seed29,M3,29,I,quarter,Q2,391,0.4044369168049516,5,Complex cultivation patterns,127,264,0.44975981751479066,0.5511811023622047
week5-m3-f10-seed29,M3,29,I,quarter,Q2,391,0.4044369168049516,6,Coniferous forest,129,262,0.8522507704530108,0.8217054263565892
week5-m3-f10-seed29,M3,29,I,quarter,Q2,391,0.4044369168049516,7,Industrial or commercial units,16,375,0.3833662928574748,0.25
week5-m3-f10-seed29,M3,29,I,quarter,Q2,391,0.4044369168049516,8,Inland waters,19,372,0.1789305341470742,0.05263157894736842
week5-m3-f10-seed29,M3,29,I,quarter,Q2,391,0.4044369168049516,9,Inland wetlands,33,358,0.05435416443049806,0.0
week5-m3-f10-seed29,M3,29,I,quarter,Q2,391,0.4044369168049516,10,"Land principally occupied by agriculture, with significant areas of natural vegetation",91,300,0.25562342162424107,0.6373626373626373
week5-m3-f10-seed29,M3,29,I,quarter,Q2,391,0.4044369168049516,11,Marine waters,0,391,,
week5-m3-f10-seed29,M3,29,I,quarter,Q2,391,0.4044369168049516,12,Mixed forest,190,201,0.6582243790108933,0.6842105263157895
week5-m3-f10-seed29,M3,29,I,quarter,Q2,391,0.4044369168049516,13,"Moors, heathland and sclerophyllous vegetation",12,379,0.0392641159635631,0.0
week5-m3-f10-seed29,M3,29,I,quarter,Q2,391,0.4044369168049516,14,Natural grassland and sparsely vegetated areas,6,385,0.07033387454473894,0.3333333333333333
week5-m3-f10-seed29,M3,29,I,quarter,Q2,391,0.4044369168049516,15,Pastures,157,234,0.7998067753625413,0.8535031847133758
week5-m3-f10-seed29,M3,29,I,quarter,Q2,391,0.4044369168049516,16,Permanent crops,29,362,0.11286520476507868,0.0
week5-m3-f10-seed29,M3,29,I,quarter,Q2,391,0.4044369168049516,17,"Transitional woodland, shrub",54,337,0.1459490587143955,0.1111111111111111
week5-m3-f10-seed29,M3,29,I,quarter,Q2,391,0.4044369168049516,18,Urban fabric,164,227,0.7511788001732266,0.6402439024390244
week5-m3-f10-seed29,M3,29,I,quarter,Q3,1919,0.4475493649216036,0,Agro-forestry areas,0,1919,,
week5-m3-f10-seed29,M3,29,I,quarter,Q3,1919,0.4475493649216036,1,Arable land,474,1445,0.7680301704501795,0.9472573839662447
week5-m3-f10-seed29,M3,29,I,quarter,Q3,1919,0.4475493649216036,2,"Beaches, dunes, sands",24,1895,0.02995440385380499,0.0
week5-m3-f10-seed29,M3,29,I,quarter,Q3,1919,0.4475493649216036,3,Broad-leaved forest,375,1544,0.6409300869068254,0.8026666666666666
week5-m3-f10-seed29,M3,29,I,quarter,Q3,1919,0.4475493649216036,4,Coastal wetlands,1,1918,0.0010582010582010583,0.0
week5-m3-f10-seed29,M3,29,I,quarter,Q3,1919,0.4475493649216036,5,Complex cultivation patterns,347,1572,0.5539618423299955,0.7118155619596542
week5-m3-f10-seed29,M3,29,I,quarter,Q3,1919,0.4475493649216036,6,Coniferous forest,313,1606,0.6951399841287864,0.6837060702875399
week5-m3-f10-seed29,M3,29,I,quarter,Q3,1919,0.4475493649216036,7,Industrial or commercial units,34,1885,0.2816145851438035,0.14705882352941177
week5-m3-f10-seed29,M3,29,I,quarter,Q3,1919,0.4475493649216036,8,Inland waters,140,1779,0.3476760727975184,0.3357142857142857
week5-m3-f10-seed29,M3,29,I,quarter,Q3,1919,0.4475493649216036,9,Inland wetlands,177,1742,0.11140162224403312,0.0
week5-m3-f10-seed29,M3,29,I,quarter,Q3,1919,0.4475493649216036,10,"Land principally occupied by agriculture, with significant areas of natural vegetation",466,1453,0.38937413482067107,0.38626609442060084
week5-m3-f10-seed29,M3,29,I,quarter,Q3,1919,0.4475493649216036,11,Marine waters,617,1302,0.9643646464391517,0.9092382495948136
week5-m3-f10-seed29,M3,29,I,quarter,Q3,1919,0.4475493649216036,12,Mixed forest,407,1512,0.5957255667812794,0.7346437346437347
week5-m3-f10-seed29,M3,29,I,quarter,Q3,1919,0.4475493649216036,13,"Moors, heathland and sclerophyllous vegetation",85,1834,0.07386638776808889,0.0
week5-m3-f10-seed29,M3,29,I,quarter,Q3,1919,0.4475493649216036,14,Natural grassland and sparsely vegetated areas,50,1869,0.17965859923342187,0.2
week5-m3-f10-seed29,M3,29,I,quarter,Q3,1919,0.4475493649216036,15,Pastures,731,1188,0.7900435312395793,0.8741450068399452
week5-m3-f10-seed29,M3,29,I,quarter,Q3,1919,0.4475493649216036,16,Permanent crops,57,1862,0.04370964917135174,0.0
week5-m3-f10-seed29,M3,29,I,quarter,Q3,1919,0.4475493649216036,17,"Transitional woodland, shrub",190,1729,0.17367978961204583,0.3473684210526316
week5-m3-f10-seed29,M3,29,I,quarter,Q3,1919,0.4475493649216036,18,Urban fabric,236,1683,0.5516131696789264,0.6101694915254238
week5-m3-f10-seed29,M3,29,I,quarter,Q4,609,0.39162875183916296,0,Agro-forestry areas,0,609,,
week5-m3-f10-seed29,M3,29,I,quarter,Q4,609,0.39162875183916296,1,Arable land,359,250,0.930379345049208,0.935933147632312
week5-m3-f10-seed29,M3,29,I,quarter,Q4,609,0.39162875183916296,2,"Beaches, dunes, sands",0,609,,
week5-m3-f10-seed29,M3,29,I,quarter,Q4,609,0.39162875183916296,3,Broad-leaved forest,155,454,0.48112658569248234,0.49032258064516127
week5-m3-f10-seed29,M3,29,I,quarter,Q4,609,0.39162875183916296,4,Coastal wetlands,0,609,,
week5-m3-f10-seed29,M3,29,I,quarter,Q4,609,0.39162875183916296,5,Complex cultivation patterns,129,480,0.32557611012754395,0.4728682170542636
week5-m3-f10-seed29,M3,29,I,quarter,Q4,609,0.39162875183916296,6,Coniferous forest,122,487,0.7776754445581846,0.7377049180327869
week5-m3-f10-seed29,M3,29,I,quarter,Q4,609,0.39162875183916296,7,Industrial or commercial units,36,573,0.2791875962246872,0.08333333333333333
week5-m3-f10-seed29,M3,29,I,quarter,Q4,609,0.39162875183916296,8,Inland waters,29,580,0.20652190123375078,0.1724137931034483
week5-m3-f10-seed29,M3,29,I,quarter,Q4,609,0.39162875183916296,9,Inland wetlands,58,551,0.10751944130642692,0.017241379310344827
week5-m3-f10-seed29,M3,29,I,quarter,Q4,609,0.39162875183916296,10,"Land principally occupied by agriculture, with significant areas of natural vegetation",89,520,0.3430658302500388,0.4044943820224719
week5-m3-f10-seed29,M3,29,I,quarter,Q4,609,0.39162875183916296,11,Marine waters,0,609,,
week5-m3-f10-seed29,M3,29,I,quarter,Q4,609,0.39162875183916296,12,Mixed forest,176,433,0.6715122814472054,0.7102272727272727
week5-m3-f10-seed29,M3,29,I,quarter,Q4,609,0.39162875183916296,13,"Moors, heathland and sclerophyllous vegetation",10,599,0.06972048194865073,0.0
week5-m3-f10-seed29,M3,29,I,quarter,Q4,609,0.39162875183916296,14,Natural grassland and sparsely vegetated areas,14,595,0.037370124196562444,0.21428571428571427
week5-m3-f10-seed29,M3,29,I,quarter,Q4,609,0.39162875183916296,15,Pastures,157,452,0.6222105915521384,0.7898089171974523
week5-m3-f10-seed29,M3,29,I,quarter,Q4,609,0.39162875183916296,16,Permanent crops,63,546,0.14754541363490337,0.0
week5-m3-f10-seed29,M3,29,I,quarter,Q4,609,0.39162875183916296,17,"Transitional woodland, shrub",64,545,0.14203883132572942,0.15625
week5-m3-f10-seed29,M3,29,I,quarter,Q4,609,0.39162875183916296,18,Urban fabric,199,410,0.7329812990399319,0.542713567839196
week5-m3-f10-seed29,M3,29,I,country,Austria,752,0.3982770748343196,0,Agro-forestry areas,0,752,,
week5-m3-f10-seed29,M3,29,I,country,Austria,752,0.3982770748343196,1,Arable land,499,253,0.8911799643084596,0.9298597194388778
week5-m3-f10-seed29,M3,29,I,country,Austria,752,0.3982770748343196,2,"Beaches, dunes, sands",0,752,,
week5-m3-f10-seed29,M3,29,I,country,Austria,752,0.3982770748343196,3,Broad-leaved forest,424,328,0.7750463756038621,0.6768867924528302
week5-m3-f10-seed29,M3,29,I,country,Austria,752,0.3982770748343196,4,Coastal wetlands,0,752,,
week5-m3-f10-seed29,M3,29,I,country,Austria,752,0.3982770748343196,5,Complex cultivation patterns,288,464,0.5480980441031913,0.6215277777777778
week5-m3-f10-seed29,M3,29,I,country,Austria,752,0.3982770748343196,6,Coniferous forest,136,616,0.6888555795728143,0.7426470588235294
week5-m3-f10-seed29,M3,29,I,country,Austria,752,0.3982770748343196,7,Industrial or commercial units,16,736,0.3577559844360445,0.25
week5-m3-f10-seed29,M3,29,I,country,Austria,752,0.3982770748343196,8,Inland waters,52,700,0.14778313749925087,0.15384615384615385
week5-m3-f10-seed29,M3,29,I,country,Austria,752,0.3982770748343196,9,Inland wetlands,36,716,0.05865502256110014,0.0
week5-m3-f10-seed29,M3,29,I,country,Austria,752,0.3982770748343196,10,"Land principally occupied by agriculture, with significant areas of natural vegetation",193,559,0.31555195304176803,0.44559585492227977
week5-m3-f10-seed29,M3,29,I,country,Austria,752,0.3982770748343196,11,Marine waters,0,752,,
week5-m3-f10-seed29,M3,29,I,country,Austria,752,0.3982770748343196,12,Mixed forest,311,441,0.5794748137921811,0.6045016077170418
week5-m3-f10-seed29,M3,29,I,country,Austria,752,0.3982770748343196,13,"Moors, heathland and sclerophyllous vegetation",2,750,0.25510204081632654,0.0
week5-m3-f10-seed29,M3,29,I,country,Austria,752,0.3982770748343196,14,Natural grassland and sparsely vegetated areas,30,722,0.20329855657629164,0.3
week5-m3-f10-seed29,M3,29,I,country,Austria,752,0.3982770748343196,15,Pastures,171,581,0.36098402688702685,0.7602339181286549
week5-m3-f10-seed29,M3,29,I,country,Austria,752,0.3982770748343196,16,Permanent crops,108,644,0.1347486200030707,0.0
week5-m3-f10-seed29,M3,29,I,country,Austria,752,0.3982770748343196,17,"Transitional woodland, shrub",42,710,0.08657340452401781,0.3333333333333333
week5-m3-f10-seed29,M3,29,I,country,Austria,752,0.3982770748343196,18,Urban fabric,235,517,0.5710485987893887,0.5957446808510638
week5-m3-f10-seed29,M3,29,I,country,Belgium,376,0.40065333368807476,0,Agro-forestry areas,0,376,,
week5-m3-f10-seed29,M3,29,I,country,Belgium,376,0.40065333368807476,1,Arable land,12,364,0.16016496963850205,1.0
week5-m3-f10-seed29,M3,29,I,country,Belgium,376,0.40065333368807476,2,"Beaches, dunes, sands",0,376,,
week5-m3-f10-seed29,M3,29,I,country,Belgium,376,0.40065333368807476,3,Broad-leaved forest,94,282,0.37205613237228596,0.5638297872340425
week5-m3-f10-seed29,M3,29,I,country,Belgium,376,0.40065333368807476,4,Coastal wetlands,0,376,,
week5-m3-f10-seed29,M3,29,I,country,Belgium,376,0.40065333368807476,5,Complex cultivation patterns,74,302,0.47163246366340944,0.7837837837837838
week5-m3-f10-seed29,M3,29,I,country,Belgium,376,0.40065333368807476,6,Coniferous forest,184,192,0.9047725534242406,0.8532608695652174
week5-m3-f10-seed29,M3,29,I,country,Belgium,376,0.40065333368807476,7,Industrial or commercial units,26,350,0.33880687884005006,0.19230769230769232
week5-m3-f10-seed29,M3,29,I,country,Belgium,376,0.40065333368807476,8,Inland waters,9,367,0.13838999808042324,0.1111111111111111
week5-m3-f10-seed29,M3,29,I,country,Belgium,376,0.40065333368807476,9,Inland wetlands,52,324,0.10218133781377571,0.0
week5-m3-f10-seed29,M3,29,I,country,Belgium,376,0.40065333368807476,10,"Land principally occupied by agriculture, with significant areas of natural vegetation",79,297,0.3048147900697002,0.6329113924050633
week5-m3-f10-seed29,M3,29,I,country,Belgium,376,0.40065333368807476,11,Marine waters,0,376,,
week5-m3-f10-seed29,M3,29,I,country,Belgium,376,0.40065333368807476,12,Mixed forest,198,178,0.7449840455077599,0.8535353535353535
week5-m3-f10-seed29,M3,29,I,country,Belgium,376,0.40065333368807476,13,"Moors, heathland and sclerophyllous vegetation",22,354,0.05747628769190753,0.0
week5-m3-f10-seed29,M3,29,I,country,Belgium,376,0.40065333368807476,14,Natural grassland and sparsely vegetated areas,5,371,0.02445324486833921,0.6
week5-m3-f10-seed29,M3,29,I,country,Belgium,376,0.40065333368807476,15,Pastures,239,137,0.9023128196536188,0.9121338912133892
week5-m3-f10-seed29,M3,29,I,country,Belgium,376,0.40065333368807476,16,Permanent crops,0,376,,
week5-m3-f10-seed29,M3,29,I,country,Belgium,376,0.40065333368807476,17,"Transitional woodland, shrub",71,305,0.180868210600604,0.028169014084507043
week5-m3-f10-seed29,M3,29,I,country,Belgium,376,0.40065333368807476,18,Urban fabric,196,180,0.9062329394084296,0.6581632653061225
week5-m3-f10-seed29,M3,29,I,country,Ireland,744,0.2885400699858986,0,Agro-forestry areas,0,744,,
week5-m3-f10-seed29,M3,29,I,country,Ireland,744,0.2885400699858986,1,Arable land,19,725,0.10695010632953733,0.8421052631578947
week5-m3-f10-seed29,M3,29,I,country,Ireland,744,0.2885400699858986,2,"Beaches, dunes, sands",4,740,0.16027967101301932,0.0
week5-m3-f10-seed29,M3,29,I,country,Ireland,744,0.2885400699858986,3,Broad-leaved forest,2,742,0.010022371364653244,1.0
week5-m3-f10-seed29,M3,29,I,country,Ireland,744,0.2885400699858986,4,Coastal wetlands,1,743,0.002008032128514056,0.0
week5-m3-f10-seed29,M3,29,I,country,Ireland,744,0.2885400699858986,5,Complex cultivation patterns,11,733,0.06267418493984384,0.36363636363636365
week5-m3-f10-seed29,M3,29,I,country,Ireland,744,0.2885400699858986,6,Coniferous forest,70,674,0.31613204330841105,0.18571428571428572
week5-m3-f10-seed29,M3,29,I,country,Ireland,744,0.2885400699858986,7,Industrial or commercial units,8,736,0.30143439010663464,0.125
week5-m3-f10-seed29,M3,29,I,country,Ireland,744,0.2885400699858986,8,Inland waters,23,721,0.25454832888892476,0.4782608695652174
week5-m3-f10-seed29,M3,29,I,country,Ireland,744,0.2885400699858986,9,Inland wetlands,134,610,0.2034187681993735,0.0
week5-m3-f10-seed29,M3,29,I,country,Ireland,744,0.2885400699858986,10,"Land principally occupied by agriculture, with significant areas of natural vegetation",171,573,0.27069705700530566,0.1286549707602339
week5-m3-f10-seed29,M3,29,I,country,Ireland,744,0.2885400699858986,11,Marine waters,258,486,0.9735144921372034,0.8643410852713178
week5-m3-f10-seed29,M3,29,I,country,Ireland,744,0.2885400699858986,12,Mixed forest,25,719,0.04754924502726741,0.6
week5-m3-f10-seed29,M3,29,I,country,Ireland,744,0.2885400699858986,13,"Moors, heathland and sclerophyllous vegetation",76,668,0.08739067018860558,0.0
week5-m3-f10-seed29,M3,29,I,country,Ireland,744,0.2885400699858986,14,Natural grassland and sparsely vegetated areas,28,716,0.11670406226198685,0.10714285714285714
week5-m3-f10-seed29,M3,29,I,country,Ireland,744,0.2885400699858986,15,Pastures,474,270,0.9234454389878066,0.9240506329113924
week5-m3-f10-seed29,M3,29,I,country,Ireland,744,0.2885400699858986,16,Permanent crops,0,744,,
week5-m3-f10-seed29,M3,29,I,country,Ireland,744,0.2885400699858986,17,"Transitional woodland, shrub",47,697,0.11345521225105044,0.2978723404255319
week5-m3-f10-seed29,M3,29,I,country,Ireland,744,0.2885400699858986,18,Urban fabric,55,689,0.5401646787918756,0.509090909090909
week5-m3-f10-seed29,M3,29,I,country,Lithuania,752,0.45781779958802826,0,Agro-forestry areas,0,752,,
week5-m3-f10-seed29,M3,29,I,country,Lithuania,752,0.45781779958802826,1,Arable land,174,578,0.6723034217124264,0.6666666666666666
week5-m3-f10-seed29,M3,29,I,country,Lithuania,752,0.45781779958802826,2,"Beaches, dunes, sands",20,732,0.03469869927307144,0.0
week5-m3-f10-seed29,M3,29,I,country,Lithuania,752,0.45781779958802826,3,Broad-leaved forest,156,596,0.48416868102736016,0.7692307692307693
week5-m3-f10-seed29,M3,29,I,country,Lithuania,752,0.45781779958802826,4,Coastal wetlands,0,752,,
week5-m3-f10-seed29,M3,29,I,country,Lithuania,752,0.45781779958802826,5,Complex cultivation patterns,199,553,0.5718106067691161,0.49748743718592964
week5-m3-f10-seed29,M3,29,I,country,Lithuania,752,0.45781779958802826,6,Coniferous forest,179,573,0.8431372997996177,0.8379888268156425
week5-m3-f10-seed29,M3,29,I,country,Lithuania,752,0.45781779958802826,7,Industrial or commercial units,11,741,0.2864614331940635,0.09090909090909091
week5-m3-f10-seed29,M3,29,I,country,Lithuania,752,0.45781779958802826,8,Inland waters,109,643,0.4541587624176434,0.25688073394495414
week5-m3-f10-seed29,M3,29,I,country,Lithuania,752,0.45781779958802826,9,Inland wetlands,33,719,0.12667752078092026,0.0
week5-m3-f10-seed29,M3,29,I,country,Lithuania,752,0.45781779958802826,10,"Land principally occupied by agriculture, with significant areas of natural vegetation",216,536,0.6115621356172083,0.5046296296296297
week5-m3-f10-seed29,M3,29,I,country,Lithuania,752,0.45781779958802826,11,Marine waters,359,393,0.9708890164825636,0.9415041782729805
week5-m3-f10-seed29,M3,29,I,country,Lithuania,752,0.45781779958802826,12,Mixed forest,248,504,0.8084465069339785,0.7701612903225806
week5-m3-f10-seed29,M3,29,I,country,Lithuania,752,0.45781779958802826,13,"Moors, heathland and sclerophyllous vegetation",7,745,0.006094006930964414,0.0
week5-m3-f10-seed29,M3,29,I,country,Lithuania,752,0.45781779958802826,14,Natural grassland and sparsely vegetated areas,4,748,0.007137715434732849,0.0
week5-m3-f10-seed29,M3,29,I,country,Lithuania,752,0.45781779958802826,15,Pastures,180,572,0.6296148984987867,0.5833333333333334
week5-m3-f10-seed29,M3,29,I,country,Lithuania,752,0.45781779958802826,16,Permanent crops,3,749,0.009141982057021882,0.0
week5-m3-f10-seed29,M3,29,I,country,Lithuania,752,0.45781779958802826,17,"Transitional woodland, shrub",126,626,0.39736550912730345,0.2857142857142857
week5-m3-f10-seed29,M3,29,I,country,Lithuania,752,0.45781779958802826,18,Urban fabric,48,704,0.44611529662474503,0.3958333333333333
week5-m3-f10-seed29,M3,29,I,country,Serbia,376,0.34255383307346055,0,Agro-forestry areas,0,376,,
week5-m3-f10-seed29,M3,29,I,country,Serbia,376,0.34255383307346055,1,Arable land,332,44,0.9732581781900987,0.9879518072289156
week5-m3-f10-seed29,M3,29,I,country,Serbia,376,0.34255383307346055,2,"Beaches, dunes, sands",0,376,,
week5-m3-f10-seed29,M3,29,I,country,Serbia,376,0.34255383307346055,3,Broad-leaved forest,42,334,0.5596157416145563,0.6190476190476191
week5-m3-f10-seed29,M3,29,I,country,Serbia,376,0.34255383307346055,4,Coastal wetlands,0,376,,
week5-m3-f10-seed29,M3,29,I,country,Serbia,376,0.34255383307346055,5,Complex cultivation patterns,93,283,0.3642558902415757,0.45161290322580644
week5-m3-f10-seed29,M3,29,I,country,Serbia,376,0.34255383307346055,6,Coniferous forest,11,365,0.31483283298760256,0.18181818181818182
week5-m3-f10-seed29,M3,29,I,country,Serbia,376,0.34255383307346055,7,Industrial or commercial units,26,350,0.22619219168471386,0.038461538461538464
week5-m3-f10-seed29,M3,29,I,country,Serbia,376,0.34255383307346055,8,Inland waters,15,361,0.5174014852925021,0.3333333333333333
week5-m3-f10-seed29,M3,29,I,country,Serbia,376,0.34255383307346055,9,Inland wetlands,18,358,0.10599806639812741,0.05555555555555555
week5-m3-f10-seed29,M3,29,I,country,Serbia,376,0.34255383307346055,10,"Land principally occupied by agriculture, with significant areas of natural vegetation",35,341,0.2189148689215927,0.4857142857142857
week5-m3-f10-seed29,M3,29,I,country,Serbia,376,0.34255383307346055,11,Marine waters,0,376,,
week5-m3-f10-seed29,M3,29,I,country,Serbia,376,0.34255383307346055,12,Mixed forest,30,346,0.29158986570476314,0.13333333333333333
week5-m3-f10-seed29,M3,29,I,country,Serbia,376,0.34255383307346055,13,"Moors, heathland and sclerophyllous vegetation",0,376,,
week5-m3-f10-seed29,M3,29,I,country,Serbia,376,0.34255383307346055,14,Natural grassland and sparsely vegetated areas,3,373,0.012355480480480482,0.0
week5-m3-f10-seed29,M3,29,I,country,Serbia,376,0.34255383307346055,15,Pastures,36,340,0.19692303788013926,0.2222222222222222
week5-m3-f10-seed29,M3,29,I,country,Serbia,376,0.34255383307346055,16,Permanent crops,40,336,0.162627414717845,0.0
week5-m3-f10-seed29,M3,29,I,country,Serbia,376,0.34255383307346055,17,"Transitional woodland, shrub",40,336,0.28079174866284984,0.4
week5-m3-f10-seed29,M3,29,I,country,Serbia,376,0.34255383307346055,18,Urban fabric,79,297,0.5709968602516009,0.5316455696202531
week5-m3-f10-seed29,M3,29,I,source_distance,Q1,992,0.40624234127008474,0,Agro-forestry areas,0,992,,
week5-m3-f10-seed29,M3,29,I,source_distance,Q1,992,0.40624234127008474,1,Arable land,201,791,0.959190711752511,0.9601990049751243
week5-m3-f10-seed29,M3,29,I,source_distance,Q1,992,0.40624234127008474,2,"Beaches, dunes, sands",4,988,0.02320579877788116,0.0
week5-m3-f10-seed29,M3,29,I,source_distance,Q1,992,0.40624234127008474,3,Broad-leaved forest,65,927,0.402892686705289,0.5846153846153846
week5-m3-f10-seed29,M3,29,I,source_distance,Q1,992,0.40624234127008474,4,Coastal wetlands,0,992,,
week5-m3-f10-seed29,M3,29,I,source_distance,Q1,992,0.40624234127008474,5,Complex cultivation patterns,71,921,0.32776496900278657,0.29577464788732394
week5-m3-f10-seed29,M3,29,I,source_distance,Q1,992,0.40624234127008474,6,Coniferous forest,159,833,0.9523636775258647,0.9308176100628931
week5-m3-f10-seed29,M3,29,I,source_distance,Q1,992,0.40624234127008474,7,Industrial or commercial units,15,977,0.1444397856296757,0.0
week5-m3-f10-seed29,M3,29,I,source_distance,Q1,992,0.40624234127008474,8,Inland waters,30,962,0.061974323375264255,0.0
week5-m3-f10-seed29,M3,29,I,source_distance,Q1,992,0.40624234127008474,9,Inland wetlands,25,967,0.04250614235165049,0.0
week5-m3-f10-seed29,M3,29,I,source_distance,Q1,992,0.40624234127008474,10,"Land principally occupied by agriculture, with significant areas of natural vegetation",82,910,0.2672141447631702,0.15853658536585366
week5-m3-f10-seed29,M3,29,I,source_distance,Q1,992,0.40624234127008474,11,Marine waters,549,443,0.9805566321961107,0.9981785063752276
week5-m3-f10-seed29,M3,29,I,source_distance,Q1,992,0.40624234127008474,12,Mixed forest,147,845,0.8072283512042753,0.8639455782312925
week5-m3-f10-seed29,M3,29,I,source_distance,Q1,992,0.40624234127008474,13,"Moors, heathland and sclerophyllous vegetation",9,983,0.02800194413979586,0.0
week5-m3-f10-seed29,M3,29,I,source_distance,Q1,992,0.40624234127008474,14,Natural grassland and sparsely vegetated areas,12,980,0.11466664419394947,0.5
week5-m3-f10-seed29,M3,29,I,source_distance,Q1,992,0.40624234127008474,15,Pastures,104,888,0.7074456292573903,0.7788461538461539
week5-m3-f10-seed29,M3,29,I,source_distance,Q1,992,0.40624234127008474,16,Permanent crops,13,979,0.04810575262002353,0.0
week5-m3-f10-seed29,M3,29,I,source_distance,Q1,992,0.40624234127008474,17,"Transitional woodland, shrub",66,926,0.19572376439921482,0.19696969696969696
week5-m3-f10-seed29,M3,29,I,source_distance,Q1,992,0.40624234127008474,18,Urban fabric,55,937,0.45980230120438376,0.38181818181818183
week5-m3-f10-seed29,M3,29,I,source_distance,Q2,667,0.41885841872289514,0,Agro-forestry areas,0,667,,
week5-m3-f10-seed29,M3,29,I,source_distance,Q2,667,0.41885841872289514,1,Arable land,249,418,0.786979441426509,0.8995983935742972
week5-m3-f10-seed29,M3,29,I,source_distance,Q2,667,0.41885841872289514,2,"Beaches, dunes, sands",5,662,0.124223478360169,0.0
week5-m3-f10-seed29,M3,29,I,source_distance,Q2,667,0.41885841872289514,3,Broad-leaved forest,177,490,0.5798731704224193,0.7062146892655368
week5-m3-f10-seed29,M3,29,I,source_distance,Q2,667,0.41885841872289514,4,Coastal wetlands,1,666,0.0029069767441860465,0.0
week5-m3-f10-seed29,M3,29,I,source_distance,Q2,667,0.41885841872289514,5,Complex cultivation patterns,183,484,0.4561279585899244,0.546448087431694
week5-m3-f10-seed29,M3,29,I,source_distance,Q2,667,0.41885841872289514,6,Coniferous forest,152,515,0.8077321096927559,0.7960526315789473
week5-m3-f10-seed29,M3,29,I,source_distance,Q2,667,0.41885841872289514,7,Industrial or commercial units,18,649,0.3406435942388779,0.2222222222222222
week5-m3-f10-seed29,M3,29,I,source_distance,Q2,667,0.41885841872289514,8,Inland waters,36,631,0.23139094153419856,0.08333333333333333
week5-m3-f10-seed29,M3,29,I,source_distance,Q2,667,0.41885841872289514,9,Inland wetlands,65,602,0.11968322654851611,0.015384615384615385
week5-m3-f10-seed29,M3,29,I,source_distance,Q2,667,0.41885841872289514,10,"Land principally occupied by agriculture, with significant areas of natural vegetation",193,474,0.3308082634836941,0.35233160621761656
week5-m3-f10-seed29,M3,29,I,source_distance,Q2,667,0.41885841872289514,11,Marine waters,15,652,0.7105670969483391,0.6
week5-m3-f10-seed29,M3,29,I,source_distance,Q2,667,0.41885841872289514,12,Mixed forest,202,465,0.5715969896592721,0.7425742574257426
week5-m3-f10-seed29,M3,29,I,source_distance,Q2,667,0.41885841872289514,13,"Moors, heathland and sclerophyllous vegetation",28,639,0.06510351829017093,0.0
week5-m3-f10-seed29,M3,29,I,source_distance,Q2,667,0.41885841872289514,14,Natural grassland and sparsely vegetated areas,15,652,0.026902469058937287,0.0
week5-m3-f10-seed29,M3,29,I,source_distance,Q2,667,0.41885841872289514,15,Pastures,346,321,0.8099628333019535,0.7947976878612717
week5-m3-f10-seed29,M3,29,I,source_distance,Q2,667,0.41885841872289514,16,Permanent crops,38,629,0.07231150933111319,0.0
week5-m3-f10-seed29,M3,29,I,source_distance,Q2,667,0.41885841872289514,17,"Transitional woodland, shrub",79,588,0.11835148784500568,0.24050632911392406
week5-m3-f10-seed29,M3,29,I,source_distance,Q2,667,0.41885841872289514,18,Urban fabric,159,508,0.6737000891946355,0.559748427672956
week5-m3-f10-seed29,M3,29,I,source_distance,Q3,656,0.3869003186771876,0,Agro-forestry areas,0,656,,
week5-m3-f10-seed29,M3,29,I,source_distance,Q3,656,0.3869003186771876,1,Arable land,270,386,0.7830211046658698,0.9148148148148149
week5-m3-f10-seed29,M3,29,I,source_distance,Q3,656,0.3869003186771876,2,"Beaches, dunes, sands",2,654,0.05952380952380952,0.0
week5-m3-f10-seed29,M3,29,I,source_distance,Q3,656,0.3869003186771876,3,Broad-leaved forest,212,444,0.6138163240432508,0.6839622641509434
week5-m3-f10-seed29,M3,29,I,source_distance,Q3,656,0.3869003186771876,4,Coastal wetlands,0,656,,
week5-m3-f10-seed29,M3,29,I,source_distance,Q3,656,0.3869003186771876,5,Complex cultivation patterns,210,446,0.5299512372503487,0.6714285714285714
week5-m3-f10-seed29,M3,29,I,source_distance,Q3,656,0.3869003186771876,6,Coniferous forest,126,530,0.5499270007645953,0.5634920634920635
week5-m3-f10-seed29,M3,29,I,source_distance,Q3,656,0.3869003186771876,7,Industrial or commercial units,19,637,0.2384050935253105,0.05263157894736842
week5-m3-f10-seed29,M3,29,I,source_distance,Q3,656,0.3869003186771876,8,Inland waters,46,610,0.314998923759196,0.34782608695652173
week5-m3-f10-seed29,M3,29,I,source_distance,Q3,656,0.3869003186771876,9,Inland wetlands,86,570,0.11475941118431367,0.0
week5-m3-f10-seed29,M3,29,I,source_distance,Q3,656,0.3869003186771876,10,"Land principally occupied by agriculture, with significant areas of natural vegetation",193,463,0.3743624341940965,0.48186528497409326
week5-m3-f10-seed29,M3,29,I,source_distance,Q3,656,0.3869003186771876,11,Marine waters,13,643,0.26527585706516416,0.07692307692307693
week5-m3-f10-seed29,M3,29,I,source_distance,Q3,656,0.3869003186771876,12,Mixed forest,210,446,0.5240420844588586,0.6714285714285714
week5-m3-f10-seed29,M3,29,I,source_distance,Q3,656,0.3869003186771876,13,"Moors, heathland and sclerophyllous vegetation",30,626,0.0704238358179769,0.0
week5-m3-f10-seed29,M3,29,I,source_distance,Q3,656,0.3869003186771876,14,Natural grassland and sparsely vegetated areas,24,632,0.07952673860866838,0.25
week5-m3-f10-seed29,M3,29,I,source_distance,Q3,656,0.3869003186771876,15,Pastures,351,305,0.7988150460200013,0.8717948717948718
week5-m3-f10-seed29,M3,29,I,source_distance,Q3,656,0.3869003186771876,16,Permanent crops,48,608,0.09357167981507475,0.0
week5-m3-f10-seed29,M3,29,I,source_distance,Q3,656,0.3869003186771876,17,"Transitional woodland, shrub",80,576,0.1806612321836984,0.25
week5-m3-f10-seed29,M3,29,I,source_distance,Q3,656,0.3869003186771876,18,Urban fabric,186,470,0.6588470954785777,0.6344086021505376
week5-m3-f10-seed29,M3,29,I,source_distance,Q4,685,0.38177229898876763,0,Agro-forestry areas,0,685,,
week5-m3-f10-seed29,M3,29,I,source_distance,Q4,685,0.38177229898876763,1,Arable land,316,369,0.7704389341275117,0.8607594936708861
week5-m3-f10-seed29,M3,29,I,source_distance,Q4,685,0.38177229898876763,2,"Beaches, dunes, sands",13,672,0.10822430225539423,0.0
week5-m3-f10-seed29,M3,29,I,source_distance,Q4,685,0.38177229898876763,3,Broad-leaved forest,264,421,0.5385524480876059,0.6818181818181818
week5-m3-f10-seed29,M3,29,I,source_distance,Q4,685,0.38177229898876763,4,Coastal wetlands,0,685,,
week5-m3-f10-seed29,M3,29,I,source_distance,Q4,685,0.38177229898876763,5,Complex cultivation patterns,201,484,0.47554255578947857,0.5970149253731343
week5-m3-f10-seed29,M3,29,I,source_distance,Q4,685,0.38177229898876763,6,Coniferous forest,143,542,0.4591915411011842,0.5804195804195804
week5-m3-f10-seed29,M3,29,I,source_distance,Q4,685,0.38177229898876763,7,Industrial or commercial units,35,650,0.33746589097218643,0.2
week5-m3-f10-seed29,M3,29,I,source_distance,Q4,685,0.38177229898876763,8,Inland waters,96,589,0.3524825501659709,0.3541666666666667
week5-m3-f10-seed29,M3,29,I,source_distance,Q4,685,0.38177229898876763,9,Inland wetlands,97,588,0.13384354084921823,0.0
week5-m3-f10-seed29,M3,29,I,source_distance,Q4,685,0.38177229898876763,10,"Land principally occupied by agriculture, with significant areas of natural vegetation",226,459,0.42191449398852476,0.48672566371681414
week5-m3-f10-seed29,M3,29,I,source_distance,Q4,685,0.38177229898876763,11,Marine waters,40,645,0.34191421544485107,0.075
week5-m3-f10-seed29,M3,29,I,source_distance,Q4,685,0.38177229898876763,12,Mixed forest,253,432,0.570081669102456,0.5889328063241107
week5-m3-f10-seed29,M3,29,I,source_distance,Q4,685,0.38177229898876763,13,"Moors, heathland and sclerophyllous vegetation",40,645,0.07479297597689717,0.0
week5-m3-f10-seed29,M3,29,I,source_distance,Q4,685,0.38177229898876763,14,Natural grassland and sparsely vegetated areas,19,666,0.060999037682643344,0.15789473684210525
week5-m3-f10-seed29,M3,29,I,source_distance,Q4,685,0.38177229898876763,15,Pastures,299,386,0.6278499354832758,0.7926421404682275
week5-m3-f10-seed29,M3,29,I,source_distance,Q4,685,0.38177229898876763,16,Permanent crops,52,633,0.08426188502907789,0.0
week5-m3-f10-seed29,M3,29,I,source_distance,Q4,685,0.38177229898876763,17,"Transitional woodland, shrub",101,584,0.18553675978038944,0.297029702970297
week5-m3-f10-seed29,M3,29,I,source_distance,Q4,685,0.38177229898876763,18,Urban fabric,213,472,0.6734883502390101,0.6103286384976526
week5-m3-f10-seed29,M3,29,Finland,label_count,1,970,0.5684260060588517,0,Agro-forestry areas,0,970,,
week5-m3-f10-seed29,M3,29,Finland,label_count,1,970,0.5684260060588517,1,Arable land,1,969,0.5,1.0
week5-m3-f10-seed29,M3,29,Finland,label_count,1,970,0.5684260060588517,2,"Beaches, dunes, sands",0,970,,
week5-m3-f10-seed29,M3,29,Finland,label_count,1,970,0.5684260060588517,3,Broad-leaved forest,0,970,,
week5-m3-f10-seed29,M3,29,Finland,label_count,1,970,0.5684260060588517,4,Coastal wetlands,0,970,,
week5-m3-f10-seed29,M3,29,Finland,label_count,1,970,0.5684260060588517,5,Complex cultivation patterns,0,970,,
week5-m3-f10-seed29,M3,29,Finland,label_count,1,970,0.5684260060588517,6,Coniferous forest,160,810,0.8666681913565544,0.59375
week5-m3-f10-seed29,M3,29,Finland,label_count,1,970,0.5684260060588517,7,Industrial or commercial units,0,970,,
week5-m3-f10-seed29,M3,29,Finland,label_count,1,970,0.5684260060588517,8,Inland waters,51,919,0.05440386768655642,0.0
week5-m3-f10-seed29,M3,29,Finland,label_count,1,970,0.5684260060588517,9,Inland wetlands,0,970,,
week5-m3-f10-seed29,M3,29,Finland,label_count,1,970,0.5684260060588517,10,"Land principally occupied by agriculture, with significant areas of natural vegetation",0,970,,
week5-m3-f10-seed29,M3,29,Finland,label_count,1,970,0.5684260060588517,11,Marine waters,752,218,0.9535927257759315,0.9055851063829787
week5-m3-f10-seed29,M3,29,Finland,label_count,1,970,0.5684260060588517,12,Mixed forest,5,965,0.03589125153406868,0.8
week5-m3-f10-seed29,M3,29,Finland,label_count,1,970,0.5684260060588517,13,"Moors, heathland and sclerophyllous vegetation",0,970,,
week5-m3-f10-seed29,M3,29,Finland,label_count,1,970,0.5684260060588517,14,Natural grassland and sparsely vegetated areas,0,970,,
week5-m3-f10-seed29,M3,29,Finland,label_count,1,970,0.5684260060588517,15,Pastures,0,970,,
week5-m3-f10-seed29,M3,29,Finland,label_count,1,970,0.5684260060588517,16,Permanent crops,0,970,,
week5-m3-f10-seed29,M3,29,Finland,label_count,1,970,0.5684260060588517,17,"Transitional woodland, shrub",0,970,,
week5-m3-f10-seed29,M3,29,Finland,label_count,1,970,0.5684260060588517,18,Urban fabric,1,969,1.0,1.0
week5-m3-f10-seed29,M3,29,Finland,label_count,2,933,0.2472890837619374,0,Agro-forestry areas,0,933,,
week5-m3-f10-seed29,M3,29,Finland,label_count,2,933,0.2472890837619374,1,Arable land,24,909,0.24675683502150836,0.6666666666666666
week5-m3-f10-seed29,M3,29,Finland,label_count,2,933,0.2472890837619374,2,"Beaches, dunes, sands",1,932,0.034482758620689655,0.0
week5-m3-f10-seed29,M3,29,Finland,label_count,2,933,0.2472890837619374,3,Broad-leaved forest,13,920,0.008569483504673299,0.3076923076923077
week5-m3-f10-seed29,M3,29,Finland,label_count,2,933,0.2472890837619374,4,Coastal wetlands,1,932,0.0013333333333333333,0.0
week5-m3-f10-seed29,M3,29,Finland,label_count,2,933,0.2472890837619374,5,Complex cultivation patterns,2,931,0.017766116941529235,0.5
week5-m3-f10-seed29,M3,29,Finland,label_count,2,933,0.2472890837619374,6,Coniferous forest,756,177,0.891212190377573,0.4880952380952381
week5-m3-f10-seed29,M3,29,Finland,label_count,2,933,0.2472890837619374,7,Industrial or commercial units,2,931,0.16203703703703703,0.5
week5-m3-f10-seed29,M3,29,Finland,label_count,2,933,0.2472890837619374,8,Inland waters,146,787,0.33228717162102805,0.07534246575342465
week5-m3-f10-seed29,M3,29,Finland,label_count,2,933,0.2472890837619374,9,Inland wetlands,124,809,0.23041656343911898,0.008064516129032258
week5-m3-f10-seed29,M3,29,Finland,label_count,2,933,0.2472890837619374,10,"Land principally occupied by agriculture, with significant areas of natural vegetation",21,912,0.033848717765411485,0.2857142857142857
week5-m3-f10-seed29,M3,29,Finland,label_count,2,933,0.2472890837619374,11,Marine waters,70,863,0.4380335475267843,0.7142857142857143
week5-m3-f10-seed29,M3,29,Finland,label_count,2,933,0.2472890837619374,12,Mixed forest,381,552,0.39402233711741186,0.49081364829396323
week5-m3-f10-seed29,M3,29,Finland,label_count,2,933,0.2472890837619374,13,"Moors, heathland and sclerophyllous vegetation",3,930,0.0029711215479830883,0.0
week5-m3-f10-seed29,M3,29,Finland,label_count,2,933,0.2472890837619374,14,Natural grassland and sparsely vegetated areas,0,933,,
week5-m3-f10-seed29,M3,29,Finland,label_count,2,933,0.2472890837619374,15,Pastures,0,933,,
week5-m3-f10-seed29,M3,29,Finland,label_count,2,933,0.2472890837619374,16,Permanent crops,0,933,,
week5-m3-f10-seed29,M3,29,Finland,label_count,2,933,0.2472890837619374,17,"Transitional woodland, shrub",316,617,0.343521779554471,0.47468354430379744
week5-m3-f10-seed29,M3,29,Finland,label_count,2,933,0.2472890837619374,18,Urban fabric,6,927,0.11331518745065634,0.3333333333333333
week5-m3-f10-seed29,M3,29,Finland,label_count,3,1161,0.30453608566226137,0,Agro-forestry areas,0,1161,,
week5-m3-f10-seed29,M3,29,Finland,label_count,3,1161,0.30453608566226137,1,Arable land,125,1036,0.47372906353989097,0.704
week5-m3-f10-seed29,M3,29,Finland,label_count,3,1161,0.30453608566226137,2,"Beaches, dunes, sands",0,1161,,
week5-m3-f10-seed29,M3,29,Finland,label_count,3,1161,0.30453608566226137,3,Broad-leaved forest,55,1106,0.05759130407518375,0.7636363636363637
week5-m3-f10-seed29,M3,29,Finland,label_count,3,1161,0.30453608566226137,4,Coastal wetlands,0,1161,,
week5-m3-f10-seed29,M3,29,Finland,label_count,3,1161,0.30453608566226137,5,Complex cultivation patterns,5,1156,0.007194290204543513,0.2
week5-m3-f10-seed29,M3,29,Finland,label_count,3,1161,0.30453608566226137,6,Coniferous forest,1016,145,0.9084556541627756,0.4950787401574803
week5-m3-f10-seed29,M3,29,Finland,label_count,3,1161,0.30453608566226137,7,Industrial or commercial units,11,1150,0.2772086216946466,0.18181818181818182
week5-m3-f10-seed29,M3,29,Finland,label_count,3,1161,0.30453608566226137,8,Inland waters,341,820,0.4879104688420834,0.09090909090909091
week5-m3-f10-seed29,M3,29,Finland,label_count,3,1161,0.30453608566226137,9,Inland wetlands,205,956,0.20403808424473197,0.014634146341463415
week5-m3-f10-seed29,M3,29,Finland,label_count,3,1161,0.30453608566226137,10,"Land principally occupied by agriculture, with significant areas of natural vegetation",135,1026,0.12264779543493358,0.23703703703703705
week5-m3-f10-seed29,M3,29,Finland,label_count,3,1161,0.30453608566226137,11,Marine waters,40,1121,0.12020305543636463,0.25
week5-m3-f10-seed29,M3,29,Finland,label_count,3,1161,0.30453608566226137,12,Mixed forest,861,300,0.7523975963166188,0.5586527293844367
week5-m3-f10-seed29,M3,29,Finland,label_count,3,1161,0.30453608566226137,13,"Moors, heathland and sclerophyllous vegetation",9,1152,0.006839723029433932,0.0
week5-m3-f10-seed29,M3,29,Finland,label_count,3,1161,0.30453608566226137,14,Natural grassland and sparsely vegetated areas,1,1160,0.001890359168241966,0.0
week5-m3-f10-seed29,M3,29,Finland,label_count,3,1161,0.30453608566226137,15,Pastures,0,1161,,
week5-m3-f10-seed29,M3,29,Finland,label_count,3,1161,0.30453608566226137,16,Permanent crops,0,1161,,
week5-m3-f10-seed29,M3,29,Finland,label_count,3,1161,0.30453608566226137,17,"Transitional woodland, shrub",652,509,0.6209093817183452,0.4263803680981595
week5-m3-f10-seed29,M3,29,Finland,label_count,3,1161,0.30453608566226137,18,Urban fabric,27,1134,0.22248980140386523,0.48148148148148145
week5-m3-f10-seed29,M3,29,Finland,label_count,4+,936,0.34160933062273424,0,Agro-forestry areas,0,936,,
week5-m3-f10-seed29,M3,29,Finland,label_count,4+,936,0.34160933062273424,1,Arable land,307,629,0.6322064513928692,0.7035830618892508
week5-m3-f10-seed29,M3,29,Finland,label_count,4+,936,0.34160933062273424,2,"Beaches, dunes, sands",0,936,,
week5-m3-f10-seed29,M3,29,Finland,label_count,4+,936,0.34160933062273424,3,Broad-leaved forest,161,775,0.19711411277215662,0.7142857142857143
week5-m3-f10-seed29,M3,29,Finland,label_count,4+,936,0.34160933062273424,4,Coastal wetlands,9,927,0.018542571146268692,0.0
week5-m3-f10-seed29,M3,29,Finland,label_count,4+,936,0.34160933062273424,5,Complex cultivation patterns,14,922,0.011437321499345546,0.07142857142857142
week5-m3-f10-seed29,M3,29,Finland,label_count,4+,936,0.34160933062273424,6,Coniferous forest,844,92,0.9410019405723226,0.5639810426540285
week5-m3-f10-seed29,M3,29,Finland,label_count,4+,936,0.34160933062273424,7,Industrial or commercial units,19,917,0.07805973301646674,0.05263157894736842
week5-m3-f10-seed29,M3,29,Finland,label_count,4+,936,0.34160933062273424,8,Inland waters,447,489,0.6887425568837956,0.14317673378076062
week5-m3-f10-seed29,M3,29,Finland,label_count,4+,936,0.34160933062273424,9,Inland wetlands,201,735,0.26670641074891976,0.004975124378109453
week5-m3-f10-seed29,M3,29,Finland,label_count,4+,936,0.34160933062273424,10,"Land principally occupied by agriculture, with significant areas of natural vegetation",432,504,0.5545229369455332,0.3541666666666667
week5-m3-f10-seed29,M3,29,Finland,label_count,4+,936,0.34160933062273424,11,Marine waters,30,906,0.061429914325386366,0.03333333333333333
week5-m3-f10-seed29,M3,29,Finland,label_count,4+,936,0.34160933062273424,12,Mixed forest,835,101,0.911620551709062,0.6359281437125749
week5-m3-f10-seed29,M3,29,Finland,label_count,4+,936,0.34160933062273424,13,"Moors, heathland and sclerophyllous vegetation",14,922,0.016359135837634462,0.0
week5-m3-f10-seed29,M3,29,Finland,label_count,4+,936,0.34160933062273424,14,Natural grassland and sparsely vegetated areas,1,935,0.003125,0.0
week5-m3-f10-seed29,M3,29,Finland,label_count,4+,936,0.34160933062273424,15,Pastures,3,933,0.006069742148510761,0.3333333333333333
week5-m3-f10-seed29,M3,29,Finland,label_count,4+,936,0.34160933062273424,16,Permanent crops,1,935,0.05555555555555555,0.0
week5-m3-f10-seed29,M3,29,Finland,label_count,4+,936,0.34160933062273424,17,"Transitional woodland, shrub",606,330,0.7019450809259316,0.3234323432343234
week5-m3-f10-seed29,M3,29,Finland,label_count,4+,936,0.34160933062273424,18,Urban fabric,82,854,0.33985284563025764,0.45121951219512196
week5-m3-f10-seed29,M3,29,Finland,quarter,Q1,320,0.34035902753096003,0,Agro-forestry areas,0,320,,
week5-m3-f10-seed29,M3,29,Finland,quarter,Q1,320,0.34035902753096003,1,Arable land,20,300,0.07929069020377931,0.0
week5-m3-f10-seed29,M3,29,Finland,quarter,Q1,320,0.34035902753096003,2,"Beaches, dunes, sands",0,320,,
week5-m3-f10-seed29,M3,29,Finland,quarter,Q1,320,0.34035902753096003,3,Broad-leaved forest,22,298,0.08626119625430594,1.0
week5-m3-f10-seed29,M3,29,Finland,quarter,Q1,320,0.34035902753096003,4,Coastal wetlands,0,320,,
week5-m3-f10-seed29,M3,29,Finland,quarter,Q1,320,0.34035902753096003,5,Complex cultivation patterns,1,319,0.02127659574468085,0.0
week5-m3-f10-seed29,M3,29,Finland,quarter,Q1,320,0.34035902753096003,6,Coniferous forest,297,23,0.9407399039268708,0.006734006734006734
week5-m3-f10-seed29,M3,29,Finland,quarter,Q1,320,0.34035902753096003,7,Industrial or commercial units,0,320,,
week5-m3-f10-seed29,M3,29,Finland,quarter,Q1,320,0.34035902753096003,8,Inland waters,62,258,0.16651867630636322,0.0
week5-m3-f10-seed29,M3,29,Finland,quarter,Q1,320,0.34035902753096003,9,Inland wetlands,9,311,0.028103775573873297,0.0
week5-m3-f10-seed29,M3,29,Finland,quarter,Q1,320,0.34035902753096003,10,"Land principally occupied by agriculture, with significant areas of natural vegetation",43,277,0.12299018180304064,0.11627906976744186
week5-m3-f10-seed29,M3,29,Finland,quarter,Q1,320,0.34035902753096003,11,Marine waters,14,306,0.8034291117925001,0.7142857142857143
week5-m3-f10-seed29,M3,29,Finland,quarter,Q1,320,0.34035902753096003,12,Mixed forest,250,70,0.8020704003225801,0.004
week5-m3-f10-seed29,M3,29,Finland,quarter,Q1,320,0.34035902753096003,13,"Moors, heathland and sclerophyllous vegetation",0,320,,
week5-m3-f10-seed29,M3,29,Finland,quarter,Q1,320,0.34035902753096003,14,Natural grassland and sparsely vegetated areas,0,320,,
week5-m3-f10-seed29,M3,29,Finland,quarter,Q1,320,0.34035902753096003,15,Pastures,0,320,,
week5-m3-f10-seed29,M3,29,Finland,quarter,Q1,320,0.34035902753096003,16,Permanent crops,0,320,,
week5-m3-f10-seed29,M3,29,Finland,quarter,Q1,320,0.34035902753096003,17,"Transitional woodland, shrub",138,182,0.5122651866831753,0.8623188405797102
week5-m3-f10-seed29,M3,29,Finland,quarter,Q1,320,0.34035902753096003,18,Urban fabric,3,317,0.18100358422939067,0.0
week5-m3-f10-seed29,M3,29,Finland,quarter,Q2,1987,0.3296118341647999,0,Agro-forestry areas,0,1987,,
week5-m3-f10-seed29,M3,29,Finland,quarter,Q2,1987,0.3296118341647999,1,Arable land,284,1703,0.5052593101099377,0.7253521126760564
week5-m3-f10-seed29,M3,29,Finland,quarter,Q2,1987,0.3296118341647999,2,"Beaches, dunes, sands",0,1987,,
week5-m3-f10-seed29,M3,29,Finland,quarter,Q2,1987,0.3296118341647999,3,Broad-leaved forest,115,1872,0.0629177639465522,0.6608695652173913
week5-m3-f10-seed29,M3,29,Finland,quarter,Q2,1987,0.3296118341647999,4,Coastal wetlands,6,1981,0.009645569363113232,0.0
week5-m3-f10-seed29,M3,29,Finland,quarter,Q2,1987,0.3296118341647999,5,Complex cultivation patterns,20,1967,0.011250544246321444,0.15
week5-m3-f10-seed29,M3,29,Finland,quarter,Q2,1987,0.3296118341647999,6,Coniferous forest,1225,762,0.8121394776550317,0.4530612244897959
week5-m3-f10-seed29,M3,29,Finland,quarter,Q2,1987,0.3296118341647999,7,Industrial or commercial units,24,1963,0.0966602411594687,0.08333333333333333
week5-m3-f10-seed29,M3,29,Finland,quarter,Q2,1987,0.3296118341647999,8,Inland waters,520,1467,0.5546698065812907,0.16538461538461538
week5-m3-f10-seed29,M3,29,Finland,quarter,Q2,1987,0.3296118341647999,9,Inland wetlands,196,1791,0.12702511419031912,0.015306122448979591
week5-m3-f10-seed29,M3,29,Finland,quarter,Q2,1987,0.3296118341647999,10,"Land principally occupied by agriculture, with significant areas of natural vegetation",358,1629,0.23700045402214184,0.39664804469273746
week5-m3-f10-seed29,M3,29,Finland,quarter,Q2,1987,0.3296118341647999,11,Marine waters,525,1462,0.8053178093971524,0.7619047619047619
week5-m3-f10-seed29,M3,29,Finland,quarter,Q2,1987,0.3296118341647999,12,Mixed forest,1140,847,0.8545097141031878,0.618421052631579
week5-m3-f10-seed29,M3,29,Finland,quarter,Q2,1987,0.3296118341647999,13,"Moors, heathland and sclerophyllous vegetation",0,1987,,
week5-m3-f10-seed29,M3,29,Finland,quarter,Q2,1987,0.3296118341647999,14,Natural grassland and sparsely vegetated areas,1,1986,0.0021008403361344537,0.0
week5-m3-f10-seed29,M3,29,Finland,quarter,Q2,1987,0.3296118341647999,15,Pastures,2,1985,0.0029362917417052334,0.0
week5-m3-f10-seed29,M3,29,Finland,quarter,Q2,1987,0.3296118341647999,16,Permanent crops,1,1986,0.029411764705882353,0.0
week5-m3-f10-seed29,M3,29,Finland,quarter,Q2,1987,0.3296118341647999,17,"Transitional woodland, shrub",749,1238,0.5685000669866338,0.36181575433911883
week5-m3-f10-seed29,M3,29,Finland,quarter,Q2,1987,0.3296118341647999,18,Urban fabric,85,1902,0.2744783132902387,0.5294117647058824
week5-m3-f10-seed29,M3,29,Finland,quarter,Q3,1441,0.3858471875789804,0,Agro-forestry areas,0,1441,,
week5-m3-f10-seed29,M3,29,Finland,quarter,Q3,1441,0.3858471875789804,1,Arable land,146,1295,0.5350820915627906,0.7876712328767124
week5-m3-f10-seed29,M3,29,Finland,quarter,Q3,1441,0.3858471875789804,2,"Beaches, dunes, sands",0,1441,,
week5-m3-f10-seed29,M3,29,Finland,quarter,Q3,1441,0.3858471875789804,3,Broad-leaved forest,79,1362,0.07656860696147538,0.7088607594936709
week5-m3-f10-seed29,M3,29,Finland,quarter,Q3,1441,0.3858471875789804,4,Coastal wetlands,4,1437,0.004234564820624522,0.0
week5-m3-f10-seed29,M3,29,Finland,quarter,Q3,1441,0.3858471875789804,5,Complex cultivation patterns,0,1441,,
week5-m3-f10-seed29,M3,29,Finland,quarter,Q3,1441,0.3858471875789804,6,Coniferous forest,1158,283,0.9761566370659236,0.7599309153713298
week5-m3-f10-seed29,M3,29,Finland,quarter,Q3,1441,0.3858471875789804,7,Industrial or commercial units,7,1434,0.6264639080831639,0.2857142857142857
week5-m3-f10-seed29,M3,29,Finland,quarter,Q3,1441,0.3858471875789804,8,Inland waters,340,1101,0.4904527539028058,0.05588235294117647
week5-m3-f10-seed29,M3,29,Finland,quarter,Q3,1441,0.3858471875789804,9,Inland wetlands,323,1118,0.30996186322553027,0.006191950464396285
week5-m3-f10-seed29,M3,29,Finland,quarter,Q3,1441,0.3858471875789804,10,"Land principally occupied by agriculture, with significant areas of natural vegetation",161,1280,0.23433271322007707,0.21739130434782608
week5-m3-f10-seed29,M3,29,Finland,quarter,Q3,1441,0.3858471875789804,11,Marine waters,202,1239,0.910532506116491,0.9455445544554455
week5-m3-f10-seed29,M3,29,Finland,quarter,Q3,1441,0.3858471875789804,12,Mixed forest,588,853,0.4816294967171908,0.814625850340136
week5-m3-f10-seed29,M3,29,Finland,quarter,Q3,1441,0.3858471875789804,13,"Moors, heathland and sclerophyllous vegetation",26,1415,0.015163239295350819,0.0
week5-m3-f10-seed29,M3,29,Finland,quarter,Q3,1441,0.3858471875789804,14,Natural grassland and sparsely vegetated areas,1,1440,0.0017985611510791368,0.0
week5-m3-f10-seed29,M3,29,Finland,quarter,Q3,1441,0.3858471875789804,15,Pastures,1,1440,0.004784688995215311,1.0
week5-m3-f10-seed29,M3,29,Finland,quarter,Q3,1441,0.3858471875789804,16,Permanent crops,0,1441,,
week5-m3-f10-seed29,M3,29,Finland,quarter,Q3,1441,0.3858471875789804,17,"Transitional woodland, shrub",652,789,0.4954634876020615,0.3374233128834356
week5-m3-f10-seed29,M3,29,Finland,quarter,Q3,1441,0.3858471875789804,18,Urban fabric,25,1416,0.24347007220657038,0.32
week5-m3-f10-seed29,M3,29,Finland,quarter,Q4,252,0.33264162864400854,0,Agro-forestry areas,0,252,,
week5-m3-f10-seed29,M3,29,Finland,quarter,Q4,252,0.33264162864400854,1,Arable land,7,245,0.06488230405016632,0.0
week5-m3-f10-seed29,M3,29,Finland,quarter,Q4,252,0.33264162864400854,2,"Beaches, dunes, sands",1,251,0.03125,0.0
week5-m3-f10-seed29,M3,29,Finland,quarter,Q4,252,0.33264162864400854,3,Broad-leaved forest,13,239,0.14148685424898988,0.5384615384615384
week5-m3-f10-seed29,M3,29,Finland,quarter,Q4,252,0.33264162864400854,4,Coastal wetlands,0,252,,
week5-m3-f10-seed29,M3,29,Finland,quarter,Q4,252,0.33264162864400854,5,Complex cultivation patterns,0,252,,
week5-m3-f10-seed29,M3,29,Finland,quarter,Q4,252,0.33264162864400854,6,Coniferous forest,96,156,0.6983105841457867,0.0625
week5-m3-f10-seed29,M3,29,Finland,quarter,Q4,252,0.33264162864400854,7,Industrial or commercial units,1,251,0.041666666666666664,0.0
week5-m3-f10-seed29,M3,29,Finland,quarter,Q4,252,0.33264162864400854,8,Inland waters,63,189,0.22101769913716288,0.015873015873015872
week5-m3-f10-seed29,M3,29,Finland,quarter,Q4,252,0.33264162864400854,9,Inland wetlands,2,250,0.014172335600907028,0.0
week5-m3-f10-seed29,M3,29,Finland,quarter,Q4,252,0.33264162864400854,10,"Land principally occupied by agriculture, with significant areas of natural vegetation",26,226,0.24048462559681416,0.34615384615384615
week5-m3-f10-seed29,M3,29,Finland,quarter,Q4,252,0.33264162864400854,11,Marine waters,151,101,0.9866288981360483,0.9337748344370861
week5-m3-f10-seed29,M3,29,Finland,quarter,Q4,252,0.33264162864400854,12,Mixed forest,104,148,0.8183146058378026,0.17307692307692307
week5-m3-f10-seed29,M3,29,Finland,quarter,Q4,252,0.33264162864400854,13,"Moors, heathland and sclerophyllous vegetation",0,252,,
week5-m3-f10-seed29,M3,29,Finland,quarter,Q4,252,0.33264162864400854,14,Natural grassland and sparsely vegetated areas,0,252,,
week5-m3-f10-seed29,M3,29,Finland,quarter,Q4,252,0.33264162864400854,15,Pastures,0,252,,
week5-m3-f10-seed29,M3,29,Finland,quarter,Q4,252,0.33264162864400854,16,Permanent crops,0,252,,
week5-m3-f10-seed29,M3,29,Finland,quarter,Q4,252,0.33264162864400854,17,"Transitional woodland, shrub",35,217,0.3995619637099396,0.4
week5-m3-f10-seed29,M3,29,Finland,quarter,Q4,252,0.33264162864400854,18,Urban fabric,3,249,0.03253137795380951,0.0
week5-m3-f10-seed29,M3,29,Finland,country,Finland,4000,0.2986811766883092,0,Agro-forestry areas,0,4000,,
week5-m3-f10-seed29,M3,29,Finland,country,Finland,4000,0.2986811766883092,1,Arable land,457,3543,0.48404399038356494,0.7024070021881839
week5-m3-f10-seed29,M3,29,Finland,country,Finland,4000,0.2986811766883092,2,"Beaches, dunes, sands",1,3999,0.003236245954692557,0.0
week5-m3-f10-seed29,M3,29,Finland,country,Finland,4000,0.2986811766883092,3,Broad-leaved forest,229,3771,0.06617207283586785,0.7030567685589519
week5-m3-f10-seed29,M3,29,Finland,country,Finland,4000,0.2986811766883092,4,Coastal wetlands,10,3990,0.005449508845345228,0.0
week5-m3-f10-seed29,M3,29,Finland,country,Finland,4000,0.2986811766883092,5,Complex cultivation patterns,21,3979,0.007018597461728442,0.14285714285714285
week5-m3-f10-seed29,M3,29,Finland,country,Finland,4000,0.2986811766883092,6,Coniferous forest,2776,1224,0.9051554334299222,0.5198126801152738
week5-m3-f10-seed29,M3,29,Finland,country,Finland,4000,0.2986811766883092,7,Industrial or commercial units,32,3968,0.10998611709131416,0.125
week5-m3-f10-seed29,M3,29,Finland,country,Finland,4000,0.2986811766883092,8,Inland waters,985,3015,0.48284476489991285,0.10761421319796954
week5-m3-f10-seed29,M3,29,Finland,country,Finland,4000,0.2986811766883092,9,Inland wetlands,530,3470,0.20077997322186372,0.009433962264150943
week5-m3-f10-seed29,M3,29,Finland,country,Finland,4000,0.2986811766883092,10,"Land principally occupied by agriculture, with significant areas of natural vegetation",588,3412,0.2197631143503375,0.32482993197278914
week5-m3-f10-seed29,M3,29,Finland,country,Finland,4000,0.2986811766883092,11,Marine waters,892,3108,0.8750061453492977,0.8318385650224215
week5-m3-f10-seed29,M3,29,Finland,country,Finland,4000,0.2986811766883092,12,Mixed forest,2082,1918,0.6360236526454935,0.5778097982708934
week5-m3-f10-seed29,M3,29,Finland,country,Finland,4000,0.2986811766883092,13,"Moors, heathland and sclerophyllous vegetation",26,3974,0.0050987829046579575,0.0
week5-m3-f10-seed29,M3,29,Finland,country,Finland,4000,0.2986811766883092,14,Natural grassland and sparsely vegetated areas,2,3998,0.0011217634937950454,0.0
week5-m3-f10-seed29,M3,29,Finland,country,Finland,4000,0.2986811766883092,15,Pastures,3,3997,0.0020717068122248793,0.3333333333333333
week5-m3-f10-seed29,M3,29,Finland,country,Finland,4000,0.2986811766883092,16,Permanent crops,1,3999,0.029411764705882353,0.0
week5-m3-f10-seed29,M3,29,Finland,country,Finland,4000,0.2986811766883092,17,"Transitional woodland, shrub",1574,2426,0.5068852164348226,0.39644218551461247
week5-m3-f10-seed29,M3,29,Finland,country,Finland,4000,0.2986811766883092,18,Urban fabric,116,3884,0.24751573099226062,0.45689655172413796
week5-m3-f10-seed29,M3,29,Finland,source_distance,Q1,1110,0.37631891824439423,0,Agro-forestry areas,0,1110,,
week5-m3-f10-seed29,M3,29,Finland,source_distance,Q1,1110,0.37631891824439423,1,Arable land,21,1089,0.22489830588151116,0.3333333333333333
week5-m3-f10-seed29,M3,29,Finland,source_distance,Q1,1110,0.37631891824439423,2,"Beaches, dunes, sands",1,1109,0.003389830508474576,0.0
week5-m3-f10-seed29,M3,29,Finland,source_distance,Q1,1110,0.37631891824439423,3,Broad-leaved forest,31,1079,0.06909988583100951,0.4838709677419355
week5-m3-f10-seed29,M3,29,Finland,source_distance,Q1,1110,0.37631891824439423,4,Coastal wetlands,1,1109,0.0019193857965451055,0.0
week5-m3-f10-seed29,M3,29,Finland,source_distance,Q1,1110,0.37631891824439423,5,Complex cultivation patterns,0,1110,,
week5-m3-f10-seed29,M3,29,Finland,source_distance,Q1,1110,0.37631891824439423,6,Coniferous forest,386,724,0.8666600656059149,0.4378238341968912
week5-m3-f10-seed29,M3,29,Finland,source_distance,Q1,1110,0.37631891824439423,7,Industrial or commercial units,5,1105,0.6453057199211045,0.2
week5-m3-f10-seed29,M3,29,Finland,source_distance,Q1,1110,0.37631891824439423,8,Inland waters,200,910,0.24140985351569091,0.0
week5-m3-f10-seed29,M3,29,Finland,source_distance,Q1,1110,0.37631891824439423,9,Inland wetlands,74,1036,0.0701239463740984,0.0
week5-m3-f10-seed29,M3,29,Finland,source_distance,Q1,1110,0.37631891824439423,10,"Land principally occupied by agriculture, with significant areas of natural vegetation",35,1075,0.0857410520540053,0.14285714285714285
week5-m3-f10-seed29,M3,29,Finland,source_distance,Q1,1110,0.37631891824439423,11,Marine waters,640,470,0.926726735914732,0.99375
week5-m3-f10-seed29,M3,29,Finland,source_distance,Q1,1110,0.37631891824439423,12,Mixed forest,249,861,0.5242390424975191,0.4497991967871486
week5-m3-f10-seed29,M3,29,Finland,source_distance,Q1,1110,0.37631891824439423,13,"Moors, heathland and sclerophyllous vegetation",10,1100,0.00578827562516919,0.0
week5-m3-f10-seed29,M3,29,Finland,source_distance,Q1,1110,0.37631891824439423,14,Natural grassland and sparsely vegetated areas,0,1110,,
week5-m3-f10-seed29,M3,29,Finland,source_distance,Q1,1110,0.37631891824439423,15,Pastures,0,1110,,
week5-m3-f10-seed29,M3,29,Finland,source_distance,Q1,1110,0.37631891824439423,16,Permanent crops,0,1110,,
week5-m3-f10-seed29,M3,29,Finland,source_distance,Q1,1110,0.37631891824439423,17,"Transitional woodland, shrub",183,927,0.3832906218349762,0.32786885245901637
week5-m3-f10-seed29,M3,29,Finland,source_distance,Q1,1110,0.37631891824439423,18,Urban fabric,11,1099,0.47254351387699955,0.45454545454545453
week5-m3-f10-seed29,M3,29,Finland,source_distance,Q2,982,0.3189829550316287,0,Agro-forestry areas,0,982,,
week5-m3-f10-seed29,M3,29,Finland,source_distance,Q2,982,0.3189829550316287,1,Arable land,98,884,0.3516124845674916,0.6224489795918368
week5-m3-f10-seed29,M3,29,Finland,source_distance,Q2,982,0.3189829550316287,2,"Beaches, dunes, sands",0,982,,
week5-m3-f10-seed29,M3,29,Finland,source_distance,Q2,982,0.3189829550316287,3,Broad-leaved forest,49,933,0.04738119704213627,0.7142857142857143
week5-m3-f10-seed29,M3,29,Finland,source_distance,Q2,982,0.3189829550316287,4,Coastal wetlands,0,982,,
week5-m3-f10-seed29,M3,29,Finland,source_distance,Q2,982,0.3189829550316287,5,Complex cultivation patterns,9,973,0.011016371622291419,0.1111111111111111
week5-m3-f10-seed29,M3,29,Finland,source_distance,Q2,982,0.3189829550316287,6,Coniferous forest,835,147,0.9407236112099615,0.47664670658682634
week5-m3-f10-seed29,M3,29,Finland,source_distance,Q2,982,0.3189829550316287,7,Industrial or commercial units,7,975,0.18480650600466267,0.0
week5-m3-f10-seed29,M3,29,Finland,source_distance,Q2,982,0.3189829550316287,8,Inland waters,229,753,0.36158883052220103,0.039301310043668124
week5-m3-f10-seed29,M3,29,Finland,source_distance,Q2,982,0.3189829550316287,9,Inland wetlands,151,831,0.21387110095168288,0.0
week5-m3-f10-seed29,M3,29,Finland,source_distance,Q2,982,0.3189829550316287,10,"Land principally occupied by agriculture, with significant areas of natural vegetation",143,839,0.16595697738110377,0.3146853146853147
week5-m3-f10-seed29,M3,29,Finland,source_distance,Q2,982,0.3189829550316287,11,Marine waters,98,884,0.816392154707625,0.7857142857142857
week5-m3-f10-seed29,M3,29,Finland,source_distance,Q2,982,0.3189829550316287,12,Mixed forest,618,364,0.6447659623081571,0.5242718446601942
week5-m3-f10-seed29,M3,29,Finland,source_distance,Q2,982,0.3189829550316287,13,"Moors, heathland and sclerophyllous vegetation",6,976,0.009062250096833235,0.0
week5-m3-f10-seed29,M3,29,Finland,source_distance,Q2,982,0.3189829550316287,14,Natural grassland and sparsely vegetated areas,0,982,,
week5-m3-f10-seed29,M3,29,Finland,source_distance,Q2,982,0.3189829550316287,15,Pastures,1,981,0.002369668246445498,0.0
week5-m3-f10-seed29,M3,29,Finland,source_distance,Q2,982,0.3189829550316287,16,Permanent crops,0,982,,
week5-m3-f10-seed29,M3,29,Finland,source_distance,Q2,982,0.3189829550316287,17,"Transitional woodland, shrub",482,500,0.5212615343760587,0.41286307053941906
week5-m3-f10-seed29,M3,29,Finland,source_distance,Q2,982,0.3189829550316287,18,Urban fabric,14,968,0.19495272140615172,0.35714285714285715
week5-m3-f10-seed29,M3,29,Finland,source_distance,Q3,924,0.3181369759007211,0,Agro-forestry areas,0,924,,
week5-m3-f10-seed29,M3,29,Finland,source_distance,Q3,924,0.3181369759007211,1,Arable land,116,808,0.4402431191331224,0.6724137931034483
week5-m3-f10-seed29,M3,29,Finland,source_distance,Q3,924,0.3181369759007211,2,"Beaches, dunes, sands",0,924,,
week5-m3-f10-seed29,M3,29,Finland,source_distance,Q3,924,0.3181369759007211,3,Broad-leaved forest,67,857,0.08399816457289148,0.835820895522388
week5-m3-f10-seed29,M3,29,Finland,source_distance,Q3,924,0.3181369759007211,4,Coastal wetlands,1,923,0.0014064697609001407,0.0
week5-m3-f10-seed29,M3,29,Finland,source_distance,Q3,924,0.3181369759007211,5,Complex cultivation patterns,8,916,0.011468506780876733,0.0
week5-m3-f10-seed29,M3,29,Finland,source_distance,Q3,924,0.3181369759007211,6,Coniferous forest,751,173,0.9140042732903766,0.5379494007989347
week5-m3-f10-seed29,M3,29,Finland,source_distance,Q3,924,0.3181369759007211,7,Industrial or commercial units,4,920,0.03274940562364842,0.0
week5-m3-f10-seed29,M3,29,Finland,source_distance,Q3,924,0.3181369759007211,8,Inland waters,231,693,0.4959715852783893,0.12987012987012986
week5-m3-f10-seed29,M3,29,Finland,source_distance,Q3,924,0.3181369759007211,9,Inland wetlands,112,812,0.22398354031415543,0.0
week5-m3-f10-seed29,M3,29,Finland,source_distance,Q3,924,0.3181369759007211,10,"Land principally occupied by agriculture, with significant areas of natural vegetation",154,770,0.22275671512208134,0.2662337662337662
week5-m3-f10-seed29,M3,29,Finland,source_distance,Q3,924,0.3181369759007211,11,Marine waters,106,818,0.8504985530195885,0.25471698113207547
week5-m3-f10-seed29,M3,29,Finland,source_distance,Q3,924,0.3181369759007211,12,Mixed forest,552,372,0.6360330637555831,0.5887681159420289
week5-m3-f10-seed29,M3,29,Finland,source_distance,Q3,924,0.3181369759007211,13,"Moors, heathland and sclerophyllous vegetation",6,918,0.00647636049115689,0.0
week5-m3-f10-seed29,M3,29,Finland,source_distance,Q3,924,0.3181369759007211,14,Natural grassland and sparsely vegetated areas,2,922,0.003883645148603854,0.0
week5-m3-f10-seed29,M3,29,Finland,source_distance,Q3,924,0.3181369759007211,15,Pastures,1,923,0.0028169014084507044,0.0
week5-m3-f10-seed29,M3,29,Finland,source_distance,Q3,924,0.3181369759007211,16,Permanent crops,0,924,,
week5-m3-f10-seed29,M3,29,Finland,source_distance,Q3,924,0.3181369759007211,17,"Transitional woodland, shrub",420,504,0.5206007044630722,0.45714285714285713
week5-m3-f10-seed29,M3,29,Finland,source_distance,Q3,924,0.3181369759007211,18,Urban fabric,37,887,0.3265701001088194,0.43243243243243246
week5-m3-f10-seed29,M3,29,Finland,source_distance,Q4,984,0.31018923216084865,0,Agro-forestry areas,0,984,,
week5-m3-f10-seed29,M3,29,Finland,source_distance,Q4,984,0.31018923216084865,1,Arable land,222,762,0.5892968335375116,0.7882882882882883
week5-m3-f10-seed29,M3,29,Finland,source_distance,Q4,984,0.31018923216084865,2,"Beaches, dunes, sands",0,984,,
week5-m3-f10-seed29,M3,29,Finland,source_distance,Q4,984,0.31018923216084865,3,Broad-leaved forest,82,902,0.07342484338210244,0.6707317073170732
week5-m3-f10-seed29,M3,29,Finland,source_distance,Q4,984,0.31018923216084865,4,Coastal wetlands,8,976,0.017874533687730433,0.0
week5-m3-f10-seed29,M3,29,Finland,source_distance,Q4,984,0.31018923216084865,5,Complex cultivation patterns,4,980,0.006384716933169754,0.5
week5-m3-f10-seed29,M3,29,Finland,source_distance,Q4,984,0.31018923216084865,6,Coniferous forest,804,180,0.8722015281271239,0.5870646766169154
week5-m3-f10-seed29,M3,29,Finland,source_distance,Q4,984,0.31018923216084865,7,Industrial or commercial units,16,968,0.11054715167620163,0.1875
week5-m3-f10-seed29,M3,29,Finland,source_distance,Q4,984,0.31018923216084865,8,Inland waters,325,659,0.6548179775824959,0.20615384615384616
week5-m3-f10-seed29,M3,29,Finland,source_distance,Q4,984,0.31018923216084865,9,Inland wetlands,193,791,0.2735900848826485,0.025906735751295335
week5-m3-f10-seed29,M3,29,Finland,source_distance,Q4,984,0.31018923216084865,10,"Land principally occupied by agriculture, with significant areas of natural vegetation",256,728,0.354471022820132,0.390625
week5-m3-f10-seed29,M3,29,Finland,source_distance,Q4,984,0.31018923216084865,11,Marine waters,48,936,0.2665020183936447,0.041666666666666664
week5-m3-f10-seed29,M3,29,Finland,source_distance,Q4,984,0.31018923216084865,12,Mixed forest,663,321,0.6784632890871656,0.6666666666666666
week5-m3-f10-seed29,M3,29,Finland,source_distance,Q4,984,0.31018923216084865,13,"Moors, heathland and sclerophyllous vegetation",4,980,0.0046215160095528195,0.0
week5-m3-f10-seed29,M3,29,Finland,source_distance,Q4,984,0.31018923216084865,14,Natural grassland and sparsely vegetated areas,0,984,,
week5-m3-f10-seed29,M3,29,Finland,source_distance,Q4,984,0.31018923216084865,15,Pastures,1,983,0.006172839506172839,1.0
week5-m3-f10-seed29,M3,29,Finland,source_distance,Q4,984,0.31018923216084865,16,Permanent crops,1,983,0.034482758620689655,0.0
week5-m3-f10-seed29,M3,29,Finland,source_distance,Q4,984,0.31018923216084865,17,"Transitional woodland, shrub",489,495,0.5307656130778168,0.3537832310838446
week5-m3-f10-seed29,M3,29,Finland,source_distance,Q4,984,0.31018923216084865,18,Urban fabric,54,930,0.19709628877630034,0.5
week5-m3-f10-seed29,M3,29,Portugal,label_count,1,599,0.23037545079992974,0,Agro-forestry areas,44,555,0.1342934945439367,0.0
week5-m3-f10-seed29,M3,29,Portugal,label_count,1,599,0.23037545079992974,1,Arable land,63,536,0.7568367020279559,0.9841269841269841
week5-m3-f10-seed29,M3,29,Portugal,label_count,1,599,0.23037545079992974,2,"Beaches, dunes, sands",0,599,,
week5-m3-f10-seed29,M3,29,Portugal,label_count,1,599,0.23037545079992974,3,Broad-leaved forest,28,571,0.30535199962160836,0.6428571428571429
week5-m3-f10-seed29,M3,29,Portugal,label_count,1,599,0.23037545079992974,4,Coastal wetlands,2,597,0.011490683229813664,0.0
week5-m3-f10-seed29,M3,29,Portugal,label_count,1,599,0.23037545079992974,5,Complex cultivation patterns,3,596,0.024569874569874573,0.3333333333333333
week5-m3-f10-seed29,M3,29,Portugal,label_count,1,599,0.23037545079992974,6,Coniferous forest,1,598,0.018518518518518517,0.0
week5-m3-f10-seed29,M3,29,Portugal,label_count,1,599,0.23037545079992974,7,Industrial or commercial units,0,599,,
week5-m3-f10-seed29,M3,29,Portugal,label_count,1,599,0.23037545079992974,8,Inland waters,0,599,,
week5-m3-f10-seed29,M3,29,Portugal,label_count,1,599,0.23037545079992974,9,Inland wetlands,0,599,,
week5-m3-f10-seed29,M3,29,Portugal,label_count,1,599,0.23037545079992974,10,"Land principally occupied by agriculture, with significant areas of natural vegetation",2,597,0.011544011544011544,0.0
week5-m3-f10-seed29,M3,29,Portugal,label_count,1,599,0.23037545079992974,11,Marine waters,416,183,0.9999086670927068,0.9927884615384616
week5-m3-f10-seed29,M3,29,Portugal,label_count,1,599,0.23037545079992974,12,Mixed forest,6,593,0.05703333921386031,0.5
week5-m3-f10-seed29,M3,29,Portugal,label_count,1,599,0.23037545079992974,13,"Moors, heathland and sclerophyllous vegetation",8,591,0.039626264482657464,0.0
week5-m3-f10-seed29,M3,29,Portugal,label_count,1,599,0.23037545079992974,14,Natural grassland and sparsely vegetated areas,0,599,,
week5-m3-f10-seed29,M3,29,Portugal,label_count,1,599,0.23037545079992974,15,Pastures,1,598,0.03225806451612903,1.0
week5-m3-f10-seed29,M3,29,Portugal,label_count,1,599,0.23037545079992974,16,Permanent crops,10,589,0.212130474623793,0.1
week5-m3-f10-seed29,M3,29,Portugal,label_count,1,599,0.23037545079992974,17,"Transitional woodland, shrub",15,584,0.07635204258811172,0.13333333333333333
week5-m3-f10-seed29,M3,29,Portugal,label_count,1,599,0.23037545079992974,18,Urban fabric,0,599,,
week5-m3-f10-seed29,M3,29,Portugal,label_count,2,772,0.2493717682807057,0,Agro-forestry areas,241,531,0.26723929558618,0.0
week5-m3-f10-seed29,M3,29,Portugal,label_count,2,772,0.2493717682807057,1,Arable land,282,490,0.6167470017330723,0.8546099290780141
week5-m3-f10-seed29,M3,29,Portugal,label_count,2,772,0.2493717682807057,2,"Beaches, dunes, sands",8,764,0.2680495229408273,0.0
week5-m3-f10-seed29,M3,29,Portugal,label_count,2,772,0.2493717682807057,3,Broad-leaved forest,235,537,0.4757157972234068,0.7021276595744681
week5-m3-f10-seed29,M3,29,Portugal,label_count,2,772,0.2493717682807057,4,Coastal wetlands,7,765,0.04020136824106385,0.0
week5-m3-f10-seed29,M3,29,Portugal,label_count,2,772,0.2493717682807057,5,Complex cultivation patterns,66,706,0.09593290731752815,0.3787878787878788
week5-m3-f10-seed29,M3,29,Portugal,label_count,2,772,0.2493717682807057,6,Coniferous forest,35,737,0.05741840088568576,0.37142857142857144
week5-m3-f10-seed29,M3,29,Portugal,label_count,2,772,0.2493717682807057,7,Industrial or commercial units,7,765,0.18641946429937772,0.0
week5-m3-f10-seed29,M3,29,Portugal,label_count,2,772,0.2493717682807057,8,Inland waters,13,759,0.12719011964262592,0.15384615384615385
week5-m3-f10-seed29,M3,29,Portugal,label_count,2,772,0.2493717682807057,9,Inland wetlands,0,772,,
week5-m3-f10-seed29,M3,29,Portugal,label_count,2,772,0.2493717682807057,10,"Land principally occupied by agriculture, with significant areas of natural vegetation",45,727,0.054740118377109966,0.37777777777777777
week5-m3-f10-seed29,M3,29,Portugal,label_count,2,772,0.2493717682807057,11,Marine waters,23,749,0.8309019851628944,0.6956521739130435
week5-m3-f10-seed29,M3,29,Portugal,label_count,2,772,0.2493717682807057,12,Mixed forest,40,732,0.09655926260617047,0.4
week5-m3-f10-seed29,M3,29,Portugal,label_count,2,772,0.2493717682807057,13,"Moors, heathland and sclerophyllous vegetation",61,711,0.12684543549705757,0.16393442622950818
week5-m3-f10-seed29,M3,29,Portugal,label_count,2,772,0.2493717682807057,14,Natural grassland and sparsely vegetated areas,0,772,,
week5-m3-f10-seed29,M3,29,Portugal,label_count,2,772,0.2493717682807057,15,Pastures,79,693,0.15918398251873084,0.43037974683544306
week5-m3-f10-seed29,M3,29,Portugal,label_count,2,772,0.2493717682807057,16,Permanent crops,147,625,0.32274282464202697,0.0
week5-m3-f10-seed29,M3,29,Portugal,label_count,2,772,0.2493717682807057,17,"Transitional woodland, shrub",240,532,0.3156867055565647,0.2625
week5-m3-f10-seed29,M3,29,Portugal,label_count,2,772,0.2493717682807057,18,Urban fabric,15,757,0.025120750467628513,0.13333333333333333
week5-m3-f10-seed29,M3,29,Portugal,label_count,3,1160,0.24925179632039599,0,Agro-forestry areas,466,694,0.33696931612521747,0.0
week5-m3-f10-seed29,M3,29,Portugal,label_count,3,1160,0.24925179632039599,1,Arable land,498,662,0.5771715794831314,0.7429718875502008
week5-m3-f10-seed29,M3,29,Portugal,label_count,3,1160,0.24925179632039599,2,"Beaches, dunes, sands",11,1149,0.5173999504107862,0.0
week5-m3-f10-seed29,M3,29,Portugal,label_count,3,1160,0.24925179632039599,3,Broad-leaved forest,505,655,0.49274705968999294,0.6693069306930693
week5-m3-f10-seed29,M3,29,Portugal,label_count,3,1160,0.24925179632039599,4,Coastal wetlands,10,1150,0.04684154969823846,0.0
week5-m3-f10-seed29,M3,29,Portugal,label_count,3,1160,0.24925179632039599,5,Complex cultivation patterns,182,978,0.19206367701837854,0.3791208791208791
week5-m3-f10-seed29,M3,29,Portugal,label_count,3,1160,0.24925179632039599,6,Coniferous forest,92,1068,0.10911231661309262,0.31521739130434784
week5-m3-f10-seed29,M3,29,Portugal,label_count,3,1160,0.24925179632039599,7,Industrial or commercial units,12,1148,0.07100349354309657,0.08333333333333333
week5-m3-f10-seed29,M3,29,Portugal,label_count,3,1160,0.24925179632039599,8,Inland waters,55,1105,0.16329767211797738,0.09090909090909091
week5-m3-f10-seed29,M3,29,Portugal,label_count,3,1160,0.24925179632039599,9,Inland wetlands,1,1159,0.025,0.0
week5-m3-f10-seed29,M3,29,Portugal,label_count,3,1160,0.24925179632039599,10,"Land principally occupied by agriculture, with significant areas of natural vegetation",198,962,0.15889539940638212,0.398989898989899
week5-m3-f10-seed29,M3,29,Portugal,label_count,3,1160,0.24925179632039599,11,Marine waters,21,1139,0.5955304123973993,0.3333333333333333
week5-m3-f10-seed29,M3,29,Portugal,label_count,3,1160,0.24925179632039599,12,Mixed forest,143,1017,0.1556072914198458,0.3776223776223776
week5-m3-f10-seed29,M3,29,Portugal,label_count,3,1160,0.24925179632039599,13,"Moors, heathland and sclerophyllous vegetation",186,974,0.20362355999068668,0.13978494623655913
week5-m3-f10-seed29,M3,29,Portugal,label_count,3,1160,0.24925179632039599,14,Natural grassland and sparsely vegetated areas,11,1149,0.016276176470316563,0.5454545454545454
week5-m3-f10-seed29,M3,29,Portugal,label_count,3,1160,0.24925179632039599,15,Pastures,176,984,0.30620659395026506,0.5454545454545454
week5-m3-f10-seed29,M3,29,Portugal,label_count,3,1160,0.24925179632039599,16,Permanent crops,294,866,0.32547283710811564,0.0
week5-m3-f10-seed29,M3,29,Portugal,label_count,3,1160,0.24925179632039599,17,"Transitional woodland, shrub",570,590,0.5066759595063423,0.2789473684210526
week5-m3-f10-seed29,M3,29,Portugal,label_count,3,1160,0.24925179632039599,18,Urban fabric,49,1111,0.08934471241131274,0.4897959183673469
week5-m3-f10-seed29,M3,29,Portugal,label_count,4+,1469,0.3082890796045281,0,Agro-forestry areas,657,812,0.41690360507474394,0.0
week5-m3-f10-seed29,M3,29,Portugal,label_count,4+,1469,0.3082890796045281,1,Arable land,803,666,0.6198432444685198,0.6961394769613948
week5-m3-f10-seed29,M3,29,Portugal,label_count,4+,1469,0.3082890796045281,2,"Beaches, dunes, sands",27,1442,0.13263037426505628,0.0
week5-m3-f10-seed29,M3,29,Portugal,label_count,4+,1469,0.3082890796045281,3,Broad-leaved forest,820,649,0.6275555804177011,0.7182926829268292
week5-m3-f10-seed29,M3,29,Portugal,label_count,4+,1469,0.3082890796045281,4,Coastal wetlands,26,1443,0.1372301309909424,0.0
week5-m3-f10-seed29,M3,29,Portugal,label_count,4+,1469,0.3082890796045281,5,Complex cultivation patterns,565,904,0.4090206494551833,0.36460176991150445
week5-m3-f10-seed29,M3,29,Portugal,label_count,4+,1469,0.3082890796045281,6,Coniferous forest,257,1212,0.22171493652465404,0.3346303501945525
week5-m3-f10-seed29,M3,29,Portugal,label_count,4+,1469,0.3082890796045281,7,Industrial or commercial units,76,1393,0.12728178347586308,0.039473684210526314
week5-m3-f10-seed29,M3,29,Portugal,label_count,4+,1469,0.3082890796045281,8,Inland waters,138,1331,0.27334429758110845,0.10144927536231885
week5-m3-f10-seed29,M3,29,Portugal,label_count,4+,1469,0.3082890796045281,9,Inland wetlands,3,1466,0.009377518738335682,0.0
week5-m3-f10-seed29,M3,29,Portugal,label_count,4+,1469,0.3082890796045281,10,"Land principally occupied by agriculture, with significant areas of natural vegetation",518,951,0.3315697747453293,0.444015444015444
week5-m3-f10-seed29,M3,29,Portugal,label_count,4+,1469,0.3082890796045281,11,Marine waters,38,1431,0.23894463727818924,0.05263157894736842
week5-m3-f10-seed29,M3,29,Portugal,label_count,4+,1469,0.3082890796045281,12,Mixed forest,398,1071,0.2929612035999453,0.24623115577889448
week5-m3-f10-seed29,M3,29,Portugal,label_count,4+,1469,0.3082890796045281,13,"Moors, heathland and sclerophyllous vegetation",252,1217,0.16467304092770607,0.0992063492063492
week5-m3-f10-seed29,M3,29,Portugal,label_count,4+,1469,0.3082890796045281,14,Natural grassland and sparsely vegetated areas,39,1430,0.02378549999363803,0.20512820512820512
week5-m3-f10-seed29,M3,29,Portugal,label_count,4+,1469,0.3082890796045281,15,Pastures,323,1146,0.30152444488994523,0.39628482972136225
week5-m3-f10-seed29,M3,29,Portugal,label_count,4+,1469,0.3082890796045281,16,Permanent crops,512,957,0.35015711733791866,0.0
week5-m3-f10-seed29,M3,29,Portugal,label_count,4+,1469,0.3082890796045281,17,"Transitional woodland, shrub",927,542,0.6730917718784931,0.24703344120819848
week5-m3-f10-seed29,M3,29,Portugal,label_count,4+,1469,0.3082890796045281,18,Urban fabric,261,1208,0.26777977235991945,0.4099616858237548
week5-m3-f10-seed29,M3,29,Portugal,quarter,Q1,803,0.3063876689724262,0,Agro-forestry areas,289,514,0.3945853490042906,0.0
week5-m3-f10-seed29,M3,29,Portugal,quarter,Q1,803,0.3063876689724262,1,Arable land,335,468,0.7166575971640641,0.9373134328358209
week5-m3-f10-seed29,M3,29,Portugal,quarter,Q1,803,0.3063876689724262,2,"Beaches, dunes, sands",7,796,0.06824210924262983,0.0
week5-m3-f10-seed29,M3,29,Portugal,quarter,Q1,803,0.3063876689724262,3,Broad-leaved forest,289,514,0.5293193943186925,0.6955017301038062
week5-m3-f10-seed29,M3,29,Portugal,quarter,Q1,803,0.3063876689724262,4,Coastal wetlands,9,794,0.2147349432930355,0.0
week5-m3-f10-seed29,M3,29,Portugal,quarter,Q1,803,0.3063876689724262,5,Complex cultivation patterns,133,670,0.24356991228267974,0.5037593984962406
week5-m3-f10-seed29,M3,29,Portugal,quarter,Q1,803,0.3063876689724262,6,Coniferous forest,54,749,0.09799751797401327,0.18518518518518517
week5-m3-f10-seed29,M3,29,Portugal,quarter,Q1,803,0.3063876689724262,7,Industrial or commercial units,14,789,0.14572253536739097,0.07142857142857142
week5-m3-f10-seed29,M3,29,Portugal,quarter,Q1,803,0.3063876689724262,8,Inland waters,35,768,0.3867359834190824,0.2571428571428571
week5-m3-f10-seed29,M3,29,Portugal,quarter,Q1,803,0.3063876689724262,9,Inland wetlands,1,802,0.04,0.0
week5-m3-f10-seed29,M3,29,Portugal,quarter,Q1,803,0.3063876689724262,10,"Land principally occupied by agriculture, with significant areas of natural vegetation",147,656,0.20663289075188562,0.564625850340136
week5-m3-f10-seed29,M3,29,Portugal,quarter,Q1,803,0.3063876689724262,11,Marine waters,140,663,0.9695087748847104,0.8928571428571429
week5-m3-f10-seed29,M3,29,Portugal,quarter,Q1,803,0.3063876689724262,12,Mixed forest,61,742,0.06828383283435081,0.2459016393442623
week5-m3-f10-seed29,M3,29,Portugal,quarter,Q1,803,0.3063876689724262,13,"Moors, heathland and sclerophyllous vegetation",150,653,0.18683542124664684,0.0
week5-m3-f10-seed29,M3,29,Portugal,quarter,Q1,803,0.3063876689724262,14,Natural grassland and sparsely vegetated areas,4,799,0.010232016006911879,0.25
week5-m3-f10-seed29,M3,29,Portugal,quarter,Q1,803,0.3063876689724262,15,Pastures,128,675,0.2793234055942089,0.6015625
week5-m3-f10-seed29,M3,29,Portugal,quarter,Q1,803,0.3063876689724262,16,Permanent crops,165,638,0.3749427691872216,0.0
week5-m3-f10-seed29,M3,29,Portugal,quarter,Q1,803,0.3063876689724262,17,"Transitional woodland, shrub",334,469,0.4945765347113531,0.38023952095808383
week5-m3-f10-seed29,M3,29,Portugal,quarter,Q1,803,0.3063876689724262,18,Urban fabric,47,756,0.15186411781560644,0.5957446808510638
week5-m3-f10-seed29,M3,29,Portugal,quarter,Q2,654,0.33325905559389946,0,Agro-forestry areas,275,379,0.322140825827862,0.0
week5-m3-f10-seed29,M3,29,Portugal,quarter,Q2,654,0.33325905559389946,1,Arable land,286,368,0.5269443902607337,0.9685314685314685
week5-m3-f10-seed29,M3,29,Portugal,quarter,Q2,654,0.33325905559389946,2,"Beaches, dunes, sands",6,648,0.06786127442974577,0.0
week5-m3-f10-seed29,M3,29,Portugal,quarter,Q2,654,0.33325905559389946,3,Broad-leaved forest,282,372,0.526254311057376,0.5354609929078015
week5-m3-f10-seed29,M3,29,Portugal,quarter,Q2,654,0.33325905559389946,4,Coastal wetlands,2,652,0.05575117370892019,0.0
week5-m3-f10-seed29,M3,29,Portugal,quarter,Q2,654,0.33325905559389946,5,Complex cultivation patterns,139,515,0.28151982874392534,0.5683453237410072
week5-m3-f10-seed29,M3,29,Portugal,quarter,Q2,654,0.33325905559389946,6,Coniferous forest,86,568,0.1967169282506304,0.13953488372093023
week5-m3-f10-seed29,M3,29,Portugal,quarter,Q2,654,0.33325905559389946,7,Industrial or commercial units,24,630,0.19064962812415773,0.08333333333333333
week5-m3-f10-seed29,M3,29,Portugal,quarter,Q2,654,0.33325905559389946,8,Inland waters,43,611,0.3089624023720294,0.13953488372093023
week5-m3-f10-seed29,M3,29,Portugal,quarter,Q2,654,0.33325905559389946,9,Inland wetlands,0,654,,
week5-m3-f10-seed29,M3,29,Portugal,quarter,Q2,654,0.33325905559389946,10,"Land principally occupied by agriculture, with significant areas of natural vegetation",110,544,0.20888922976208177,0.4818181818181818
week5-m3-f10-seed29,M3,29,Portugal,quarter,Q2,654,0.33325905559389946,11,Marine waters,42,612,0.9183345866365316,0.9047619047619048
week5-m3-f10-seed29,M3,29,Portugal,quarter,Q2,654,0.33325905559389946,12,Mixed forest,145,509,0.23082409238465265,0.16551724137931034
week5-m3-f10-seed29,M3,29,Portugal,quarter,Q2,654,0.33325905559389946,13,"Moors, heathland and sclerophyllous vegetation",38,616,0.03999630677826605,0.0
week5-m3-f10-seed29,M3,29,Portugal,quarter,Q2,654,0.33325905559389946,14,Natural grassland and sparsely vegetated areas,12,642,0.03526425214477517,0.08333333333333333
week5-m3-f10-seed29,M3,29,Portugal,quarter,Q2,654,0.33325905559389946,15,Pastures,120,534,0.31596008512283774,0.8833333333333333
week5-m3-f10-seed29,M3,29,Portugal,quarter,Q2,654,0.33325905559389946,16,Permanent crops,188,466,0.36415499202642737,0.0
week5-m3-f10-seed29,M3,29,Portugal,quarter,Q2,654,0.33325905559389946,17,"Transitional woodland, shrub",272,382,0.6256936617034284,0.3014705882352941
week5-m3-f10-seed29,M3,29,Portugal,quarter,Q2,654,0.33325905559389946,18,Urban fabric,70,584,0.22872113854063889,0.6428571428571429
week5-m3-f10-seed29,M3,29,Portugal,quarter,Q3,668,0.2801146063964941,0,Agro-forestry areas,288,380,0.44573407617333,0.0
week5-m3-f10-seed29,M3,29,Portugal,quarter,Q3,668,0.2801146063964941,1,Arable land,304,364,0.586867520193247,0.8421052631578947
week5-m3-f10-seed29,M3,29,Portugal,quarter,Q3,668,0.2801146063964941,2,"Beaches, dunes, sands",9,659,0.08142437079482943,0.0
week5-m3-f10-seed29,M3,29,Portugal,quarter,Q3,668,0.2801146063964941,3,Broad-leaved forest,275,393,0.534138000232577,0.88
week5-m3-f10-seed29,M3,29,Portugal,quarter,Q3,668,0.2801146063964941,4,Coastal wetlands,8,660,0.08742587140181053,0.0
week5-m3-f10-seed29,M3,29,Portugal,quarter,Q3,668,0.2801146063964941,5,Complex cultivation patterns,161,507,0.2354377648011111,0.2981366459627329
week5-m3-f10-seed29,M3,29,Portugal,quarter,Q3,668,0.2801146063964941,6,Coniferous forest,79,589,0.20221486816327436,0.0759493670886076
week5-m3-f10-seed29,M3,29,Portugal,quarter,Q3,668,0.2801146063964941,7,Industrial or commercial units,16,652,0.033787914674274375,0.0
week5-m3-f10-seed29,M3,29,Portugal,quarter,Q3,668,0.2801146063964941,8,Inland waters,43,625,0.2502481670100311,0.09302325581395349
week5-m3-f10-seed29,M3,29,Portugal,quarter,Q3,668,0.2801146063964941,9,Inland wetlands,1,667,0.08333333333333333,0.0
week5-m3-f10-seed29,M3,29,Portugal,quarter,Q3,668,0.2801146063964941,10,"Land principally occupied by agriculture, with significant areas of natural vegetation",111,557,0.16249180091851778,0.5585585585585585
week5-m3-f10-seed29,M3,29,Portugal,quarter,Q3,668,0.2801146063964941,11,Marine waters,48,620,0.9536953879101118,0.7916666666666666
week5-m3-f10-seed29,M3,29,Portugal,quarter,Q3,668,0.2801146063964941,12,Mixed forest,134,534,0.28739319968667915,0.022388059701492536
week5-m3-f10-seed29,M3,29,Portugal,quarter,Q3,668,0.2801146063964941,13,"Moors, heathland and sclerophyllous vegetation",37,631,0.052696934328891006,0.0
week5-m3-f10-seed29,M3,29,Portugal,quarter,Q3,668,0.2801146063964941,14,Natural grassland and sparsely vegetated areas,10,658,0.017195961821989608,0.1
week5-m3-f10-seed29,M3,29,Portugal,quarter,Q3,668,0.2801146063964941,15,Pastures,114,554,0.1806064132998442,0.23684210526315788
week5-m3-f10-seed29,M3,29,Portugal,quarter,Q3,668,0.2801146063964941,16,Permanent crops,198,470,0.3230605751239953,0.005050505050505051
week5-m3-f10-seed29,M3,29,Portugal,quarter,Q3,668,0.2801146063964941,17,"Transitional woodland, shrub",260,408,0.4222628821216475,0.4307692307692308
week5-m3-f10-seed29,M3,29,Portugal,quarter,Q3,668,0.2801146063964941,18,Urban fabric,62,606,0.1564029787243811,0.4838709677419355
week5-m3-f10-seed29,M3,29,Portugal,quarter,Q4,1875,0.27967415434054055,0,Agro-forestry areas,556,1319,0.28526457130356214,0.0
week5-m3-f10-seed29,M3,29,Portugal,quarter,Q4,1875,0.27967415434054055,1,Arable land,721,1154,0.6445885506703314,0.5339805825242718
week5-m3-f10-seed29,M3,29,Portugal,quarter,Q4,1875,0.27967415434054055,2,"Beaches, dunes, sands",24,1851,0.04464180847050165,0.0
week5-m3-f10-seed29,M3,29,Portugal,quarter,Q4,1875,0.27967415434054055,3,Broad-leaved forest,742,1133,0.5338127999049218,0.6954177897574124
week5-m3-f10-seed29,M3,29,Portugal,quarter,Q4,1875,0.27967415434054055,4,Coastal wetlands,26,1849,0.051041963263550066,0.0
week5-m3-f10-seed29,M3,29,Portugal,quarter,Q4,1875,0.27967415434054055,5,Complex cultivation patterns,383,1492,0.26827456594613214,0.2793733681462141
week5-m3-f10-seed29,M3,29,Portugal,quarter,Q4,1875,0.27967415434054055,6,Coniferous forest,166,1709,0.1499940062664591,0.6024096385542169
week5-m3-f10-seed29,M3,29,Portugal,quarter,Q4,1875,0.27967415434054055,7,Industrial or commercial units,41,1834,0.06419042802280954,0.024390243902439025
week5-m3-f10-seed29,M3,29,Portugal,quarter,Q4,1875,0.27967415434054055,8,Inland waters,85,1790,0.052669101710214515,0.023529411764705882
week5-m3-f10-seed29,M3,29,Portugal,quarter,Q4,1875,0.27967415434054055,9,Inland wetlands,2,1873,0.001381710322615925,0.0
week5-m3-f10-seed29,M3,29,Portugal,quarter,Q4,1875,0.27967415434054055,10,"Land principally occupied by agriculture, with significant areas of natural vegetation",395,1480,0.23928191720304073,0.3240506329113924
week5-m3-f10-seed29,M3,29,Portugal,quarter,Q4,1875,0.27967415434054055,11,Marine waters,268,1607,0.9701146857490675,0.8843283582089553
week5-m3-f10-seed29,M3,29,Portugal,quarter,Q4,1875,0.27967415434054055,12,Mixed forest,247,1628,0.24433207944511132,0.5222672064777328
week5-m3-f10-seed29,M3,29,Portugal,quarter,Q4,1875,0.27967415434054055,13,"Moors, heathland and sclerophyllous vegetation",282,1593,0.19306944972130724,0.21631205673758866
week5-m3-f10-seed29,M3,29,Portugal,quarter,Q4,1875,0.27967415434054055,14,Natural grassland and sparsely vegetated areas,24,1851,0.01381915031706396,0.4583333333333333
week5-m3-f10-seed29,M3,29,Portugal,quarter,Q4,1875,0.27967415434054055,15,Pastures,217,1658,0.1741332559950978,0.22580645161290322
week5-m3-f10-seed29,M3,29,Portugal,quarter,Q4,1875,0.27967415434054055,16,Permanent crops,412,1463,0.27509856079322836,0.0
week5-m3-f10-seed29,M3,29,Portugal,quarter,Q4,1875,0.27967415434054055,17,"Transitional woodland, shrub",886,989,0.5130140240033908,0.1489841986455982
week5-m3-f10-seed29,M3,29,Portugal,quarter,Q4,1875,0.27967415434054055,18,Urban fabric,146,1729,0.137012183377857,0.2054794520547945
week5-m3-f10-seed29,M3,29,Portugal,country,Portugal,4000,0.28188498791597916,0,Agro-forestry areas,1408,2592,0.33470384849486795,0.0
week5-m3-f10-seed29,M3,29,Portugal,country,Portugal,4000,0.28188498791597916,1,Arable land,1646,2354,0.6004349337636808,0.7484811664641555
week5-m3-f10-seed29,M3,29,Portugal,country,Portugal,4000,0.28188498791597916,2,"Beaches, dunes, sands",46,3954,0.04625942928667367,0.0
week5-m3-f10-seed29,M3,29,Portugal,country,Portugal,4000,0.28188498791597916,3,Broad-leaved forest,1588,2412,0.5275354153038586,0.698992443324937
week5-m3-f10-seed29,M3,29,Portugal,country,Portugal,4000,0.28188498791597916,4,Coastal wetlands,45,3955,0.0603285467204492,0.0
week5-m3-f10-seed29,M3,29,Portugal,country,Portugal,4000,0.28188498791597916,5,Complex cultivation patterns,816,3184,0.2504886451782483,0.36887254901960786
week5-m3-f10-seed29,M3,29,Portugal,country,Portugal,4000,0.28188498791597916,6,Coniferous forest,385,3615,0.13530461174897687,0.33246753246753247
week5-m3-f10-seed29,M3,29,Portugal,country,Portugal,4000,0.28188498791597916,7,Industrial or commercial units,95,3905,0.09749575224259098,0.042105263157894736
week5-m3-f10-seed29,M3,29,Portugal,country,Portugal,4000,0.28188498791597916,8,Inland waters,206,3794,0.1711287393237173,0.10194174757281553
week5-m3-f10-seed29,M3,29,Portugal,country,Portugal,4000,0.28188498791597916,9,Inland wetlands,4,3996,0.006336317480407008,0.0
week5-m3-f10-seed29,M3,29,Portugal,country,Portugal,4000,0.28188498791597916,10,"Land principally occupied by agriculture, with significant areas of natural vegetation",763,3237,0.20345097253008132,0.4272608125819135
week5-m3-f10-seed29,M3,29,Portugal,country,Portugal,4000,0.28188498791597916,11,Marine waters,498,3502,0.9574242394306784,0.8795180722891566
week5-m3-f10-seed29,M3,29,Portugal,country,Portugal,4000,0.28188498791597916,12,Mixed forest,587,3413,0.18375698963713216,0.29131175468483816
week5-m3-f10-seed29,M3,29,Portugal,country,Portugal,4000,0.28188498791597916,13,"Moors, heathland and sclerophyllous vegetation",507,3493,0.15424888799904282,0.1203155818540434
week5-m3-f10-seed29,M3,29,Portugal,country,Portugal,4000,0.28188498791597916,14,Natural grassland and sparsely vegetated areas,50,3950,0.013384165788669506,0.28
week5-m3-f10-seed29,M3,29,Portugal,country,Portugal,4000,0.28188498791597916,15,Pastures,579,3421,0.2404084217444973,0.4473229706390328
week5-m3-f10-seed29,M3,29,Portugal,country,Portugal,4000,0.28188498791597916,16,Permanent crops,963,3037,0.31761822987472754,0.0010384215991692627
week5-m3-f10-seed29,M3,29,Portugal,country,Portugal,4000,0.28188498791597916,17,"Transitional woodland, shrub",1752,2248,0.4987108432668204,0.2585616438356164
week5-m3-f10-seed29,M3,29,Portugal,country,Portugal,4000,0.28188498791597916,18,Urban fabric,325,3675,0.15243264134253673,0.40923076923076923
week5-m3-f10-seed29,M3,29,Portugal,source_distance,Q1,722,0.30473279358607547,0,Agro-forestry areas,71,651,0.09326175552322878,0.0
week5-m3-f10-seed29,M3,29,Portugal,source_distance,Q1,722,0.30473279358607547,1,Arable land,106,616,0.5057863738307878,0.6886792452830188
week5-m3-f10-seed29,M3,29,Portugal,source_distance,Q1,722,0.30473279358607547,2,"Beaches, dunes, sands",9,713,0.03546841915770958,0.0
week5-m3-f10-seed29,M3,29,Portugal,source_distance,Q1,722,0.30473279358607547,3,Broad-leaved forest,145,577,0.5459988534543677,0.31724137931034485
week5-m3-f10-seed29,M3,29,Portugal,source_distance,Q1,722,0.30473279358607547,4,Coastal wetlands,6,716,0.12667583992197107,0.0
week5-m3-f10-seed29,M3,29,Portugal,source_distance,Q1,722,0.30473279358607547,5,Complex cultivation patterns,84,638,0.32727601188430433,0.25
week5-m3-f10-seed29,M3,29,Portugal,source_distance,Q1,722,0.30473279358607547,6,Coniferous forest,38,684,0.18444022291962972,0.7894736842105263
week5-m3-f10-seed29,M3,29,Portugal,source_distance,Q1,722,0.30473279358607547,7,Industrial or commercial units,11,711,0.05952066769546891,0.0
week5-m3-f10-seed29,M3,29,Portugal,source_distance,Q1,722,0.30473279358607547,8,Inland waters,9,713,0.021948410739725793,0.0
week5-m3-f10-seed29,M3,29,Portugal,source_distance,Q1,722,0.30473279358607547,9,Inland wetlands,0,722,,
week5-m3-f10-seed29,M3,29,Portugal,source_distance,Q1,722,0.30473279358607547,10,"Land principally occupied by agriculture, with significant areas of natural vegetation",74,648,0.2611629161527096,0.12162162162162163
week5-m3-f10-seed29,M3,29,Portugal,source_distance,Q1,722,0.30473279358607547,11,Marine waters,431,291,0.9992813644113111,1.0
week5-m3-f10-seed29,M3,29,Portugal,source_distance,Q1,722,0.30473279358607547,12,Mixed forest,67,655,0.29633590346991834,0.6865671641791045
week5-m3-f10-seed29,M3,29,Portugal,source_distance,Q1,722,0.30473279358607547,13,"Moors, heathland and sclerophyllous vegetation",45,677,0.16101078085991266,0.3333333333333333
week5-m3-f10-seed29,M3,29,Portugal,source_distance,Q1,722,0.30473279358607547,14,Natural grassland and sparsely vegetated areas,5,717,0.017094719439222743,0.4
week5-m3-f10-seed29,M3,29,Portugal,source_distance,Q1,722,0.30473279358607547,15,Pastures,31,691,0.3141350235446723,0.5161290322580645
week5-m3-f10-seed29,M3,29,Portugal,source_distance,Q1,722,0.30473279358607547,16,Permanent crops,91,631,0.19945353776700242,0.0
week5-m3-f10-seed29,M3,29,Portugal,source_distance,Q1,722,0.30473279358607547,17,"Transitional woodland, shrub",144,578,0.4155561268714122,0.04861111111111111
week5-m3-f10-seed29,M3,29,Portugal,source_distance,Q1,722,0.30473279358607547,18,Urban fabric,40,682,0.26199099075068616,0.525
week5-m3-f10-seed29,M3,29,Portugal,source_distance,Q2,746,0.25022680719701135,0,Agro-forestry areas,292,454,0.3836539763601603,0.0
week5-m3-f10-seed29,M3,29,Portugal,source_distance,Q2,746,0.25022680719701135,1,Arable land,329,417,0.6438474914469228,0.7264437689969605
week5-m3-f10-seed29,M3,29,Portugal,source_distance,Q2,746,0.25022680719701135,2,"Beaches, dunes, sands",6,740,0.3268635171177155,0.0
week5-m3-f10-seed29,M3,29,Portugal,source_distance,Q2,746,0.25022680719701135,3,Broad-leaved forest,327,419,0.5316716209519639,0.581039755351682
week5-m3-f10-seed29,M3,29,Portugal,source_distance,Q2,746,0.25022680719701135,4,Coastal wetlands,6,740,0.02500820839572329,0.0
week5-m3-f10-seed29,M3,29,Portugal,source_distance,Q2,746,0.25022680719701135,5,Complex cultivation patterns,140,606,0.22002315264482397,0.37142857142857144
week5-m3-f10-seed29,M3,29,Portugal,source_distance,Q2,746,0.25022680719701135,6,Coniferous forest,63,683,0.14547864534801028,0.5079365079365079
week5-m3-f10-seed29,M3,29,Portugal,source_distance,Q2,746,0.25022680719701135,7,Industrial or commercial units,18,728,0.09361421327331021,0.0
week5-m3-f10-seed29,M3,29,Portugal,source_distance,Q2,746,0.25022680719701135,8,Inland waters,29,717,0.04220410727870861,0.0
week5-m3-f10-seed29,M3,29,Portugal,source_distance,Q2,746,0.25022680719701135,9,Inland wetlands,2,744,0.047230744388826094,0.0
week5-m3-f10-seed29,M3,29,Portugal,source_distance,Q2,746,0.25022680719701135,10,"Land principally occupied by agriculture, with significant areas of natural vegetation",163,583,0.2025037854865641,0.2147239263803681
week5-m3-f10-seed29,M3,29,Portugal,source_distance,Q2,746,0.25022680719701135,11,Marine waters,8,738,0.5245151680391378,0.5
week5-m3-f10-seed29,M3,29,Portugal,source_distance,Q2,746,0.25022680719701135,12,Mixed forest,123,623,0.1727824920066735,0.37398373983739835
week5-m3-f10-seed29,M3,29,Portugal,source_distance,Q2,746,0.25022680719701135,13,"Moors, heathland and sclerophyllous vegetation",98,648,0.18556721238269988,0.20408163265306123
week5-m3-f10-seed29,M3,29,Portugal,source_distance,Q2,746,0.25022680719701135,14,Natural grassland and sparsely vegetated areas,11,735,0.019613439181665762,0.45454545454545453
week5-m3-f10-seed29,M3,29,Portugal,source_distance,Q2,746,0.25022680719701135,15,Pastures,105,641,0.2721792722718244,0.6
week5-m3-f10-seed29,M3,29,Portugal,source_distance,Q2,746,0.25022680719701135,16,Permanent crops,202,544,0.2883779649676388,0.0
week5-m3-f10-seed29,M3,29,Portugal,source_distance,Q2,746,0.25022680719701135,17,"Transitional woodland, shrub",365,381,0.49252352104895897,0.13424657534246576
week5-m3-f10-seed29,M3,29,Portugal,source_distance,Q2,746,0.25022680719701135,18,Urban fabric,59,687,0.1214960844344525,0.4915254237288136
week5-m3-f10-seed29,M3,29,Portugal,source_distance,Q3,861,0.26143812675891936,0,Agro-forestry areas,376,485,0.3969316482584797,0.0
week5-m3-f10-seed29,M3,29,Portugal,source_distance,Q3,861,0.26143812675891936,1,Arable land,410,451,0.6224429579345984,0.724390243902439
week5-m3-f10-seed29,M3,29,Portugal,source_distance,Q3,861,0.26143812675891936,2,"Beaches, dunes, sands",5,856,0.1763484585502934,0.0
week5-m3-f10-seed29,M3,29,Portugal,source_distance,Q3,861,0.26143812675891936,3,Broad-leaved forest,403,458,0.5691310917040769,0.7791563275434243
week5-m3-f10-seed29,M3,29,Portugal,source_distance,Q3,861,0.26143812675891936,4,Coastal wetlands,8,853,0.03235248474088616,0.0
week5-m3-f10-seed29,M3,29,Portugal,source_distance,Q3,861,0.26143812675891936,5,Complex cultivation patterns,168,693,0.2443913446152754,0.43452380952380953
week5-m3-f10-seed29,M3,29,Portugal,source_distance,Q3,861,0.26143812675891936,6,Coniferous forest,98,763,0.12468740504336269,0.22448979591836735
week5-m3-f10-seed29,M3,29,Portugal,source_distance,Q3,861,0.26143812675891936,7,Industrial or commercial units,22,839,0.13646617089372162,0.09090909090909091
week5-m3-f10-seed29,M3,29,Portugal,source_distance,Q3,861,0.26143812675891936,8,Inland waters,42,819,0.1453858537985418,0.047619047619047616
week5-m3-f10-seed29,M3,29,Portugal,source_distance,Q3,861,0.26143812675891936,9,Inland wetlands,0,861,,
week5-m3-f10-seed29,M3,29,Portugal,source_distance,Q3,861,0.26143812675891936,10,"Land principally occupied by agriculture, with significant areas of natural vegetation",148,713,0.15098720140015506,0.4864864864864865
week5-m3-f10-seed29,M3,29,Portugal,source_distance,Q3,861,0.26143812675891936,11,Marine waters,8,853,0.29555432439509993,0.125
week5-m3-f10-seed29,M3,29,Portugal,source_distance,Q3,861,0.26143812675891936,12,Mixed forest,148,713,0.16498254536452536,0.16216216216216217
week5-m3-f10-seed29,M3,29,Portugal,source_distance,Q3,861,0.26143812675891936,13,"Moors, heathland and sclerophyllous vegetation",100,761,0.1627339917907289,0.13
week5-m3-f10-seed29,M3,29,Portugal,source_distance,Q3,861,0.26143812675891936,14,Natural grassland and sparsely vegetated areas,9,852,0.010596037636178697,0.1111111111111111
week5-m3-f10-seed29,M3,29,Portugal,source_distance,Q3,861,0.26143812675891936,15,Pastures,163,698,0.28155591624707044,0.44171779141104295
week5-m3-f10-seed29,M3,29,Portugal,source_distance,Q3,861,0.26143812675891936,16,Permanent crops,222,639,0.3378230267490786,0.0045045045045045045
week5-m3-f10-seed29,M3,29,Portugal,source_distance,Q3,861,0.26143812675891936,17,"Transitional woodland, shrub",428,433,0.5160827963468346,0.34579439252336447
week5-m3-f10-seed29,M3,29,Portugal,source_distance,Q3,861,0.26143812675891936,18,Urban fabric,69,792,0.15875123746454237,0.5217391304347826
week5-m3-f10-seed29,M3,29,Portugal,source_distance,Q4,1671,0.2527097191021848,0,Agro-forestry areas,669,1002,0.3325964484587123,0.0
week5-m3-f10-seed29,M3,29,Portugal,source_distance,Q4,1671,0.2527097191021848,1,Arable land,801,870,0.577669667297227,0.7777777777777778
week5-m3-f10-seed29,M3,29,Portugal,source_distance,Q4,1671,0.2527097191021848,2,"Beaches, dunes, sands",26,1645,0.1117540881996752,0.0
week5-m3-f10-seed29,M3,29,Portugal,source_distance,Q4,1671,0.2527097191021848,3,Broad-leaved forest,713,958,0.5185007391261035,0.7854137447405329
week5-m3-f10-seed29,M3,29,Portugal,source_distance,Q4,1671,0.2527097191021848,4,Coastal wetlands,25,1646,0.09013448381100517,0.0
week5-m3-f10-seed29,M3,29,Portugal,source_distance,Q4,1671,0.2527097191021848,5,Complex cultivation patterns,424,1247,0.26677120594898834,0.36556603773584906
week5-m3-f10-seed29,M3,29,Portugal,source_distance,Q4,1671,0.2527097191021848,6,Coniferous forest,186,1485,0.1405100735446606,0.23655913978494625
week5-m3-f10-seed29,M3,29,Portugal,source_distance,Q4,1671,0.2527097191021848,7,Industrial or commercial units,44,1627,0.11420214903674361,0.045454545454545456
week5-m3-f10-seed29,M3,29,Portugal,source_distance,Q4,1671,0.2527097191021848,8,Inland waters,126,1545,0.26828785414280576,0.15079365079365079
week5-m3-f10-seed29,M3,29,Portugal,source_distance,Q4,1671,0.2527097191021848,9,Inland wetlands,2,1669,0.006158007025407839,0.0
week5-m3-f10-seed29,M3,29,Portugal,source_distance,Q4,1671,0.2527097191021848,10,"Land principally occupied by agriculture, with significant areas of natural vegetation",378,1293,0.23365137460955035,0.5555555555555556
week5-m3-f10-seed29,M3,29,Portugal,source_distance,Q4,1671,0.2527097191021848,11,Marine waters,51,1620,0.36039713195531314,0.0392156862745098
week5-m3-f10-seed29,M3,29,Portugal,source_distance,Q4,1671,0.2527097191021848,12,Mixed forest,249,1422,0.18253661276005578,0.22088353413654618
week5-m3-f10-seed29,M3,29,Portugal,source_distance,Q4,1671,0.2527097191021848,13,"Moors, heathland and sclerophyllous vegetation",264,1407,0.15580582975759596,0.04924242424242424
week5-m3-f10-seed29,M3,29,Portugal,source_distance,Q4,1671,0.2527097191021848,14,Natural grassland and sparsely vegetated areas,25,1646,0.01387135616539907,0.24
week5-m3-f10-seed29,M3,29,Portugal,source_distance,Q4,1671,0.2527097191021848,15,Pastures,280,1391,0.20402845999627375,0.38571428571428573
week5-m3-f10-seed29,M3,29,Portugal,source_distance,Q4,1671,0.2527097191021848,16,Permanent crops,448,1223,0.3400369996928281,0.0
week5-m3-f10-seed29,M3,29,Portugal,source_distance,Q4,1671,0.2527097191021848,17,"Transitional woodland, shrub",815,856,0.5118513642305682,0.30552147239263805
week5-m3-f10-seed29,M3,29,Portugal,source_distance,Q4,1671,0.2527097191021848,18,Urban fabric,157,1514,0.14907668034543584,0.29936305732484075
week5-m3-f10-seed43,M3,43,I,label_count,1,946,0.48998949178710416,0,Agro-forestry areas,0,946,,
week5-m3-f10-seed43,M3,43,I,label_count,1,946,0.48998949178710416,1,Arable land,210,736,0.9020891685995934,1.0
week5-m3-f10-seed43,M3,43,I,label_count,1,946,0.48998949178710416,2,"Beaches, dunes, sands",0,946,,
week5-m3-f10-seed43,M3,43,I,label_count,1,946,0.48998949178710416,3,Broad-leaved forest,1,945,1.0,1.0
week5-m3-f10-seed43,M3,43,I,label_count,1,946,0.48998949178710416,4,Coastal wetlands,0,946,,
week5-m3-f10-seed43,M3,43,I,label_count,1,946,0.48998949178710416,5,Complex cultivation patterns,1,945,0.004166666666666667,0.0
week5-m3-f10-seed43,M3,43,I,label_count,1,946,0.48998949178710416,6,Coniferous forest,16,930,0.9680884832079686,1.0
week5-m3-f10-seed43,M3,43,I,label_count,1,946,0.48998949178710416,7,Industrial or commercial units,0,946,,
week5-m3-f10-seed43,M3,43,I,label_count,1,946,0.48998949178710416,8,Inland waters,4,942,0.011516600186123268,0.0
week5-m3-f10-seed43,M3,43,I,label_count,1,946,0.48998949178710416,9,Inland wetlands,14,932,0.02569667098864137,0.0
week5-m3-f10-seed43,M3,43,I,label_count,1,946,0.48998949178710416,10,"Land principally occupied by agriculture, with significant areas of natural vegetation",0,946,,
week5-m3-f10-seed43,M3,43,I,label_count,1,946,0.48998949178710416,11,Marine waters,543,403,0.9993635073504767,0.9392265193370166
week5-m3-f10-seed43,M3,43,I,label_count,1,946,0.48998949178710416,12,Mixed forest,2,944,0.5333333333333333,0.5
week5-m3-f10-seed43,M3,43,I,label_count,1,946,0.48998949178710416,13,"Moors, heathland and sclerophyllous vegetation",2,944,0.045715249662618085,0.0
week5-m3-f10-seed43,M3,43,I,label_count,1,946,0.48998949178710416,14,Natural grassland and sparsely vegetated areas,0,946,,
week5-m3-f10-seed43,M3,43,I,label_count,1,946,0.48998949178710416,15,Pastures,152,794,0.8966784837080322,0.9868421052631579
week5-m3-f10-seed43,M3,43,I,label_count,1,946,0.48998949178710416,16,Permanent crops,0,946,,
week5-m3-f10-seed43,M3,43,I,label_count,1,946,0.48998949178710416,17,"Transitional woodland, shrub",0,946,,
week5-m3-f10-seed43,M3,43,I,label_count,1,946,0.48998949178710416,18,Urban fabric,1,945,0.003236245954692557,0.0
week5-m3-f10-seed43,M3,43,I,label_count,2,495,0.37160651225347474,0,Agro-forestry areas,0,495,,
week5-m3-f10-seed43,M3,43,I,label_count,2,495,0.37160651225347474,1,Arable land,157,338,0.7856226591326861,0.9745222929936306
week5-m3-f10-seed43,M3,43,I,label_count,2,495,0.37160651225347474,2,"Beaches, dunes, sands",5,490,0.11400496432754496,0.0
week5-m3-f10-seed43,M3,43,I,label_count,2,495,0.37160651225347474,3,Broad-leaved forest,62,433,0.45927866327657846,0.7258064516129032
week5-m3-f10-seed43,M3,43,I,label_count,2,495,0.37160651225347474,4,Coastal wetlands,0,495,,
week5-m3-f10-seed43,M3,43,I,label_count,2,495,0.37160651225347474,5,Complex cultivation patterns,42,453,0.07090269044773662,0.40476190476190477
week5-m3-f10-seed43,M3,43,I,label_count,2,495,0.37160651225347474,6,Coniferous forest,70,425,0.8978562659028654,0.8857142857142857
week5-m3-f10-seed43,M3,43,I,label_count,2,495,0.37160651225347474,7,Industrial or commercial units,17,478,0.25802386560001844,0.17647058823529413
week5-m3-f10-seed43,M3,43,I,label_count,2,495,0.37160651225347474,8,Inland waters,28,467,0.18151250156306234,0.21428571428571427
week5-m3-f10-seed43,M3,43,I,label_count,2,495,0.37160651225347474,9,Inland wetlands,65,430,0.1661020705276296,0.015384615384615385
week5-m3-f10-seed43,M3,43,I,label_count,2,495,0.37160651225347474,10,"Land principally occupied by agriculture, with significant areas of natural vegetation",118,377,0.24015554384348392,0.2457627118644068
week5-m3-f10-seed43,M3,43,I,label_count,2,495,0.37160651225347474,11,Marine waters,13,482,0.8521047579871109,0.7692307692307693
week5-m3-f10-seed43,M3,43,I,label_count,2,495,0.37160651225347474,12,Mixed forest,64,431,0.4366172431190095,0.53125
week5-m3-f10-seed43,M3,43,I,label_count,2,495,0.37160651225347474,13,"Moors, heathland and sclerophyllous vegetation",20,475,0.05290061021554245,0.0
week5-m3-f10-seed43,M3,43,I,label_count,2,495,0.37160651225347474,14,Natural grassland and sparsely vegetated areas,7,488,0.03258445544090887,0.14285714285714285
week5-m3-f10-seed43,M3,43,I,label_count,2,495,0.37160651225347474,15,Pastures,217,278,0.8658596467578842,0.9308755760368663
week5-m3-f10-seed43,M3,43,I,label_count,2,495,0.37160651225347474,16,Permanent crops,15,480,0.09484560232850711,0.0
week5-m3-f10-seed43,M3,43,I,label_count,2,495,0.37160651225347474,17,"Transitional woodland, shrub",25,470,0.045379526610224596,0.16
week5-m3-f10-seed43,M3,43,I,label_count,2,495,0.37160651225347474,18,Urban fabric,65,430,0.5059580933023478,0.6
week5-m3-f10-seed43,M3,43,I,label_count,3,645,0.39540888092575266,0,Agro-forestry areas,0,645,,
week5-m3-f10-seed43,M3,43,I,label_count,3,645,0.39540888092575266,1,Arable land,215,430,0.7159376144685825,0.9488372093023256
week5-m3-f10-seed43,M3,43,I,label_count,3,645,0.39540888092575266,2,"Beaches, dunes, sands",9,636,0.1907144487239045,0.0
week5-m3-f10-seed43,M3,43,I,label_count,3,645,0.39540888092575266,3,Broad-leaved forest,176,469,0.5309489235679213,0.7386363636363636
week5-m3-f10-seed43,M3,43,I,label_count,3,645,0.39540888092575266,4,Coastal wetlands,0,645,,
week5-m3-f10-seed43,M3,43,I,label_count,3,645,0.39540888092575266,5,Complex cultivation patterns,165,480,0.3025516967576768,0.6606060606060606
week5-m3-f10-seed43,M3,43,I,label_count,3,645,0.39540888092575266,6,Coniferous forest,187,458,0.8320607096878622,0.7914438502673797
week5-m3-f10-seed43,M3,43,I,label_count,3,645,0.39540888092575266,7,Industrial or commercial units,18,627,0.2559281667728468,0.3333333333333333
week5-m3-f10-seed43,M3,43,I,label_count,3,645,0.39540888092575266,8,Inland waters,38,607,0.25325538891707733,0.2894736842105263
week5-m3-f10-seed43,M3,43,I,label_count,3,645,0.39540888092575266,9,Inland wetlands,81,564,0.1526331459720176,0.0
week5-m3-f10-seed43,M3,43,I,label_count,3,645,0.39540888092575266,10,"Land principally occupied by agriculture, with significant areas of natural vegetation",158,487,0.301445236647003,0.4810126582278481
week5-m3-f10-seed43,M3,43,I,label_count,3,645,0.39540888092575266,11,Marine waters,34,611,0.6204155841231195,0.29411764705882354
week5-m3-f10-seed43,M3,43,I,label_count,3,645,0.39540888092575266,12,Mixed forest,227,418,0.5411281586893993,0.6607929515418502
week5-m3-f10-seed43,M3,43,I,label_count,3,645,0.39540888092575266,13,"Moors, heathland and sclerophyllous vegetation",33,612,0.03795421303974591,0.0
week5-m3-f10-seed43,M3,43,I,label_count,3,645,0.39540888092575266,14,Natural grassland and sparsely vegetated areas,21,624,0.13725402053465993,0.19047619047619047
week5-m3-f10-seed43,M3,43,I,label_count,3,645,0.39540888092575266,15,Pastures,262,383,0.7083026604395679,0.7938931297709924
week5-m3-f10-seed43,M3,43,I,label_count,3,645,0.39540888092575266,16,Permanent crops,35,610,0.07160062545585692,0.0
week5-m3-f10-seed43,M3,43,I,label_count,3,645,0.39540888092575266,17,"Transitional woodland, shrub",85,560,0.15059364862574712,0.32941176470588235
week5-m3-f10-seed43,M3,43,I,label_count,3,645,0.39540888092575266,18,Urban fabric,191,454,0.7145323011129587,0.643979057591623
week5-m3-f10-seed43,M3,43,I,label_count,4+,914,0.4321077373165691,0,Agro-forestry areas,0,914,,
week5-m3-f10-seed43,M3,43,I,label_count,4+,914,0.4321077373165691,1,Arable land,454,460,0.7557670062689483,0.8986784140969163
week5-m3-f10-seed43,M3,43,I,label_count,4+,914,0.4321077373165691,2,"Beaches, dunes, sands",10,904,0.08758414615098288,0.0
week5-m3-f10-seed43,M3,43,I,label_count,4+,914,0.4321077373165691,3,Broad-leaved forest,479,435,0.6909615338150201,0.6910229645093946
week5-m3-f10-seed43,M3,43,I,label_count,4+,914,0.4321077373165691,4,Coastal wetlands,1,913,0.0015698587127158557,0.0
week5-m3-f10-seed43,M3,43,I,label_count,4+,914,0.4321077373165691,5,Complex cultivation patterns,457,457,0.542538877621888,0.6367614879649891
week5-m3-f10-seed43,M3,43,I,label_count,4+,914,0.4321077373165691,6,Coniferous forest,307,607,0.7023776488670549,0.6742671009771987
week5-m3-f10-seed43,M3,43,I,label_count,4+,914,0.4321077373165691,7,Industrial or commercial units,52,862,0.28845775348866587,0.21153846153846154
week5-m3-f10-seed43,M3,43,I,label_count,4+,914,0.4321077373165691,8,Inland waters,138,776,0.40366540938823026,0.2826086956521739
week5-m3-f10-seed43,M3,43,I,label_count,4+,914,0.4321077373165691,9,Inland wetlands,113,801,0.1389364193101301,0.0
week5-m3-f10-seed43,M3,43,I,label_count,4+,914,0.4321077373165691,10,"Land principally occupied by agriculture, with significant areas of natural vegetation",418,496,0.49765398862369453,0.5669856459330144
week5-m3-f10-seed43,M3,43,I,label_count,4+,914,0.4321077373165691,11,Marine waters,27,887,0.15198796557562858,0.037037037037037035
week5-m3-f10-seed43,M3,43,I,label_count,4+,914,0.4321077373165691,12,Mixed forest,519,395,0.7256308637417699,0.6377649325626205
week5-m3-f10-seed43,M3,43,I,label_count,4+,914,0.4321077373165691,13,"Moors, heathland and sclerophyllous vegetation",52,862,0.06310057190595926,0.0
week5-m3-f10-seed43,M3,43,I,label_count,4+,914,0.4321077373165691,14,Natural grassland and sparsely vegetated areas,42,872,0.061858244050973885,0.11904761904761904
week5-m3-f10-seed43,M3,43,I,label_count,4+,914,0.4321077373165691,15,Pastures,469,445,0.7250682688235396,0.7057569296375267
week5-m3-f10-seed43,M3,43,I,label_count,4+,914,0.4321077373165691,16,Permanent crops,101,813,0.14305687737510422,0.0
week5-m3-f10-seed43,M3,43,I,label_count,4+,914,0.4321077373165691,17,"Transitional woodland, shrub",216,698,0.3178033173143547,0.4398148148148148
week5-m3-f10-seed43,M3,43,I,label_count,4+,914,0.4321077373165691,18,Urban fabric,356,558,0.7048590508941435,0.5589887640449438
week5-m3-f10-seed43,M3,43,I,quarter,Q1,81,0.4568519384129974,0,Agro-forestry areas,0,81,,
week5-m3-f10-seed43,M3,43,I,quarter,Q1,81,0.4568519384129974,1,Arable land,52,29,0.6829159818662851,0.5576923076923077
week5-m3-f10-seed43,M3,43,I,quarter,Q1,81,0.4568519384129974,2,"Beaches, dunes, sands",0,81,,
week5-m3-f10-seed43,M3,43,I,quarter,Q1,81,0.4568519384129974,3,Broad-leaved forest,35,46,0.3858576748263172,0.9142857142857143
week5-m3-f10-seed43,M3,43,I,quarter,Q1,81,0.4568519384129974,4,Coastal wetlands,0,81,,
week5-m3-f10-seed43,M3,43,I,quarter,Q1,81,0.4568519384129974,5,Complex cultivation patterns,62,19,0.8495871232985148,0.24193548387096775
week5-m3-f10-seed43,M3,43,I,quarter,Q1,81,0.4568519384129974,6,Coniferous forest,16,65,0.40453901192654096,0.8125
week5-m3-f10-seed43,M3,43,I,quarter,Q1,81,0.4568519384129974,7,Industrial or commercial units,1,80,0.5,0.0
week5-m3-f10-seed43,M3,43,I,quarter,Q1,81,0.4568519384129974,8,Inland waters,20,61,0.48135134111548894,0.0
week5-m3-f10-seed43,M3,43,I,quarter,Q1,81,0.4568519384129974,9,Inland wetlands,5,76,0.07645300935623515,0.0
week5-m3-f10-seed43,M3,43,I,quarter,Q1,81,0.4568519384129974,10,"Land principally occupied by agriculture, with significant areas of natural vegetation",48,33,0.6507860859056613,0.5625
week5-m3-f10-seed43,M3,43,I,quarter,Q1,81,0.4568519384129974,11,Marine waters,0,81,,
week5-m3-f10-seed43,M3,43,I,quarter,Q1,81,0.4568519384129974,12,Mixed forest,39,42,0.6729647416454494,0.02564102564102564
week5-m3-f10-seed43,M3,43,I,quarter,Q1,81,0.4568519384129974,13,"Moors, heathland and sclerophyllous vegetation",0,81,,
week5-m3-f10-seed43,M3,43,I,quarter,Q1,81,0.4568519384129974,14,Natural grassland and sparsely vegetated areas,0,81,,
week5-m3-f10-seed43,M3,43,I,quarter,Q1,81,0.4568519384129974,15,Pastures,55,26,0.7262695068775951,0.01818181818181818
week5-m3-f10-seed43,M3,43,I,quarter,Q1,81,0.4568519384129974,16,Permanent crops,2,79,0.05827505827505827,0.0
week5-m3-f10-seed43,M3,43,I,quarter,Q1,81,0.4568519384129974,17,"Transitional woodland, shrub",18,63,0.16411771901468375,0.05555555555555555
week5-m3-f10-seed43,M3,43,I,quarter,Q1,81,0.4568519384129974,18,Urban fabric,14,67,0.285957945261136,0.07142857142857142
week5-m3-f10-seed43,M3,43,I,quarter,Q2,391,0.4374350150542136,0,Agro-forestry areas,0,391,,
week5-m3-f10-seed43,M3,43,I,quarter,Q2,391,0.4374350150542136,1,Arable land,151,240,0.7816354432678767,0.9668874172185431
week5-m3-f10-seed43,M3,43,I,quarter,Q2,391,0.4374350150542136,2,"Beaches, dunes, sands",0,391,,
week5-m3-f10-seed43,M3,43,I,quarter,Q2,391,0.4374350150542136,3,Broad-leaved forest,153,238,0.656118435468524,0.7254901960784313
week5-m3-f10-seed43,M3,43,I,quarter,Q2,391,0.4374350150542136,4,Coastal wetlands,0,391,,
week5-m3-f10-seed43,M3,43,I,quarter,Q2,391,0.4374350150542136,5,Complex cultivation patterns,127,264,0.38739073094213666,0.5984251968503937
week5-m3-f10-seed43,M3,43,I,quarter,Q2,391,0.4374350150542136,6,Coniferous forest,129,262,0.8037215345095441,0.8527131782945736
week5-m3-f10-seed43,M3,43,I,quarter,Q2,391,0.4374350150542136,7,Industrial or commercial units,16,375,0.4238929597314184,0.25
week5-m3-f10-seed43,M3,43,I,quarter,Q2,391,0.4374350150542136,8,Inland waters,19,372,0.27065934735094466,0.21052631578947367
week5-m3-f10-seed43,M3,43,I,quarter,Q2,391,0.4374350150542136,9,Inland wetlands,33,358,0.10595689263528575,0.030303030303030304
week5-m3-f10-seed43,M3,43,I,quarter,Q2,391,0.4374350150542136,10,"Land principally occupied by agriculture, with significant areas of natural vegetation",91,300,0.29711067265428087,0.4835164835164835
week5-m3-f10-seed43,M3,43,I,quarter,Q2,391,0.4374350150542136,11,Marine waters,0,391,,
week5-m3-f10-seed43,M3,43,I,quarter,Q2,391,0.4374350150542136,12,Mixed forest,190,201,0.6806544905473458,0.6947368421052632
week5-m3-f10-seed43,M3,43,I,quarter,Q2,391,0.4374350150542136,13,"Moors, heathland and sclerophyllous vegetation",12,379,0.07035669996319122,0.0
week5-m3-f10-seed43,M3,43,I,quarter,Q2,391,0.4374350150542136,14,Natural grassland and sparsely vegetated areas,6,385,0.213846748205176,0.3333333333333333
week5-m3-f10-seed43,M3,43,I,quarter,Q2,391,0.4374350150542136,15,Pastures,157,234,0.793003174241541,0.8280254777070064
week5-m3-f10-seed43,M3,43,I,quarter,Q2,391,0.4374350150542136,16,Permanent crops,29,362,0.14953946233818943,0.0
week5-m3-f10-seed43,M3,43,I,quarter,Q2,391,0.4374350150542136,17,"Transitional woodland, shrub",54,337,0.12854857744124978,0.1111111111111111
week5-m3-f10-seed43,M3,43,I,quarter,Q2,391,0.4374350150542136,18,Urban fabric,164,227,0.7990900565165006,0.6890243902439024
week5-m3-f10-seed43,M3,43,I,quarter,Q3,1919,0.410762410416348,0,Agro-forestry areas,0,1919,,
week5-m3-f10-seed43,M3,43,I,quarter,Q3,1919,0.410762410416348,1,Arable land,474,1445,0.6361373486483257,0.9556962025316456
week5-m3-f10-seed43,M3,43,I,quarter,Q3,1919,0.410762410416348,2,"Beaches, dunes, sands",24,1895,0.04744956779126256,0.0
week5-m3-f10-seed43,M3,43,I,quarter,Q3,1919,0.410762410416348,3,Broad-leaved forest,375,1544,0.5769363487964547,0.7893333333333333
week5-m3-f10-seed43,M3,43,I,quarter,Q3,1919,0.410762410416348,4,Coastal wetlands,1,1918,0.00125,0.0
week5-m3-f10-seed43,M3,43,I,quarter,Q3,1919,0.410762410416348,5,Complex cultivation patterns,347,1572,0.23916672206133593,0.7665706051873199
week5-m3-f10-seed43,M3,43,I,quarter,Q3,1919,0.410762410416348,6,Coniferous forest,313,1606,0.7621311558118341,0.6837060702875399
week5-m3-f10-seed43,M3,43,I,quarter,Q3,1919,0.410762410416348,7,Industrial or commercial units,34,1885,0.2659965713143072,0.2647058823529412
week5-m3-f10-seed43,M3,43,I,quarter,Q3,1919,0.410762410416348,8,Inland waters,140,1779,0.30783663300319486,0.34285714285714286
week5-m3-f10-seed43,M3,43,I,quarter,Q3,1919,0.410762410416348,9,Inland wetlands,177,1742,0.12377860243872488,0.0
week5-m3-f10-seed43,M3,43,I,quarter,Q3,1919,0.410762410416348,10,"Land principally occupied by agriculture, with significant areas of natural vegetation",466,1453,0.39413126420212014,0.4957081545064378
week5-m3-f10-seed43,M3,43,I,quarter,Q3,1919,0.410762410416348,11,Marine waters,617,1302,0.9851441726214548,0.8606158833063209
week5-m3-f10-seed43,M3,43,I,quarter,Q3,1919,0.410762410416348,12,Mixed forest,407,1512,0.5999709741551714,0.6732186732186732
week5-m3-f10-seed43,M3,43,I,quarter,Q3,1919,0.410762410416348,13,"Moors, heathland and sclerophyllous vegetation",85,1834,0.0629130575341255,0.0
week5-m3-f10-seed43,M3,43,I,quarter,Q3,1919,0.410762410416348,14,Natural grassland and sparsely vegetated areas,50,1869,0.10115430272616278,0.12
week5-m3-f10-seed43,M3,43,I,quarter,Q3,1919,0.410762410416348,15,Pastures,731,1188,0.8234279582635938,0.8714090287277702
week5-m3-f10-seed43,M3,43,I,quarter,Q3,1919,0.410762410416348,16,Permanent crops,57,1862,0.05377463658536369,0.0
week5-m3-f10-seed43,M3,43,I,quarter,Q3,1919,0.410762410416348,17,"Transitional woodland, shrub",190,1729,0.2076640521612919,0.5736842105263158
week5-m3-f10-seed43,M3,43,I,quarter,Q3,1919,0.410762410416348,18,Urban fabric,236,1683,0.4320347663381068,0.5635593220338984
week5-m3-f10-seed43,M3,43,I,quarter,Q4,609,0.3873772967339429,0,Agro-forestry areas,0,609,,
week5-m3-f10-seed43,M3,43,I,quarter,Q4,609,0.3873772967339429,1,Arable land,359,250,0.939733117384213,0.9665738161559888
week5-m3-f10-seed43,M3,43,I,quarter,Q4,609,0.3873772967339429,2,"Beaches, dunes, sands",0,609,,
week5-m3-f10-seed43,M3,43,I,quarter,Q4,609,0.3873772967339429,3,Broad-leaved forest,155,454,0.4151958108873393,0.43870967741935485
week5-m3-f10-seed43,M3,43,I,quarter,Q4,609,0.3873772967339429,4,Coastal wetlands,0,609,,
week5-m3-f10-seed43,M3,43,I,quarter,Q4,609,0.3873772967339429,5,Complex cultivation patterns,129,480,0.4323239969347997,0.46511627906976744
week5-m3-f10-seed43,M3,43,I,quarter,Q4,609,0.3873772967339429,6,Coniferous forest,122,487,0.8200991200218568,0.7868852459016393
week5-m3-f10-seed43,M3,43,I,quarter,Q4,609,0.3873772967339429,7,Industrial or commercial units,36,573,0.22114363665141273,0.19444444444444445
week5-m3-f10-seed43,M3,43,I,quarter,Q4,609,0.3873772967339429,8,Inland waters,29,580,0.13067223514301413,0.13793103448275862
week5-m3-f10-seed43,M3,43,I,quarter,Q4,609,0.3873772967339429,9,Inland wetlands,58,551,0.12377522788200972,0.0
week5-m3-f10-seed43,M3,43,I,quarter,Q4,609,0.3873772967339429,10,"Land principally occupied by agriculture, with significant areas of natural vegetation",89,520,0.2620564292800777,0.449438202247191
week5-m3-f10-seed43,M3,43,I,quarter,Q4,609,0.3873772967339429,11,Marine waters,0,609,,
week5-m3-f10-seed43,M3,43,I,quarter,Q4,609,0.3873772967339429,12,Mixed forest,176,433,0.6198825538049753,0.6193181818181818
week5-m3-f10-seed43,M3,43,I,quarter,Q4,609,0.3873772967339429,13,"Moors, heathland and sclerophyllous vegetation",10,599,0.16932763863763958,0.0
week5-m3-f10-seed43,M3,43,I,quarter,Q4,609,0.3873772967339429,14,Natural grassland and sparsely vegetated areas,14,595,0.027101762016198103,0.14285714285714285
week5-m3-f10-seed43,M3,43,I,quarter,Q4,609,0.3873772967339429,15,Pastures,157,452,0.5693906200070231,0.7834394904458599
week5-m3-f10-seed43,M3,43,I,quarter,Q4,609,0.3873772967339429,16,Permanent crops,63,546,0.17804679933707115,0.0
week5-m3-f10-seed43,M3,43,I,quarter,Q4,609,0.3873772967339429,17,"Transitional woodland, shrub",64,545,0.1237314637967857,0.171875
week5-m3-f10-seed43,M3,43,I,quarter,Q4,609,0.3873772967339429,18,Urban fabric,199,410,0.7781790392247272,0.5728643216080402
week5-m3-f10-seed43,M3,43,I,country,Austria,752,0.38275415805626056,0,Agro-forestry areas,0,752,,
week5-m3-f10-seed43,M3,43,I,country,Austria,752,0.38275415805626056,1,Arable land,499,253,0.9118417549960229,0.9498997995991983
week5-m3-f10-seed43,M3,43,I,country,Austria,752,0.38275415805626056,2,"Beaches, dunes, sands",0,752,,
week5-m3-f10-seed43,M3,43,I,country,Austria,752,0.38275415805626056,3,Broad-leaved forest,424,328,0.7519581485600179,0.7759433962264151
week5-m3-f10-seed43,M3,43,I,country,Austria,752,0.38275415805626056,4,Coastal wetlands,0,752,,
week5-m3-f10-seed43,M3,43,I,country,Austria,752,0.38275415805626056,5,Complex cultivation patterns,288,464,0.4521482636479875,0.6076388888888888
week5-m3-f10-seed43,M3,43,I,country,Austria,752,0.38275415805626056,6,Coniferous forest,136,616,0.7081034539556063,0.7720588235294118
week5-m3-f10-seed43,M3,43,I,country,Austria,752,0.38275415805626056,7,Industrial or commercial units,16,736,0.2407935383034641,0.375
week5-m3-f10-seed43,M3,43,I,country,Austria,752,0.38275415805626056,8,Inland waters,52,700,0.1677293914036425,0.19230769230769232
week5-m3-f10-seed43,M3,43,I,country,Austria,752,0.38275415805626056,9,Inland wetlands,36,716,0.11272542061160931,0.027777777777777776
week5-m3-f10-seed43,M3,43,I,country,Austria,752,0.38275415805626056,10,"Land principally occupied by agriculture, with significant areas of natural vegetation",193,559,0.32966317717165494,0.48704663212435234
week5-m3-f10-seed43,M3,43,I,country,Austria,752,0.38275415805626056,11,Marine waters,0,752,,
week5-m3-f10-seed43,M3,43,I,country,Austria,752,0.38275415805626056,12,Mixed forest,311,441,0.542004676364153,0.5755627009646302
week5-m3-f10-seed43,M3,43,I,country,Austria,752,0.38275415805626056,13,"Moors, heathland and sclerophyllous vegetation",2,750,0.25448430493273544,0.0
week5-m3-f10-seed43,M3,43,I,country,Austria,752,0.38275415805626056,14,Natural grassland and sparsely vegetated areas,30,722,0.1550110941417539,0.16666666666666666
week5-m3-f10-seed43,M3,43,I,country,Austria,752,0.38275415805626056,15,Pastures,171,581,0.30494160952486743,0.6023391812865497
week5-m3-f10-seed43,M3,43,I,country,Austria,752,0.38275415805626056,16,Permanent crops,108,644,0.15521343153542264,0.0
week5-m3-f10-seed43,M3,43,I,country,Austria,752,0.38275415805626056,17,"Transitional woodland, shrub",42,710,0.08041605067947517,0.40476190476190477
week5-m3-f10-seed43,M3,43,I,country,Austria,752,0.38275415805626056,18,Urban fabric,235,517,0.574278055015495,0.5659574468085107
week5-m3-f10-seed43,M3,43,I,country,Belgium,376,0.4339645245335802,0,Agro-forestry areas,0,376,,
week5-m3-f10-seed43,M3,43,I,country,Belgium,376,0.4339645245335802,1,Arable land,12,364,0.10495725177988363,0.8333333333333334
week5-m3-f10-seed43,M3,43,I,country,Belgium,376,0.4339645245335802,2,"Beaches, dunes, sands",0,376,,
week5-m3-f10-seed43,M3,43,I,country,Belgium,376,0.4339645245335802,3,Broad-leaved forest,94,282,0.41794329240985045,0.44680851063829785
week5-m3-f10-seed43,M3,43,I,country,Belgium,376,0.4339645245335802,4,Coastal wetlands,0,376,,
week5-m3-f10-seed43,M3,43,I,country,Belgium,376,0.4339645245335802,5,Complex cultivation patterns,74,302,0.6023067011655114,0.972972972972973
week5-m3-f10-seed43,M3,43,I,country,Belgium,376,0.4339645245335802,6,Coniferous forest,184,192,0.8953982910355457,0.8967391304347826
week5-m3-f10-seed43,M3,43,I,country,Belgium,376,0.4339645245335802,7,Industrial or commercial units,26,350,0.4617375066416679,0.2692307692307692
week5-m3-f10-seed43,M3,43,I,country,Belgium,376,0.4339645245335802,8,Inland waters,9,367,0.21048220588253166,0.0
week5-m3-f10-seed43,M3,43,I,country,Belgium,376,0.4339645245335802,9,Inland wetlands,52,324,0.17568618346685086,0.0
week5-m3-f10-seed43,M3,43,I,country,Belgium,376,0.4339645245335802,10,"Land principally occupied by agriculture, with significant areas of natural vegetation",79,297,0.2916985153257545,0.5949367088607594
week5-m3-f10-seed43,M3,43,I,country,Belgium,376,0.4339645245335802,11,Marine waters,0,376,,
week5-m3-f10-seed43,M3,43,I,country,Belgium,376,0.4339645245335802,12,Mixed forest,198,178,0.7548293526397906,0.7878787878787878
week5-m3-f10-seed43,M3,43,I,country,Belgium,376,0.4339645245335802,13,"Moors, heathland and sclerophyllous vegetation",22,354,0.13634385161794338,0.0
week5-m3-f10-seed43,M3,43,I,country,Belgium,376,0.4339645245335802,14,Natural grassland and sparsely vegetated areas,5,371,0.03159368785724381,0.4
week5-m3-f10-seed43,M3,43,I,country,Belgium,376,0.4339645245335802,15,Pastures,239,137,0.910042191919152,0.9372384937238494
week5-m3-f10-seed43,M3,43,I,country,Belgium,376,0.4339645245335802,16,Permanent crops,0,376,,
week5-m3-f10-seed43,M3,43,I,country,Belgium,376,0.4339645245335802,17,"Transitional woodland, shrub",71,305,0.16233354102766012,0.04225352112676056
week5-m3-f10-seed43,M3,43,I,country,Belgium,376,0.4339645245335802,18,Urban fabric,196,180,0.9201507707007375,0.7755102040816326
week5-m3-f10-seed43,M3,43,I,country,Ireland,744,0.33812757525575077,0,Agro-forestry areas,0,744,,
week5-m3-f10-seed43,M3,43,I,country,Ireland,744,0.33812757525575077,1,Arable land,19,725,0.12030450168790885,1.0
week5-m3-f10-seed43,M3,43,I,country,Ireland,744,0.33812757525575077,2,"Beaches, dunes, sands",4,740,0.17173230228230996,0.0
week5-m3-f10-seed43,M3,43,I,country,Ireland,744,0.33812757525575077,3,Broad-leaved forest,2,742,0.00772164477748234,0.0
week5-m3-f10-seed43,M3,43,I,country,Ireland,744,0.33812757525575077,4,Coastal wetlands,1,743,0.0033333333333333335,0.0
week5-m3-f10-seed43,M3,43,I,country,Ireland,744,0.33812757525575077,5,Complex cultivation patterns,11,733,0.10827180374724853,1.0
week5-m3-f10-seed43,M3,43,I,country,Ireland,744,0.33812757525575077,6,Coniferous forest,70,674,0.5531156567210579,0.08571428571428572
week5-m3-f10-seed43,M3,43,I,country,Ireland,744,0.33812757525575077,7,Industrial or commercial units,8,736,0.38980711396689505,0.25
week5-m3-f10-seed43,M3,43,I,country,Ireland,744,0.33812757525575077,8,Inland waters,23,721,0.41901807055869394,0.5652173913043478
week5-m3-f10-seed43,M3,43,I,country,Ireland,744,0.33812757525575077,9,Inland wetlands,134,610,0.27973906419381406,0.0
week5-m3-f10-seed43,M3,43,I,country,Ireland,744,0.33812757525575077,10,"Land principally occupied by agriculture, with significant areas of natural vegetation",171,573,0.32189274272015916,0.4152046783625731
week5-m3-f10-seed43,M3,43,I,country,Ireland,744,0.33812757525575077,11,Marine waters,258,486,0.9843073352702358,0.875968992248062
week5-m3-f10-seed43,M3,43,I,country,Ireland,744,0.33812757525575077,12,Mixed forest,25,719,0.10769277132707054,0.52
week5-m3-f10-seed43,M3,43,I,country,Ireland,744,0.33812757525575077,13,"Moors, heathland and sclerophyllous vegetation",76,668,0.15673685561025338,0.0
week5-m3-f10-seed43,M3,43,I,country,Ireland,744,0.33812757525575077,14,Natural grassland and sparsely vegetated areas,28,716,0.11561318974081351,0.10714285714285714
week5-m3-f10-seed43,M3,43,I,country,Ireland,744,0.33812757525575077,15,Pastures,474,270,0.9391376917093986,0.9789029535864979
week5-m3-f10-seed43,M3,43,I,country,Ireland,744,0.33812757525575077,16,Permanent crops,0,744,,
week5-m3-f10-seed43,M3,43,I,country,Ireland,744,0.33812757525575077,17,"Transitional woodland, shrub",47,697,0.13382130856118368,0.2978723404255319
week5-m3-f10-seed43,M3,43,I,country,Ireland,744,0.33812757525575077,18,Urban fabric,55,689,0.43473387824404625,0.7272727272727273
week5-m3-f10-seed43,M3,43,I,country,Lithuania,752,0.4396287615344172,0,Agro-forestry areas,0,752,,
week5-m3-f10-seed43,M3,43,I,country,Lithuania,752,0.4396287615344172,1,Arable land,174,578,0.6873506426830985,0.8103448275862069
week5-m3-f10-seed43,M3,43,I,country,Lithuania,752,0.4396287615344172,2,"Beaches, dunes, sands",20,732,0.046727957212709906,0.0
week5-m3-f10-seed43,M3,43,I,country,Lithuania,752,0.4396287615344172,3,Broad-leaved forest,156,596,0.3599488333962719,0.7115384615384616
week5-m3-f10-seed43,M3,43,I,country,Lithuania,752,0.4396287615344172,4,Coastal wetlands,0,752,,
week5-m3-f10-seed43,M3,43,I,country,Lithuania,752,0.4396287615344172,5,Complex cultivation patterns,199,553,0.6545600687505904,0.5879396984924623
week5-m3-f10-seed43,M3,43,I,country,Lithuania,752,0.4396287615344172,6,Coniferous forest,179,573,0.8814526511964075,0.8659217877094972
week5-m3-f10-seed43,M3,43,I,country,Lithuania,752,0.4396287615344172,7,Industrial or commercial units,11,741,0.3014083732757745,0.18181818181818182
week5-m3-f10-seed43,M3,43,I,country,Lithuania,752,0.4396287615344172,8,Inland waters,109,643,0.35971039772424085,0.27522935779816515
week5-m3-f10-seed43,M3,43,I,country,Lithuania,752,0.4396287615344172,9,Inland wetlands,33,719,0.061187714053406235,0.0
week5-m3-f10-seed43,M3,43,I,country,Lithuania,752,0.4396287615344172,10,"Land principally occupied by agriculture, with significant areas of natural vegetation",216,536,0.6196088039863838,0.5694444444444444
week5-m3-f10-seed43,M3,43,I,country,Lithuania,752,0.4396287615344172,11,Marine waters,359,393,0.9910157986900836,0.8495821727019499
week5-m3-f10-seed43,M3,43,I,country,Lithuania,752,0.4396287615344172,12,Mixed forest,248,504,0.7685027887927052,0.6693548387096774
week5-m3-f10-seed43,M3,43,I,country,Lithuania,752,0.4396287615344172,13,"Moors, heathland and sclerophyllous vegetation",7,745,0.017513385928195044,0.0
week5-m3-f10-seed43,M3,43,I,country,Lithuania,752,0.4396287615344172,14,Natural grassland and sparsely vegetated areas,4,748,0.006754318018686368,0.0
week5-m3-f10-seed43,M3,43,I,country,Lithuania,752,0.4396287615344172,15,Pastures,180,572,0.621936703551057,0.5388888888888889
week5-m3-f10-seed43,M3,43,I,country,Lithuania,752,0.4396287615344172,16,Permanent crops,3,749,0.009521158821941536,0.0
week5-m3-f10-seed43,M3,43,I,country,Lithuania,752,0.4396287615344172,17,"Transitional woodland, shrub",126,626,0.2941980464395639,0.6349206349206349
week5-m3-f10-seed43,M3,43,I,country,Lithuania,752,0.4396287615344172,18,Urban fabric,48,704,0.3993904992422684,0.3125
week5-m3-f10-seed43,M3,43,I,country,Serbia,376,0.3057943627436919,0,Agro-forestry areas,0,376,,
week5-m3-f10-seed43,M3,43,I,country,Serbia,376,0.3057943627436919,1,Arable land,332,44,0.9651737560230093,0.9969879518072289
week5-m3-f10-seed43,M3,43,I,country,Serbia,376,0.3057943627436919,2,"Beaches, dunes, sands",0,376,,
week5-m3-f10-seed43,M3,43,I,country,Serbia,376,0.3057943627436919,3,Broad-leaved forest,42,334,0.44561934488040195,0.5952380952380952
week5-m3-f10-seed43,M3,43,I,country,Serbia,376,0.3057943627436919,4,Coastal wetlands,0,376,,
week5-m3-f10-seed43,M3,43,I,country,Serbia,376,0.3057943627436919,5,Complex cultivation patterns,93,283,0.34790212520698016,0.45161290322580644
week5-m3-f10-seed43,M3,43,I,country,Serbia,376,0.3057943627436919,6,Coniferous forest,11,365,0.1499658768264507,0.18181818181818182
week5-m3-f10-seed43,M3,43,I,country,Serbia,376,0.3057943627436919,7,Industrial or commercial units,26,350,0.20134488084670937,0.11538461538461539
week5-m3-f10-seed43,M3,43,I,country,Serbia,376,0.3057943627436919,8,Inland waters,15,361,0.323084460348035,0.2
week5-m3-f10-seed43,M3,43,I,country,Serbia,376,0.3057943627436919,9,Inland wetlands,18,358,0.07419443067069212,0.0
week5-m3-f10-seed43,M3,43,I,country,Serbia,376,0.3057943627436919,10,"Land principally occupied by agriculture, with significant areas of natural vegetation",35,341,0.16374084348036708,0.2
week5-m3-f10-seed43,M3,43,I,country,Serbia,376,0.3057943627436919,11,Marine waters,0,376,,
week5-m3-f10-seed43,M3,43,I,country,Serbia,376,0.3057943627436919,12,Mixed forest,30,346,0.3332131318567504,0.06666666666666667
week5-m3-f10-seed43,M3,43,I,country,Serbia,376,0.3057943627436919,13,"Moors, heathland and sclerophyllous vegetation",0,376,,
week5-m3-f10-seed43,M3,43,I,country,Serbia,376,0.3057943627436919,14,Natural grassland and sparsely vegetated areas,3,373,0.013342569084241829,0.0
week5-m3-f10-seed43,M3,43,I,country,Serbia,376,0.3057943627436919,15,Pastures,36,340,0.21031060106199637,0.08333333333333333
week5-m3-f10-seed43,M3,43,I,country,Serbia,376,0.3057943627436919,16,Permanent crops,40,336,0.21904598523244476,0.0
week5-m3-f10-seed43,M3,43,I,country,Serbia,376,0.3057943627436919,17,"Transitional woodland, shrub",40,336,0.34252675567845925,0.325
week5-m3-f10-seed43,M3,43,I,country,Serbia,376,0.3057943627436919,18,Urban fabric,79,297,0.49165631721514785,0.26582278481012656
week5-m3-f10-seed43,M3,43,I,source_distance,Q1,1021,0.40917799434714874,0,Agro-forestry areas,0,1021,,
week5-m3-f10-seed43,M3,43,I,source_distance,Q1,1021,0.40917799434714874,1,Arable land,222,799,0.8823495379096905,0.9054054054054054
week5-m3-f10-seed43,M3,43,I,source_distance,Q1,1021,0.40917799434714874,2,"Beaches, dunes, sands",6,1015,0.02778482167714201,0.0
week5-m3-f10-seed43,M3,43,I,source_distance,Q1,1021,0.40917799434714874,3,Broad-leaved forest,78,943,0.5506047953672771,0.6410256410256411
week5-m3-f10-seed43,M3,43,I,source_distance,Q1,1021,0.40917799434714874,4,Coastal wetlands,0,1021,,
week5-m3-f10-seed43,M3,43,I,source_distance,Q1,1021,0.40917799434714874,5,Complex cultivation patterns,74,947,0.18669480664991087,0.25675675675675674
week5-m3-f10-seed43,M3,43,I,source_distance,Q1,1021,0.40917799434714874,6,Coniferous forest,172,849,0.9669381464050051,0.9593023255813954
week5-m3-f10-seed43,M3,43,I,source_distance,Q1,1021,0.40917799434714874,7,Industrial or commercial units,14,1007,0.09931288076115849,0.07142857142857142
week5-m3-f10-seed43,M3,43,I,source_distance,Q1,1021,0.40917799434714874,8,Inland waters,29,992,0.07796400143845517,0.0
week5-m3-f10-seed43,M3,43,I,source_distance,Q1,1021,0.40917799434714874,9,Inland wetlands,31,990,0.043423568992556935,0.0
week5-m3-f10-seed43,M3,43,I,source_distance,Q1,1021,0.40917799434714874,10,"Land principally occupied by agriculture, with significant areas of natural vegetation",84,937,0.3158526064475553,0.21428571428571427
week5-m3-f10-seed43,M3,43,I,source_distance,Q1,1021,0.40917799434714874,11,Marine waters,543,478,0.9992163639242666,0.9631675874769797
week5-m3-f10-seed43,M3,43,I,source_distance,Q1,1021,0.40917799434714874,12,Mixed forest,165,856,0.7076576769563674,0.5212121212121212
week5-m3-f10-seed43,M3,43,I,source_distance,Q1,1021,0.40917799434714874,13,"Moors, heathland and sclerophyllous vegetation",10,1011,0.045764358429122784,0.0
week5-m3-f10-seed43,M3,43,I,source_distance,Q1,1021,0.40917799434714874,14,Natural grassland and sparsely vegetated areas,8,1013,0.17535476474722375,0.375
week5-m3-f10-seed43,M3,43,I,source_distance,Q1,1021,0.40917799434714874,15,Pastures,114,907,0.7508438282309263,0.6578947368421053
week5-m3-f10-seed43,M3,43,I,source_distance,Q1,1021,0.40917799434714874,16,Permanent crops,17,1004,0.1607355708247443,0.0
week5-m3-f10-seed43,M3,43,I,source_distance,Q1,1021,0.40917799434714874,17,"Transitional woodland, shrub",75,946,0.21317968580832736,0.4266666666666667
week5-m3-f10-seed43,M3,43,I,source_distance,Q1,1021,0.40917799434714874,18,Urban fabric,59,962,0.37095531666179177,0.3559322033898305
week5-m3-f10-seed43,M3,43,I,source_distance,Q2,870,0.3926447925060886,0,Agro-forestry areas,0,870,,
week5-m3-f10-seed43,M3,43,I,source_distance,Q2,870,0.3926447925060886,1,Arable land,303,567,0.7074427282927455,0.9603960396039604
week5-m3-f10-seed43,M3,43,I,source_distance,Q2,870,0.3926447925060886,2,"Beaches, dunes, sands",6,864,0.06752383744619771,0.0
week5-m3-f10-seed43,M3,43,I,source_distance,Q2,870,0.3926447925060886,3,Broad-leaved forest,209,661,0.5103406703573943,0.6555023923444976
week5-m3-f10-seed43,M3,43,I,source_distance,Q2,870,0.3926447925060886,4,Coastal wetlands,1,869,0.002369668246445498,0.0
week5-m3-f10-seed43,M3,43,I,source_distance,Q2,870,0.3926447925060886,5,Complex cultivation patterns,184,686,0.20084467802140693,0.7282608695652174
week5-m3-f10-seed43,M3,43,I,source_distance,Q2,870,0.3926447925060886,6,Coniferous forest,193,677,0.7784940909225365,0.6839378238341969
week5-m3-f10-seed43,M3,43,I,source_distance,Q2,870,0.3926447925060886,7,Industrial or commercial units,21,849,0.3397361444370398,0.2857142857142857
week5-m3-f10-seed43,M3,43,I,source_distance,Q2,870,0.3926447925060886,8,Inland waters,60,810,0.25612069704299417,0.23333333333333334
week5-m3-f10-seed43,M3,43,I,source_distance,Q2,870,0.3926447925060886,9,Inland wetlands,103,767,0.14016519035427794,0.009708737864077669
week5-m3-f10-seed43,M3,43,I,source_distance,Q2,870,0.3926447925060886,10,"Land principally occupied by agriculture, with significant areas of natural vegetation",280,590,0.38110507888360284,0.4785714285714286
week5-m3-f10-seed43,M3,43,I,source_distance,Q2,870,0.3926447925060886,11,Marine waters,27,843,0.46531544749775255,0.037037037037037035
week5-m3-f10-seed43,M3,43,I,source_distance,Q2,870,0.3926447925060886,12,Mixed forest,235,635,0.65376961612558,0.7191489361702128
week5-m3-f10-seed43,M3,43,I,source_distance,Q2,870,0.3926447925060886,13,"Moors, heathland and sclerophyllous vegetation",44,826,0.063866399569726,0.0
week5-m3-f10-seed43,M3,43,I,source_distance,Q2,870,0.3926447925060886,14,Natural grassland and sparsely vegetated areas,29,841,0.07940391433411642,0.20689655172413793
week5-m3-f10-seed43,M3,43,I,source_distance,Q2,870,0.3926447925060886,15,Pastures,467,403,0.8558476858837026,0.867237687366167
week5-m3-f10-seed43,M3,43,I,source_distance,Q2,870,0.3926447925060886,16,Permanent crops,46,824,0.10179514980793701,0.0
week5-m3-f10-seed43,M3,43,I,source_distance,Q2,870,0.3926447925060886,17,"Transitional woodland, shrub",93,777,0.16163187809892124,0.34408602150537637
week5-m3-f10-seed43,M3,43,I,source_distance,Q2,870,0.3926447925060886,18,Urban fabric,210,660,0.5864373104676833,0.5952380952380952
week5-m3-f10-seed43,M3,43,I,source_distance,Q3,540,0.38274138295521887,0,Agro-forestry areas,0,540,,
week5-m3-f10-seed43,M3,43,I,source_distance,Q3,540,0.38274138295521887,1,Arable land,227,313,0.7372909883131655,0.9427312775330396
week5-m3-f10-seed43,M3,43,I,source_distance,Q3,540,0.38274138295521887,2,"Beaches, dunes, sands",0,540,,
week5-m3-f10-seed43,M3,43,I,source_distance,Q3,540,0.38274138295521887,3,Broad-leaved forest,177,363,0.4954224908725676,0.655367231638418
week5-m3-f10-seed43,M3,43,I,source_distance,Q3,540,0.38274138295521887,4,Coastal wetlands,0,540,,
week5-m3-f10-seed43,M3,43,I,source_distance,Q3,540,0.38274138295521887,5,Complex cultivation patterns,195,345,0.4727866721502818,0.6717948717948717
week5-m3-f10-seed43,M3,43,I,source_distance,Q3,540,0.38274138295521887,6,Coniferous forest,93,447,0.5218694975318796,0.6344086021505376
week5-m3-f10-seed43,M3,43,I,source_distance,Q3,540,0.38274138295521887,7,Industrial or commercial units,31,509,0.2662794761546329,0.25806451612903225
week5-m3-f10-seed43,M3,43,I,source_distance,Q3,540,0.38274138295521887,8,Inland waters,39,501,0.29295802729313664,0.3076923076923077
week5-m3-f10-seed43,M3,43,I,source_distance,Q3,540,0.38274138295521887,9,Inland wetlands,58,482,0.12037208052351046,0.0
week5-m3-f10-seed43,M3,43,I,source_distance,Q3,540,0.38274138295521887,10,"Land principally occupied by agriculture, with significant areas of natural vegetation",156,384,0.3438421191699864,0.5769230769230769
week5-m3-f10-seed43,M3,43,I,source_distance,Q3,540,0.38274138295521887,11,Marine waters,12,528,0.40402319635262113,0.25
week5-m3-f10-seed43,M3,43,I,source_distance,Q3,540,0.38274138295521887,12,Mixed forest,193,347,0.6065318253356217,0.6683937823834197
week5-m3-f10-seed43,M3,43,I,source_distance,Q3,540,0.38274138295521887,13,"Moors, heathland and sclerophyllous vegetation",25,515,0.04884402002985107,0.0
week5-m3-f10-seed43,M3,43,I,source_distance,Q3,540,0.38274138295521887,14,Natural grassland and sparsely vegetated areas,17,523,0.044170676696184324,0.058823529411764705
week5-m3-f10-seed43,M3,43,I,source_distance,Q3,540,0.38274138295521887,15,Pastures,294,246,0.7558094061554024,0.8367346938775511
week5-m3-f10-seed43,M3,43,I,source_distance,Q3,540,0.38274138295521887,16,Permanent crops,43,497,0.1024210004674178,0.0
week5-m3-f10-seed43,M3,43,I,source_distance,Q3,540,0.38274138295521887,17,"Transitional woodland, shrub",65,475,0.2159320747841916,0.4461538461538462
week5-m3-f10-seed43,M3,43,I,source_distance,Q3,540,0.38274138295521887,18,Urban fabric,177,363,0.6953085754530511,0.632768361581921
week5-m3-f10-seed43,M3,43,I,source_distance,Q4,569,0.38060142667951197,0,Agro-forestry areas,0,569,,
week5-m3-f10-seed43,M3,43,I,source_distance,Q4,569,0.38060142667951197,1,Arable land,284,285,0.751158383679428,0.9471830985915493
week5-m3-f10-seed43,M3,43,I,source_distance,Q4,569,0.38060142667951197,2,"Beaches, dunes, sands",12,557,0.12462140900013492,0.0
week5-m3-f10-seed43,M3,43,I,source_distance,Q4,569,0.38060142667951197,3,Broad-leaved forest,254,315,0.6118386083805101,0.8031496062992126
week5-m3-f10-seed43,M3,43,I,source_distance,Q4,569,0.38060142667951197,4,Coastal wetlands,0,569,,
week5-m3-f10-seed43,M3,43,I,source_distance,Q4,569,0.38060142667951197,5,Complex cultivation patterns,212,357,0.42844960219751327,0.6273584905660378
week5-m3-f10-seed43,M3,43,I,source_distance,Q4,569,0.38060142667951197,6,Coniferous forest,122,447,0.5044810734835068,0.6311475409836066
week5-m3-f10-seed43,M3,43,I,source_distance,Q4,569,0.38060142667951197,7,Industrial or commercial units,21,548,0.2854910287084199,0.23809523809523808
week5-m3-f10-seed43,M3,43,I,source_distance,Q4,569,0.38060142667951197,8,Inland waters,80,489,0.3466932017240714,0.375
week5-m3-f10-seed43,M3,43,I,source_distance,Q4,569,0.38060142667951197,9,Inland wetlands,81,488,0.14415475207043185,0.0
week5-m3-f10-seed43,M3,43,I,source_distance,Q4,569,0.38060142667951197,10,"Land principally occupied by agriculture, with significant areas of natural vegetation",174,395,0.41028524219921453,0.5747126436781609
week5-m3-f10-seed43,M3,43,I,source_distance,Q4,569,0.38060142667951197,11,Marine waters,35,534,0.42049022546328946,0.11428571428571428
week5-m3-f10-seed43,M3,43,I,source_distance,Q4,569,0.38060142667951197,12,Mixed forest,219,350,0.5575299711267929,0.6027397260273972
week5-m3-f10-seed43,M3,43,I,source_distance,Q4,569,0.38060142667951197,13,"Moors, heathland and sclerophyllous vegetation",28,541,0.0456707599318749,0.0
week5-m3-f10-seed43,M3,43,I,source_distance,Q4,569,0.38060142667951197,14,Natural grassland and sparsely vegetated areas,16,553,0.02408314381902345,0.0
week5-m3-f10-seed43,M3,43,I,source_distance,Q4,569,0.38060142667951197,15,Pastures,225,344,0.6091863169843641,0.7333333333333333
week5-m3-f10-seed43,M3,43,I,source_distance,Q4,569,0.38060142667951197,16,Permanent crops,45,524,0.10526502973648834,0.0
week5-m3-f10-seed43,M3,43,I,source_distance,Q4,569,0.38060142667951197,17,"Transitional woodland, shrub",93,476,0.16396466748728827,0.3655913978494624
week5-m3-f10-seed43,M3,43,I,source_distance,Q4,569,0.38060142667951197,18,Urban fabric,167,402,0.6808808198799744,0.6167664670658682
week5-m3-f10-seed43,M3,43,Finland,label_count,1,970,0.49545633744879575,0,Agro-forestry areas,0,970,,
week5-m3-f10-seed43,M3,43,Finland,label_count,1,970,0.49545633744879575,1,Arable land,1,969,1.0,1.0
week5-m3-f10-seed43,M3,43,Finland,label_count,1,970,0.49545633744879575,2,"Beaches, dunes, sands",0,970,,
week5-m3-f10-seed43,M3,43,Finland,label_count,1,970,0.49545633744879575,3,Broad-leaved forest,0,970,,
week5-m3-f10-seed43,M3,43,Finland,label_count,1,970,0.49545633744879575,4,Coastal wetlands,0,970,,
week5-m3-f10-seed43,M3,43,Finland,label_count,1,970,0.49545633744879575,5,Complex cultivation patterns,0,970,,
week5-m3-f10-seed43,M3,43,Finland,label_count,1,970,0.49545633744879575,6,Coniferous forest,160,810,0.9267526221733204,0.80625
week5-m3-f10-seed43,M3,43,Finland,label_count,1,970,0.49545633744879575,7,Industrial or commercial units,0,970,,
week5-m3-f10-seed43,M3,43,Finland,label_count,1,970,0.49545633744879575,8,Inland waters,51,919,0.06237154598616848,0.0
week5-m3-f10-seed43,M3,43,Finland,label_count,1,970,0.49545633744879575,9,Inland wetlands,0,970,,
week5-m3-f10-seed43,M3,43,Finland,label_count,1,970,0.49545633744879575,10,"Land principally occupied by agriculture, with significant areas of natural vegetation",0,970,,
week5-m3-f10-seed43,M3,43,Finland,label_count,1,970,0.49545633744879575,11,Marine waters,752,218,0.9342110566041696,0.6090425531914894
week5-m3-f10-seed43,M3,43,Finland,label_count,1,970,0.49545633744879575,12,Mixed forest,5,965,0.03887648413964203,0.6
week5-m3-f10-seed43,M3,43,Finland,label_count,1,970,0.49545633744879575,13,"Moors, heathland and sclerophyllous vegetation",0,970,,
week5-m3-f10-seed43,M3,43,Finland,label_count,1,970,0.49545633744879575,14,Natural grassland and sparsely vegetated areas,0,970,,
week5-m3-f10-seed43,M3,43,Finland,label_count,1,970,0.49545633744879575,15,Pastures,0,970,,
week5-m3-f10-seed43,M3,43,Finland,label_count,1,970,0.49545633744879575,16,Permanent crops,0,970,,
week5-m3-f10-seed43,M3,43,Finland,label_count,1,970,0.49545633744879575,17,"Transitional woodland, shrub",0,970,,
week5-m3-f10-seed43,M3,43,Finland,label_count,1,970,0.49545633744879575,18,Urban fabric,1,969,0.010526315789473684,0.0
week5-m3-f10-seed43,M3,43,Finland,label_count,2,933,0.2775533724796897,0,Agro-forestry areas,0,933,,
week5-m3-f10-seed43,M3,43,Finland,label_count,2,933,0.2775533724796897,1,Arable land,24,909,0.19567696787210428,0.75
week5-m3-f10-seed43,M3,43,Finland,label_count,2,933,0.2775533724796897,2,"Beaches, dunes, sands",1,932,0.014705882352941176,0.0
week5-m3-f10-seed43,M3,43,Finland,label_count,2,933,0.2775533724796897,3,Broad-leaved forest,13,920,0.010848282313346213,0.23076923076923078
week5-m3-f10-seed43,M3,43,Finland,label_count,2,933,0.2775533724796897,4,Coastal wetlands,1,932,0.0012836970474967907,0.0
week5-m3-f10-seed43,M3,43,Finland,label_count,2,933,0.2775533724796897,5,Complex cultivation patterns,2,931,0.004148176731622612,0.0
week5-m3-f10-seed43,M3,43,Finland,label_count,2,933,0.2775533724796897,6,Coniferous forest,756,177,0.9193340161599224,0.7314814814814815
week5-m3-f10-seed43,M3,43,Finland,label_count,2,933,0.2775533724796897,7,Industrial or commercial units,2,931,0.16858237547892718,0.0
week5-m3-f10-seed43,M3,43,Finland,label_count,2,933,0.2775533724796897,8,Inland waters,146,787,0.43616303265111966,0.0958904109589041
week5-m3-f10-seed43,M3,43,Finland,label_count,2,933,0.2775533724796897,9,Inland wetlands,124,809,0.14546232664199732,0.0
week5-m3-f10-seed43,M3,43,Finland,label_count,2,933,0.2775533724796897,10,"Land principally occupied by agriculture, with significant areas of natural vegetation",21,912,0.0272103806516013,0.19047619047619047
week5-m3-f10-seed43,M3,43,Finland,label_count,2,933,0.2775533724796897,11,Marine waters,70,863,0.6065906589793814,0.5428571428571428
week5-m3-f10-seed43,M3,43,Finland,label_count,2,933,0.2775533724796897,12,Mixed forest,381,552,0.43200055192744363,0.4225721784776903
week5-m3-f10-seed43,M3,43,Finland,label_count,2,933,0.2775533724796897,13,"Moors, heathland and sclerophyllous vegetation",3,930,0.0024033702850683584,0.0
week5-m3-f10-seed43,M3,43,Finland,label_count,2,933,0.2775533724796897,14,Natural grassland and sparsely vegetated areas,0,933,,
week5-m3-f10-seed43,M3,43,Finland,label_count,2,933,0.2775533724796897,15,Pastures,0,933,,
week5-m3-f10-seed43,M3,43,Finland,label_count,2,933,0.2775533724796897,16,Permanent crops,0,933,,
week5-m3-f10-seed43,M3,43,Finland,label_count,2,933,0.2775533724796897,17,"Transitional woodland, shrub",316,617,0.43090286803792127,0.31645569620253167
week5-m3-f10-seed43,M3,43,Finland,label_count,2,933,0.2775533724796897,18,Urban fabric,6,927,0.22887083450551096,0.3333333333333333
week5-m3-f10-seed43,M3,43,Finland,label_count,3,1161,0.29879930708063257,0,Agro-forestry areas,0,1161,,
week5-m3-f10-seed43,M3,43,Finland,label_count,3,1161,0.29879930708063257,1,Arable land,125,1036,0.31918435330365064,0.632
week5-m3-f10-seed43,M3,43,Finland,label_count,3,1161,0.29879930708063257,2,"Beaches, dunes, sands",0,1161,,
week5-m3-f10-seed43,M3,43,Finland,label_count,3,1161,0.29879930708063257,3,Broad-leaved forest,55,1106,0.078948503007071,0.7636363636363637
week5-m3-f10-seed43,M3,43,Finland,label_count,3,1161,0.29879930708063257,4,Coastal wetlands,0,1161,,
week5-m3-f10-seed43,M3,43,Finland,label_count,3,1161,0.29879930708063257,5,Complex cultivation patterns,5,1156,0.007170077050576898,0.0
week5-m3-f10-seed43,M3,43,Finland,label_count,3,1161,0.29879930708063257,6,Coniferous forest,1016,145,0.9362175086816097,0.7549212598425197
week5-m3-f10-seed43,M3,43,Finland,label_count,3,1161,0.29879930708063257,7,Industrial or commercial units,11,1150,0.22811882821994464,0.2727272727272727
week5-m3-f10-seed43,M3,43,Finland,label_count,3,1161,0.29879930708063257,8,Inland waters,341,820,0.5538278956370011,0.1348973607038123
week5-m3-f10-seed43,M3,43,Finland,label_count,3,1161,0.29879930708063257,9,Inland wetlands,205,956,0.15604405350568176,0.0
week5-m3-f10-seed43,M3,43,Finland,label_count,3,1161,0.29879930708063257,10,"Land principally occupied by agriculture, with significant areas of natural vegetation",135,1026,0.15296330583493767,0.25925925925925924
week5-m3-f10-seed43,M3,43,Finland,label_count,3,1161,0.29879930708063257,11,Marine waters,40,1121,0.20478828381624234,0.1
week5-m3-f10-seed43,M3,43,Finland,label_count,3,1161,0.29879930708063257,12,Mixed forest,861,300,0.7599394068559056,0.502903600464576
week5-m3-f10-seed43,M3,43,Finland,label_count,3,1161,0.29879930708063257,13,"Moors, heathland and sclerophyllous vegetation",9,1152,0.0049478119220790345,0.0
week5-m3-f10-seed43,M3,43,Finland,label_count,3,1161,0.29879930708063257,14,Natural grassland and sparsely vegetated areas,1,1160,0.000966183574879227,0.0
week5-m3-f10-seed43,M3,43,Finland,label_count,3,1161,0.29879930708063257,15,Pastures,0,1161,,
week5-m3-f10-seed43,M3,43,Finland,label_count,3,1161,0.29879930708063257,16,Permanent crops,0,1161,,
week5-m3-f10-seed43,M3,43,Finland,label_count,3,1161,0.29879930708063257,17,"Transitional woodland, shrub",652,509,0.5913659396652632,0.2745398773006135
week5-m3-f10-seed43,M3,43,Finland,label_count,3,1161,0.29879930708063257,18,Urban fabric,27,1134,0.18870814805401287,0.3333333333333333
week5-m3-f10-seed43,M3,43,Finland,label_count,4+,936,0.3321634783788639,0,Agro-forestry areas,0,936,,
week5-m3-f10-seed43,M3,43,Finland,label_count,4+,936,0.3321634783788639,1,Arable land,307,629,0.5473014054541967,0.6319218241042345
week5-m3-f10-seed43,M3,43,Finland,label_count,4+,936,0.3321634783788639,2,"Beaches, dunes, sands",0,936,,
week5-m3-f10-seed43,M3,43,Finland,label_count,4+,936,0.3321634783788639,3,Broad-leaved forest,161,775,0.21720693017924544,0.7453416149068323
week5-m3-f10-seed43,M3,43,Finland,label_count,4+,936,0.3321634783788639,4,Coastal wetlands,9,927,0.0161714853921982,0.0
week5-m3-f10-seed43,M3,43,Finland,label_count,4+,936,0.3321634783788639,5,Complex cultivation patterns,14,922,0.014227210399351852,0.0
week5-m3-f10-seed43,M3,43,Finland,label_count,4+,936,0.3321634783788639,6,Coniferous forest,844,92,0.9494192391341714,0.7251184834123223
week5-m3-f10-seed43,M3,43,Finland,label_count,4+,936,0.3321634783788639,7,Industrial or commercial units,19,917,0.08578993699006401,0.10526315789473684
week5-m3-f10-seed43,M3,43,Finland,label_count,4+,936,0.3321634783788639,8,Inland waters,447,489,0.6954079873448032,0.18791946308724833
week5-m3-f10-seed43,M3,43,Finland,label_count,4+,936,0.3321634783788639,9,Inland wetlands,201,735,0.17408147260423934,0.0
week5-m3-f10-seed43,M3,43,Finland,label_count,4+,936,0.3321634783788639,10,"Land principally occupied by agriculture, with significant areas of natural vegetation",432,504,0.5781908201629541,0.37037037037037035
week5-m3-f10-seed43,M3,43,Finland,label_count,4+,936,0.3321634783788639,11,Marine waters,30,906,0.07403297834725404,0.0
week5-m3-f10-seed43,M3,43,Finland,label_count,4+,936,0.3321634783788639,12,Mixed forest,835,101,0.9167753924522449,0.5760479041916168
week5-m3-f10-seed43,M3,43,Finland,label_count,4+,936,0.3321634783788639,13,"Moors, heathland and sclerophyllous vegetation",14,922,0.008272025033383543,0.0
week5-m3-f10-seed43,M3,43,Finland,label_count,4+,936,0.3321634783788639,14,Natural grassland and sparsely vegetated areas,1,935,0.002702702702702703,0.0
week5-m3-f10-seed43,M3,43,Finland,label_count,4+,936,0.3321634783788639,15,Pastures,3,933,0.004674881058964104,0.3333333333333333
week5-m3-f10-seed43,M3,43,Finland,label_count,4+,936,0.3321634783788639,16,Permanent crops,1,935,0.16666666666666666,0.0
week5-m3-f10-seed43,M3,43,Finland,label_count,4+,936,0.3321634783788639,17,"Transitional woodland, shrub",606,330,0.701059520289427,0.2871287128712871
week5-m3-f10-seed43,M3,43,Finland,label_count,4+,936,0.3321634783788639,18,Urban fabric,82,854,0.17880648524215312,0.23170731707317074
week5-m3-f10-seed43,M3,43,Finland,quarter,Q1,320,0.34999883802453374,0,Agro-forestry areas,0,320,,
week5-m3-f10-seed43,M3,43,Finland,quarter,Q1,320,0.34999883802453374,1,Arable land,20,300,0.17115764619515167,0.0
week5-m3-f10-seed43,M3,43,Finland,quarter,Q1,320,0.34999883802453374,2,"Beaches, dunes, sands",0,320,,
week5-m3-f10-seed43,M3,43,Finland,quarter,Q1,320,0.34999883802453374,3,Broad-leaved forest,22,298,0.06791695091053057,0.8636363636363636
week5-m3-f10-seed43,M3,43,Finland,quarter,Q1,320,0.34999883802453374,4,Coastal wetlands,0,320,,
week5-m3-f10-seed43,M3,43,Finland,quarter,Q1,320,0.34999883802453374,5,Complex cultivation patterns,1,319,0.0038022813688212928,0.0
week5-m3-f10-seed43,M3,43,Finland,quarter,Q1,320,0.34999883802453374,6,Coniferous forest,297,23,0.9652036575163123,0.9831649831649831
week5-m3-f10-seed43,M3,43,Finland,quarter,Q1,320,0.34999883802453374,7,Industrial or commercial units,0,320,,
week5-m3-f10-seed43,M3,43,Finland,quarter,Q1,320,0.34999883802453374,8,Inland waters,62,258,0.17296337109095597,0.0
week5-m3-f10-seed43,M3,43,Finland,quarter,Q1,320,0.34999883802453374,9,Inland wetlands,9,311,0.025702877455594294,0.0
week5-m3-f10-seed43,M3,43,Finland,quarter,Q1,320,0.34999883802453374,10,"Land principally occupied by agriculture, with significant areas of natural vegetation",43,277,0.1159098137334162,0.0
week5-m3-f10-seed43,M3,43,Finland,quarter,Q1,320,0.34999883802453374,11,Marine waters,14,306,0.8050110733505731,0.7857142857142857
week5-m3-f10-seed43,M3,43,Finland,quarter,Q1,320,0.34999883802453374,12,Mixed forest,250,70,0.7636238944538293,0.008
week5-m3-f10-seed43,M3,43,Finland,quarter,Q1,320,0.34999883802453374,13,"Moors, heathland and sclerophyllous vegetation",0,320,,
week5-m3-f10-seed43,M3,43,Finland,quarter,Q1,320,0.34999883802453374,14,Natural grassland and sparsely vegetated areas,0,320,,
week5-m3-f10-seed43,M3,43,Finland,quarter,Q1,320,0.34999883802453374,15,Pastures,0,320,,
week5-m3-f10-seed43,M3,43,Finland,quarter,Q1,320,0.34999883802453374,16,Permanent crops,0,320,,
week5-m3-f10-seed43,M3,43,Finland,quarter,Q1,320,0.34999883802453374,17,"Transitional woodland, shrub",138,182,0.5769963057894577,0.0
week5-m3-f10-seed43,M3,43,Finland,quarter,Q1,320,0.34999883802453374,18,Urban fabric,3,317,0.18169934640522875,0.0
week5-m3-f10-seed43,M3,43,Finland,quarter,Q2,1987,0.3278463627170933,0,Agro-forestry areas,0,1987,,
week5-m3-f10-seed43,M3,43,Finland,quarter,Q2,1987,0.3278463627170933,1,Arable land,284,1703,0.45542202127282166,0.6901408450704225
week5-m3-f10-seed43,M3,43,Finland,quarter,Q2,1987,0.3278463627170933,2,"Beaches, dunes, sands",0,1987,,
week5-m3-f10-seed43,M3,43,Finland,quarter,Q2,1987,0.3278463627170933,3,Broad-leaved forest,115,1872,0.06556539188131313,0.7478260869565218
week5-m3-f10-seed43,M3,43,Finland,quarter,Q2,1987,0.3278463627170933,4,Coastal wetlands,6,1981,0.006590542486514213,0.0
week5-m3-f10-seed43,M3,43,Finland,quarter,Q2,1987,0.3278463627170933,5,Complex cultivation patterns,20,1967,0.013703878115437749,0.0
week5-m3-f10-seed43,M3,43,Finland,quarter,Q2,1987,0.3278463627170933,6,Coniferous forest,1225,762,0.8931738754515197,0.7004081632653061
week5-m3-f10-seed43,M3,43,Finland,quarter,Q2,1987,0.3278463627170933,7,Industrial or commercial units,24,1963,0.09681625201509803,0.16666666666666666
week5-m3-f10-seed43,M3,43,Finland,quarter,Q2,1987,0.3278463627170933,8,Inland waters,520,1467,0.5847187493501963,0.2423076923076923
week5-m3-f10-seed43,M3,43,Finland,quarter,Q2,1987,0.3278463627170933,9,Inland wetlands,196,1791,0.09430263886534396,0.0
week5-m3-f10-seed43,M3,43,Finland,quarter,Q2,1987,0.3278463627170933,10,"Land principally occupied by agriculture, with significant areas of natural vegetation",358,1629,0.34337405945903915,0.3994413407821229
week5-m3-f10-seed43,M3,43,Finland,quarter,Q2,1987,0.3278463627170933,11,Marine waters,525,1462,0.7919879448212924,0.43047619047619046
week5-m3-f10-seed43,M3,43,Finland,quarter,Q2,1987,0.3278463627170933,12,Mixed forest,1140,847,0.860139108187202,0.5710526315789474
week5-m3-f10-seed43,M3,43,Finland,quarter,Q2,1987,0.3278463627170933,13,"Moors, heathland and sclerophyllous vegetation",0,1987,,
week5-m3-f10-seed43,M3,43,Finland,quarter,Q2,1987,0.3278463627170933,14,Natural grassland and sparsely vegetated areas,1,1986,0.0011961722488038277,0.0
week5-m3-f10-seed43,M3,43,Finland,quarter,Q2,1987,0.3278463627170933,15,Pastures,2,1985,0.0012918215225724643,0.0
week5-m3-f10-seed43,M3,43,Finland,quarter,Q2,1987,0.3278463627170933,16,Permanent crops,1,1986,0.07142857142857142,0.0
week5-m3-f10-seed43,M3,43,Finland,quarter,Q2,1987,0.3278463627170933,17,"Transitional woodland, shrub",749,1238,0.46839873421365025,0.27236315086782376
week5-m3-f10-seed43,M3,43,Finland,quarter,Q2,1987,0.3278463627170933,18,Urban fabric,85,1902,0.1761762219235374,0.27058823529411763
week5-m3-f10-seed43,M3,43,Finland,quarter,Q3,1441,0.3283172515989558,0,Agro-forestry areas,0,1441,,
week5-m3-f10-seed43,M3,43,Finland,quarter,Q3,1441,0.3283172515989558,1,Arable land,146,1295,0.2877144373440229,0.6575342465753424
week5-m3-f10-seed43,M3,43,Finland,quarter,Q3,1441,0.3283172515989558,2,"Beaches, dunes, sands",0,1441,,
week5-m3-f10-seed43,M3,43,Finland,quarter,Q3,1441,0.3283172515989558,3,Broad-leaved forest,79,1362,0.09237748764299009,0.6708860759493671
week5-m3-f10-seed43,M3,43,Finland,quarter,Q3,1441,0.3283172515989558,4,Coastal wetlands,4,1437,0.011528580083157663,0.0
week5-m3-f10-seed43,M3,43,Finland,quarter,Q3,1441,0.3283172515989558,5,Complex cultivation patterns,0,1441,,
week5-m3-f10-seed43,M3,43,Finland,quarter,Q3,1441,0.3283172515989558,6,Coniferous forest,1158,283,0.9502433327983476,0.7236614853195165
week5-m3-f10-seed43,M3,43,Finland,quarter,Q3,1441,0.3283172515989558,7,Industrial or commercial units,7,1434,0.3268498084842158,0.14285714285714285
week5-m3-f10-seed43,M3,43,Finland,quarter,Q3,1441,0.3283172515989558,8,Inland waters,340,1101,0.5614711235099729,0.052941176470588235
week5-m3-f10-seed43,M3,43,Finland,quarter,Q3,1441,0.3283172515989558,9,Inland wetlands,323,1118,0.21941898886859412,0.0
week5-m3-f10-seed43,M3,43,Finland,quarter,Q3,1441,0.3283172515989558,10,"Land principally occupied by agriculture, with significant areas of natural vegetation",161,1280,0.18202037852502995,0.32919254658385094
week5-m3-f10-seed43,M3,43,Finland,quarter,Q3,1441,0.3283172515989558,11,Marine waters,202,1239,0.7401269480609607,0.6237623762376238
week5-m3-f10-seed43,M3,43,Finland,quarter,Q3,1441,0.3283172515989558,12,Mixed forest,588,853,0.526886569694551,0.6887755102040817
week5-m3-f10-seed43,M3,43,Finland,quarter,Q3,1441,0.3283172515989558,13,"Moors, heathland and sclerophyllous vegetation",26,1415,0.010737991899486574,0.0
week5-m3-f10-seed43,M3,43,Finland,quarter,Q3,1441,0.3283172515989558,14,Natural grassland and sparsely vegetated areas,1,1440,0.000794912559618442,0.0
week5-m3-f10-seed43,M3,43,Finland,quarter,Q3,1441,0.3283172515989558,15,Pastures,1,1440,0.0070921985815602835,1.0
week5-m3-f10-seed43,M3,43,Finland,quarter,Q3,1441,0.3283172515989558,16,Permanent crops,0,1441,,
week5-m3-f10-seed43,M3,43,Finland,quarter,Q3,1441,0.3283172515989558,17,"Transitional woodland, shrub",652,789,0.5321551044622976,0.3803680981595092
week5-m3-f10-seed43,M3,43,Finland,quarter,Q3,1441,0.3283172515989558,18,Urban fabric,25,1416,0.15855223995373327,0.28
week5-m3-f10-seed43,M3,43,Finland,quarter,Q4,252,0.35111414290063414,0,Agro-forestry areas,0,252,,
week5-m3-f10-seed43,M3,43,Finland,quarter,Q4,252,0.35111414290063414,1,Arable land,7,245,0.02914442049414227,0.0
week5-m3-f10-seed43,M3,43,Finland,quarter,Q4,252,0.35111414290063414,2,"Beaches, dunes, sands",1,251,0.05555555555555555,0.0
week5-m3-f10-seed43,M3,43,Finland,quarter,Q4,252,0.35111414290063414,3,Broad-leaved forest,13,239,0.21963081141609012,0.5384615384615384
week5-m3-f10-seed43,M3,43,Finland,quarter,Q4,252,0.35111414290063414,4,Coastal wetlands,0,252,,
week5-m3-f10-seed43,M3,43,Finland,quarter,Q4,252,0.35111414290063414,5,Complex cultivation patterns,0,252,,
week5-m3-f10-seed43,M3,43,Finland,quarter,Q4,252,0.35111414290063414,6,Coniferous forest,96,156,0.809213764020939,0.7604166666666666
week5-m3-f10-seed43,M3,43,Finland,quarter,Q4,252,0.35111414290063414,7,Industrial or commercial units,1,251,0.022727272727272728,0.0
week5-m3-f10-seed43,M3,43,Finland,quarter,Q4,252,0.35111414290063414,8,Inland waters,63,189,0.27485061319341475,0.0
week5-m3-f10-seed43,M3,43,Finland,quarter,Q4,252,0.35111414290063414,9,Inland wetlands,2,250,0.006383712905452036,0.0
week5-m3-f10-seed43,M3,43,Finland,quarter,Q4,252,0.35111414290063414,10,"Land principally occupied by agriculture, with significant areas of natural vegetation",26,226,0.36471808181192356,0.11538461538461539
week5-m3-f10-seed43,M3,43,Finland,quarter,Q4,252,0.35111414290063414,11,Marine waters,151,101,0.9907993465567486,0.9072847682119205
week5-m3-f10-seed43,M3,43,Finland,quarter,Q4,252,0.35111414290063414,12,Mixed forest,104,148,0.82359414480251,0.19230769230769232
week5-m3-f10-seed43,M3,43,Finland,quarter,Q4,252,0.35111414290063414,13,"Moors, heathland and sclerophyllous vegetation",0,252,,
week5-m3-f10-seed43,M3,43,Finland,quarter,Q4,252,0.35111414290063414,14,Natural grassland and sparsely vegetated areas,0,252,,
week5-m3-f10-seed43,M3,43,Finland,quarter,Q4,252,0.35111414290063414,15,Pastures,0,252,,
week5-m3-f10-seed43,M3,43,Finland,quarter,Q4,252,0.35111414290063414,16,Permanent crops,0,252,,
week5-m3-f10-seed43,M3,43,Finland,quarter,Q4,252,0.35111414290063414,17,"Transitional woodland, shrub",35,217,0.2416042167943582,0.02857142857142857
week5-m3-f10-seed43,M3,43,Finland,quarter,Q4,252,0.35111414290063414,18,Urban fabric,3,249,0.07958918718412389,0.0
week5-m3-f10-seed43,M3,43,Finland,country,Finland,4000,0.2911950629554242,0,Agro-forestry areas,0,4000,,
week5-m3-f10-seed43,M3,43,Finland,country,Finland,4000,0.2911950629554242,1,Arable land,457,3543,0.3709106142114124,0.6389496717724289
week5-m3-f10-seed43,M3,43,Finland,country,Finland,4000,0.2911950629554242,2,"Beaches, dunes, sands",1,3999,0.0033222591362126247,0.0
week5-m3-f10-seed43,M3,43,Finland,country,Finland,4000,0.2911950629554242,3,Broad-leaved forest,229,3771,0.0772707215419371,0.7205240174672489
week5-m3-f10-seed43,M3,43,Finland,country,Finland,4000,0.2911950629554242,4,Coastal wetlands,10,3990,0.005942035265055024,0.0
week5-m3-f10-seed43,M3,43,Finland,country,Finland,4000,0.2911950629554242,5,Complex cultivation patterns,21,3979,0.008149123589473709,0.0
week5-m3-f10-seed43,M3,43,Finland,country,Finland,4000,0.2911950629554242,6,Coniferous forest,2776,1224,0.9261999555222237,0.7424351585014409
week5-m3-f10-seed43,M3,43,Finland,country,Finland,4000,0.2911950629554242,7,Industrial or commercial units,32,3968,0.13019277297672519,0.15625
week5-m3-f10-seed43,M3,43,Finland,country,Finland,4000,0.2911950629554242,8,Inland waters,985,3015,0.5224571857774318,0.14619289340101524
week5-m3-f10-seed43,M3,43,Finland,country,Finland,4000,0.2911950629554242,9,Inland wetlands,530,3470,0.13147115345930238,0.0
week5-m3-f10-seed43,M3,43,Finland,country,Finland,4000,0.2911950629554242,10,"Land principally occupied by agriculture, with significant areas of natural vegetation",588,3412,0.26643967741736074,0.33843537414965985
week5-m3-f10-seed43,M3,43,Finland,country,Finland,4000,0.2911950629554242,11,Marine waters,892,3108,0.8314117432408583,0.5605381165919282
week5-m3-f10-seed43,M3,43,Finland,country,Finland,4000,0.2911950629554242,12,Mixed forest,2082,1918,0.679332589136289,0.5177713736791547
week5-m3-f10-seed43,M3,43,Finland,country,Finland,4000,0.2911950629554242,13,"Moors, heathland and sclerophyllous vegetation",26,3974,0.003911228020242231,0.0
week5-m3-f10-seed43,M3,43,Finland,country,Finland,4000,0.2911950629554242,14,Natural grassland and sparsely vegetated areas,2,3998,0.0005884466151470883,0.0
week5-m3-f10-seed43,M3,43,Finland,country,Finland,4000,0.2911950629554242,15,Pastures,3,3997,0.0019393741565456844,0.3333333333333333
week5-m3-f10-seed43,M3,43,Finland,country,Finland,4000,0.2911950629554242,16,Permanent crops,1,3999,0.06666666666666667,0.0
week5-m3-f10-seed43,M3,43,Finland,country,Finland,4000,0.2911950629554242,17,"Transitional woodland, shrub",1574,2426,0.48886601123580187,0.2878017789072427
week5-m3-f10-seed43,M3,43,Finland,country,Finland,4000,0.2911950629554242,18,Urban fabric,116,3884,0.15331374371936868,0.25862068965517243
week5-m3-f10-seed43,M3,43,Finland,source_distance,Q1,1566,0.29907733865101355,0,Agro-forestry areas,0,1566,,
week5-m3-f10-seed43,M3,43,Finland,source_distance,Q1,1566,0.29907733865101355,1,Arable land,50,1516,0.0842783959622378,0.16
week5-m3-f10-seed43,M3,43,Finland,source_distance,Q1,1566,0.29907733865101355,2,"Beaches, dunes, sands",1,1565,0.006211180124223602,0.0
week5-m3-f10-seed43,M3,43,Finland,source_distance,Q1,1566,0.29907733865101355,3,Broad-leaved forest,61,1505,0.0859471590875736,0.6885245901639344
week5-m3-f10-seed43,M3,43,Finland,source_distance,Q1,1566,0.29907733865101355,4,Coastal wetlands,0,1566,,
week5-m3-f10-seed43,M3,43,Finland,source_distance,Q1,1566,0.29907733865101355,5,Complex cultivation patterns,11,1555,0.03644351303242712,0.0
week5-m3-f10-seed43,M3,43,Finland,source_distance,Q1,1566,0.29907733865101355,6,Coniferous forest,855,711,0.9334818255773809,0.7625730994152047
week5-m3-f10-seed43,M3,43,Finland,source_distance,Q1,1566,0.29907733865101355,7,Industrial or commercial units,5,1561,0.20771120616275113,0.2
week5-m3-f10-seed43,M3,43,Finland,source_distance,Q1,1566,0.29907733865101355,8,Inland waters,297,1269,0.25950321700095474,0.006734006734006734
week5-m3-f10-seed43,M3,43,Finland,source_distance,Q1,1566,0.29907733865101355,9,Inland wetlands,179,1387,0.07902052605974982,0.0
week5-m3-f10-seed43,M3,43,Finland,source_distance,Q1,1566,0.29907733865101355,10,"Land principally occupied by agriculture, with significant areas of natural vegetation",96,1470,0.13187343382616176,0.052083333333333336
week5-m3-f10-seed43,M3,43,Finland,source_distance,Q1,1566,0.29907733865101355,11,Marine waters,619,947,0.8984899013945529,0.7802907915993538
week5-m3-f10-seed43,M3,43,Finland,source_distance,Q1,1566,0.29907733865101355,12,Mixed forest,559,1007,0.6174341753563175,0.24150268336314848
week5-m3-f10-seed43,M3,43,Finland,source_distance,Q1,1566,0.29907733865101355,13,"Moors, heathland and sclerophyllous vegetation",14,1552,0.005803843818447643,0.0
week5-m3-f10-seed43,M3,43,Finland,source_distance,Q1,1566,0.29907733865101355,14,Natural grassland and sparsely vegetated areas,0,1566,,
week5-m3-f10-seed43,M3,43,Finland,source_distance,Q1,1566,0.29907733865101355,15,Pastures,0,1566,,
week5-m3-f10-seed43,M3,43,Finland,source_distance,Q1,1566,0.29907733865101355,16,Permanent crops,0,1566,,
week5-m3-f10-seed43,M3,43,Finland,source_distance,Q1,1566,0.29907733865101355,17,"Transitional woodland, shrub",468,1098,0.491943412202095,0.1452991452991453
week5-m3-f10-seed43,M3,43,Finland,source_distance,Q1,1566,0.29907733865101355,18,Urban fabric,27,1539,0.05607479298252679,0.037037037037037035
week5-m3-f10-seed43,M3,43,Finland,source_distance,Q2,1068,0.28168149636025486,0,Agro-forestry areas,0,1068,,
week5-m3-f10-seed43,M3,43,Finland,source_distance,Q2,1068,0.28168149636025486,1,Arable land,115,953,0.2833314417675988,0.5130434782608696
week5-m3-f10-seed43,M3,43,Finland,source_distance,Q2,1068,0.28168149636025486,2,"Beaches, dunes, sands",0,1068,,
week5-m3-f10-seed43,M3,43,Finland,source_distance,Q2,1068,0.28168149636025486,3,Broad-leaved forest,64,1004,0.06998713657697861,0.734375
week5-m3-f10-seed43,M3,43,Finland,source_distance,Q2,1068,0.28168149636025486,4,Coastal wetlands,4,1064,0.006092278395712688,0.0
week5-m3-f10-seed43,M3,43,Finland,source_distance,Q2,1068,0.28168149636025486,5,Complex cultivation patterns,8,1060,0.01184517593549174,0.0
week5-m3-f10-seed43,M3,43,Finland,source_distance,Q2,1068,0.28168149636025486,6,Coniferous forest,875,193,0.9468208166437001,0.7588571428571429
week5-m3-f10-seed43,M3,43,Finland,source_distance,Q2,1068,0.28168149636025486,7,Industrial or commercial units,13,1055,0.2727984915906924,0.15384615384615385
week5-m3-f10-seed43,M3,43,Finland,source_distance,Q2,1068,0.28168149636025486,8,Inland waters,268,800,0.48854867132913715,0.1044776119402985
week5-m3-f10-seed43,M3,43,Finland,source_distance,Q2,1068,0.28168149636025486,9,Inland wetlands,132,936,0.12044753787927268,0.0
week5-m3-f10-seed43,M3,43,Finland,source_distance,Q2,1068,0.28168149636025486,10,"Land principally occupied by agriculture, with significant areas of natural vegetation",156,912,0.21408972979069718,0.23076923076923078
week5-m3-f10-seed43,M3,43,Finland,source_distance,Q2,1068,0.28168149636025486,11,Marine waters,128,940,0.5338740902988016,0.0703125
week5-m3-f10-seed43,M3,43,Finland,source_distance,Q2,1068,0.28168149636025486,12,Mixed forest,639,429,0.676100590020104,0.46322378716744916
week5-m3-f10-seed43,M3,43,Finland,source_distance,Q2,1068,0.28168149636025486,13,"Moors, heathland and sclerophyllous vegetation",7,1061,0.004075351864130269,0.0
week5-m3-f10-seed43,M3,43,Finland,source_distance,Q2,1068,0.28168149636025486,14,Natural grassland and sparsely vegetated areas,2,1066,0.001848478715509681,0.0
week5-m3-f10-seed43,M3,43,Finland,source_distance,Q2,1068,0.28168149636025486,15,Pastures,2,1066,0.0020007239199869536,0.0
week5-m3-f10-seed43,M3,43,Finland,source_distance,Q2,1068,0.28168149636025486,16,Permanent crops,0,1068,,
week5-m3-f10-seed43,M3,43,Finland,source_distance,Q2,1068,0.28168149636025486,17,"Transitional woodland, shrub",474,594,0.4648021604855564,0.22573839662447256
week5-m3-f10-seed43,M3,43,Finland,source_distance,Q2,1068,0.28168149636025486,18,Urban fabric,24,1044,0.1346520485861655,0.125
week5-m3-f10-seed43,M3,43,Finland,source_distance,Q3,674,0.3240065000205396,0,Agro-forestry areas,0,674,,
week5-m3-f10-seed43,M3,43,Finland,source_distance,Q3,674,0.3240065000205396,1,Arable land,111,563,0.44349300471911357,0.7027027027027027
week5-m3-f10-seed43,M3,43,Finland,source_distance,Q3,674,0.3240065000205396,2,"Beaches, dunes, sands",0,674,,
week5-m3-f10-seed43,M3,43,Finland,source_distance,Q3,674,0.3240065000205396,3,Broad-leaved forest,43,631,0.06845255561841047,0.627906976744186
week5-m3-f10-seed43,M3,43,Finland,source_distance,Q3,674,0.3240065000205396,4,Coastal wetlands,0,674,,
week5-m3-f10-seed43,M3,43,Finland,source_distance,Q3,674,0.3240065000205396,5,Complex cultivation patterns,2,672,0.004656497529605522,0.0
week5-m3-f10-seed43,M3,43,Finland,source_distance,Q3,674,0.3240065000205396,6,Coniferous forest,493,181,0.8808297615274537,0.7302231237322515
week5-m3-f10-seed43,M3,43,Finland,source_distance,Q3,674,0.3240065000205396,7,Industrial or commercial units,6,668,0.052749630846243546,0.16666666666666666
week5-m3-f10-seed43,M3,43,Finland,source_distance,Q3,674,0.3240065000205396,8,Inland waters,200,474,0.6755907533525735,0.27
week5-m3-f10-seed43,M3,43,Finland,source_distance,Q3,674,0.3240065000205396,9,Inland wetlands,92,582,0.128363856484985,0.0
week5-m3-f10-seed43,M3,43,Finland,source_distance,Q3,674,0.3240065000205396,10,"Land principally occupied by agriculture, with significant areas of natural vegetation",134,540,0.3546164721509705,0.44029850746268656
week5-m3-f10-seed43,M3,43,Finland,source_distance,Q3,674,0.3240065000205396,11,Marine waters,115,559,0.5008203786019718,0.02608695652173913
week5-m3-f10-seed43,M3,43,Finland,source_distance,Q3,674,0.3240065000205396,12,Mixed forest,401,273,0.6890174724331696,0.7281795511221946
week5-m3-f10-seed43,M3,43,Finland,source_distance,Q3,674,0.3240065000205396,13,"Moors, heathland and sclerophyllous vegetation",2,672,0.0028709592214072373,0.0
week5-m3-f10-seed43,M3,43,Finland,source_distance,Q3,674,0.3240065000205396,14,Natural grassland and sparsely vegetated areas,0,674,,
week5-m3-f10-seed43,M3,43,Finland,source_distance,Q3,674,0.3240065000205396,15,Pastures,1,673,0.018867924528301886,1.0
week5-m3-f10-seed43,M3,43,Finland,source_distance,Q3,674,0.3240065000205396,16,Permanent crops,0,674,,
week5-m3-f10-seed43,M3,43,Finland,source_distance,Q3,674,0.3240065000205396,17,"Transitional woodland, shrub",292,382,0.46085889283587655,0.386986301369863
week5-m3-f10-seed43,M3,43,Finland,source_distance,Q3,674,0.3240065000205396,18,Urban fabric,27,647,0.25490284043747174,0.4074074074074074
week5-m3-f10-seed43,M3,43,Finland,source_distance,Q4,692,0.3638017191469483,0,Agro-forestry areas,0,692,,
week5-m3-f10-seed43,M3,43,Finland,source_distance,Q4,692,0.3638017191469483,1,Arable land,181,511,0.48892878550749114,0.8121546961325967
week5-m3-f10-seed43,M3,43,Finland,source_distance,Q4,692,0.3638017191469483,2,"Beaches, dunes, sands",0,692,,
week5-m3-f10-seed43,M3,43,Finland,source_distance,Q4,692,0.3638017191469483,3,Broad-leaved forest,61,631,0.1077923728728753,0.8032786885245902
week5-m3-f10-seed43,M3,43,Finland,source_distance,Q4,692,0.3638017191469483,4,Coastal wetlands,6,686,0.010118723384790867,0.0
week5-m3-f10-seed43,M3,43,Finland,source_distance,Q4,692,0.3638017191469483,5,Complex cultivation patterns,0,692,,
week5-m3-f10-seed43,M3,43,Finland,source_distance,Q4,692,0.3638017191469483,6,Coniferous forest,553,139,0.8704137363317848,0.6962025316455697
week5-m3-f10-seed43,M3,43,Finland,source_distance,Q4,692,0.3638017191469483,7,Industrial or commercial units,8,684,0.10304744690123618,0.125
week5-m3-f10-seed43,M3,43,Finland,source_distance,Q4,692,0.3638017191469483,8,Inland waters,220,472,0.685380063738407,0.2727272727272727
week5-m3-f10-seed43,M3,43,Finland,source_distance,Q4,692,0.3638017191469483,9,Inland wetlands,127,565,0.1947378461619005,0.0
week5-m3-f10-seed43,M3,43,Finland,source_distance,Q4,692,0.3638017191469483,10,"Land principally occupied by agriculture, with significant areas of natural vegetation",202,490,0.40762690081335007,0.4900990099009901
week5-m3-f10-seed43,M3,43,Finland,source_distance,Q4,692,0.3638017191469483,11,Marine waters,30,662,0.31357513624357986,0.16666666666666666
week5-m3-f10-seed43,M3,43,Finland,source_distance,Q4,692,0.3638017191469483,12,Mixed forest,483,209,0.7306852706962774,0.7349896480331263
week5-m3-f10-seed43,M3,43,Finland,source_distance,Q4,692,0.3638017191469483,13,"Moors, heathland and sclerophyllous vegetation",3,689,0.0035812372086881893,0.0
week5-m3-f10-seed43,M3,43,Finland,source_distance,Q4,692,0.3638017191469483,14,Natural grassland and sparsely vegetated areas,0,692,,
week5-m3-f10-seed43,M3,43,Finland,source_distance,Q4,692,0.3638017191469483,15,Pastures,0,692,,
week5-m3-f10-seed43,M3,43,Finland,source_distance,Q4,692,0.3638017191469483,16,Permanent crops,1,691,0.1111111111111111,0.0
week5-m3-f10-seed43,M3,43,Finland,source_distance,Q4,692,0.3638017191469483,17,"Transitional woodland, shrub",340,352,0.5702048020128535,0.4852941176470588
week5-m3-f10-seed43,M3,43,Finland,source_distance,Q4,692,0.3638017191469483,18,Urban fabric,38,654,0.14233763931077334,0.39473684210526316
week5-m3-f10-seed43,M3,43,Portugal,label_count,1,599,0.25152498421476727,0,Agro-forestry areas,44,555,0.2512414507927426,0.0
week5-m3-f10-seed43,M3,43,Portugal,label_count,1,599,0.25152498421476727,1,Arable land,63,536,0.7250807560725451,1.0
week5-m3-f10-seed43,M3,43,Portugal,label_count,1,599,0.25152498421476727,2,"Beaches, dunes, sands",0,599,,
week5-m3-f10-seed43,M3,43,Portugal,label_count,1,599,0.25152498421476727,3,Broad-leaved forest,28,571,0.11732722966008735,0.5
week5-m3-f10-seed43,M3,43,Portugal,label_count,1,599,0.25152498421476727,4,Coastal wetlands,2,597,0.012322472848788638,0.0
week5-m3-f10-seed43,M3,43,Portugal,label_count,1,599,0.25152498421476727,5,Complex cultivation patterns,3,596,0.030127278981768146,0.6666666666666666
week5-m3-f10-seed43,M3,43,Portugal,label_count,1,599,0.25152498421476727,6,Coniferous forest,1,598,0.0017857142857142857,0.0
week5-m3-f10-seed43,M3,43,Portugal,label_count,1,599,0.25152498421476727,7,Industrial or commercial units,0,599,,
week5-m3-f10-seed43,M3,43,Portugal,label_count,1,599,0.25152498421476727,8,Inland waters,0,599,,
week5-m3-f10-seed43,M3,43,Portugal,label_count,1,599,0.25152498421476727,9,Inland wetlands,0,599,,
week5-m3-f10-seed43,M3,43,Portugal,label_count,1,599,0.25152498421476727,10,"Land principally occupied by agriculture, with significant areas of natural vegetation",2,597,0.015518633898696203,0.5
week5-m3-f10-seed43,M3,43,Portugal,label_count,1,599,0.25152498421476727,11,Marine waters,416,183,0.9974954138255961,0.9879807692307693
week5-m3-f10-seed43,M3,43,Portugal,label_count,1,599,0.25152498421476727,12,Mixed forest,6,593,0.12417936495288122,0.5
week5-m3-f10-seed43,M3,43,Portugal,label_count,1,599,0.25152498421476727,13,"Moors, heathland and sclerophyllous vegetation",8,591,0.13730900796083081,0.0
week5-m3-f10-seed43,M3,43,Portugal,label_count,1,599,0.25152498421476727,14,Natural grassland and sparsely vegetated areas,0,599,,
week5-m3-f10-seed43,M3,43,Portugal,label_count,1,599,0.25152498421476727,15,Pastures,1,598,0.3333333333333333,1.0
week5-m3-f10-seed43,M3,43,Portugal,label_count,1,599,0.25152498421476727,16,Permanent crops,10,589,0.19984088871512812,0.0
week5-m3-f10-seed43,M3,43,Portugal,label_count,1,599,0.25152498421476727,17,"Transitional woodland, shrub",15,584,0.08477720467585884,0.5333333333333333
week5-m3-f10-seed43,M3,43,Portugal,label_count,1,599,0.25152498421476727,18,Urban fabric,0,599,,
week5-m3-f10-seed43,M3,43,Portugal,label_count,2,772,0.2354045556964111,0,Agro-forestry areas,241,531,0.2976193886936365,0.0
week5-m3-f10-seed43,M3,43,Portugal,label_count,2,772,0.2354045556964111,1,Arable land,282,490,0.6244375646680898,0.9716312056737588
week5-m3-f10-seed43,M3,43,Portugal,label_count,2,772,0.2354045556964111,2,"Beaches, dunes, sands",8,764,0.2027797518919276,0.0
week5-m3-f10-seed43,M3,43,Portugal,label_count,2,772,0.2354045556964111,3,Broad-leaved forest,235,537,0.2695619429043104,0.5531914893617021
week5-m3-f10-seed43,M3,43,Portugal,label_count,2,772,0.2354045556964111,4,Coastal wetlands,7,765,0.006971862180479147,0.0
week5-m3-f10-seed43,M3,43,Portugal,label_count,2,772,0.2354045556964111,5,Complex cultivation patterns,66,706,0.11162001544882438,0.5151515151515151
week5-m3-f10-seed43,M3,43,Portugal,label_count,2,772,0.2354045556964111,6,Coniferous forest,35,737,0.03762619449078309,0.14285714285714285
week5-m3-f10-seed43,M3,43,Portugal,label_count,2,772,0.2354045556964111,7,Industrial or commercial units,7,765,0.035069309177962346,0.0
week5-m3-f10-seed43,M3,43,Portugal,label_count,2,772,0.2354045556964111,8,Inland waters,13,759,0.22491060256691317,0.3076923076923077
week5-m3-f10-seed43,M3,43,Portugal,label_count,2,772,0.2354045556964111,9,Inland wetlands,0,772,,
week5-m3-f10-seed43,M3,43,Portugal,label_count,2,772,0.2354045556964111,10,"Land principally occupied by agriculture, with significant areas of natural vegetation",45,727,0.0660028452398207,0.5555555555555556
week5-m3-f10-seed43,M3,43,Portugal,label_count,2,772,0.2354045556964111,11,Marine waters,23,749,0.7670475298942603,0.6956521739130435
week5-m3-f10-seed43,M3,43,Portugal,label_count,2,772,0.2354045556964111,12,Mixed forest,40,732,0.13063974565742295,0.525
week5-m3-f10-seed43,M3,43,Portugal,label_count,2,772,0.2354045556964111,13,"Moors, heathland and sclerophyllous vegetation",61,711,0.13101514194866087,0.01639344262295082
week5-m3-f10-seed43,M3,43,Portugal,label_count,2,772,0.2354045556964111,14,Natural grassland and sparsely vegetated areas,0,772,,
week5-m3-f10-seed43,M3,43,Portugal,label_count,2,772,0.2354045556964111,15,Pastures,79,693,0.16456156372816438,0.4177215189873418
week5-m3-f10-seed43,M3,43,Portugal,label_count,2,772,0.2354045556964111,16,Permanent crops,147,625,0.38852136141697574,0.0
week5-m3-f10-seed43,M3,43,Portugal,label_count,2,772,0.2354045556964111,17,"Transitional woodland, shrub",240,532,0.2954512732566903,0.3625
week5-m3-f10-seed43,M3,43,Portugal,label_count,2,772,0.2354045556964111,18,Urban fabric,15,757,0.04919868935087763,0.13333333333333333
week5-m3-f10-seed43,M3,43,Portugal,label_count,3,1160,0.24024772576226866,0,Agro-forestry areas,466,694,0.37510887195370995,0.0
week5-m3-f10-seed43,M3,43,Portugal,label_count,3,1160,0.24024772576226866,1,Arable land,498,662,0.6026979409327856,0.9136546184738956
week5-m3-f10-seed43,M3,43,Portugal,label_count,3,1160,0.24024772576226866,2,"Beaches, dunes, sands",11,1149,0.2695596254077786,0.0
week5-m3-f10-seed43,M3,43,Portugal,label_count,3,1160,0.24024772576226866,3,Broad-leaved forest,505,655,0.3708872411453203,0.5148514851485149
week5-m3-f10-seed43,M3,43,Portugal,label_count,3,1160,0.24024772576226866,4,Coastal wetlands,10,1150,0.01175951872090573,0.0
week5-m3-f10-seed43,M3,43,Portugal,label_count,3,1160,0.24024772576226866,5,Complex cultivation patterns,182,978,0.1561285924076046,0.4340659340659341
week5-m3-f10-seed43,M3,43,Portugal,label_count,3,1160,0.24024772576226866,6,Coniferous forest,92,1068,0.09720746474170837,0.29347826086956524
week5-m3-f10-seed43,M3,43,Portugal,label_count,3,1160,0.24024772576226866,7,Industrial or commercial units,12,1148,0.045097350446942026,0.0
week5-m3-f10-seed43,M3,43,Portugal,label_count,3,1160,0.24024772576226866,8,Inland waters,55,1105,0.1864544755740479,0.10909090909090909
week5-m3-f10-seed43,M3,43,Portugal,label_count,3,1160,0.24024772576226866,9,Inland wetlands,1,1159,0.013888888888888888,0.0
week5-m3-f10-seed43,M3,43,Portugal,label_count,3,1160,0.24024772576226866,10,"Land principally occupied by agriculture, with significant areas of natural vegetation",198,962,0.15330679941472522,0.5656565656565656
week5-m3-f10-seed43,M3,43,Portugal,label_count,3,1160,0.24024772576226866,11,Marine waters,21,1139,0.5176356675514006,0.3333333333333333
week5-m3-f10-seed43,M3,43,Portugal,label_count,3,1160,0.24024772576226866,12,Mixed forest,143,1017,0.18046162156889844,0.40559440559440557
week5-m3-f10-seed43,M3,43,Portugal,label_count,3,1160,0.24024772576226866,13,"Moors, heathland and sclerophyllous vegetation",186,974,0.2289961422919733,0.043010752688172046
week5-m3-f10-seed43,M3,43,Portugal,label_count,3,1160,0.24024772576226866,14,Natural grassland and sparsely vegetated areas,11,1149,0.012138406147637703,0.09090909090909091
week5-m3-f10-seed43,M3,43,Portugal,label_count,3,1160,0.24024772576226866,15,Pastures,176,984,0.2964474865710916,0.48863636363636365
week5-m3-f10-seed43,M3,43,Portugal,label_count,3,1160,0.24024772576226866,16,Permanent crops,294,866,0.41922027233823544,0.0
week5-m3-f10-seed43,M3,43,Portugal,label_count,3,1160,0.24024772576226866,17,"Transitional woodland, shrub",570,590,0.48605972437807266,0.3473684210526316
week5-m3-f10-seed43,M3,43,Portugal,label_count,3,1160,0.24024772576226866,18,Urban fabric,49,1111,0.07733553779696574,0.16326530612244897
week5-m3-f10-seed43,M3,43,Portugal,label_count,4+,1469,0.310693309993802,0,Agro-forestry areas,657,812,0.43397015162427294,0.0
week5-m3-f10-seed43,M3,43,Portugal,label_count,4+,1469,0.310693309993802,1,Arable land,803,666,0.6344507227812813,0.8866749688667497
week5-m3-f10-seed43,M3,43,Portugal,label_count,4+,1469,0.310693309993802,2,"Beaches, dunes, sands",27,1442,0.06753169468576209,0.0
week5-m3-f10-seed43,M3,43,Portugal,label_count,4+,1469,0.310693309993802,3,Broad-leaved forest,820,649,0.5124939419875135,0.5670731707317073
week5-m3-f10-seed43,M3,43,Portugal,label_count,4+,1469,0.310693309993802,4,Coastal wetlands,26,1443,0.028715308259803504,0.0
week5-m3-f10-seed43,M3,43,Portugal,label_count,4+,1469,0.310693309993802,5,Complex cultivation patterns,565,904,0.3768152711335009,0.4920353982300885
week5-m3-f10-seed43,M3,43,Portugal,label_count,4+,1469,0.310693309993802,6,Coniferous forest,257,1212,0.22194958543846544,0.3657587548638132
week5-m3-f10-seed43,M3,43,Portugal,label_count,4+,1469,0.310693309993802,7,Industrial or commercial units,76,1393,0.13885169356146418,0.02631578947368421
week5-m3-f10-seed43,M3,43,Portugal,label_count,4+,1469,0.310693309993802,8,Inland waters,138,1331,0.27120676513557196,0.14492753623188406
week5-m3-f10-seed43,M3,43,Portugal,label_count,4+,1469,0.310693309993802,9,Inland wetlands,3,1466,0.010011081277658916,0.0
week5-m3-f10-seed43,M3,43,Portugal,label_count,4+,1469,0.310693309993802,10,"Land principally occupied by agriculture, with significant areas of natural vegetation",518,951,0.3306684365591176,0.528957528957529
week5-m3-f10-seed43,M3,43,Portugal,label_count,4+,1469,0.310693309993802,11,Marine waters,38,1431,0.1569356409409001,0.05263157894736842
week5-m3-f10-seed43,M3,43,Portugal,label_count,4+,1469,0.310693309993802,12,Mixed forest,398,1071,0.3415973684472878,0.3341708542713568
week5-m3-f10-seed43,M3,43,Portugal,label_count,4+,1469,0.310693309993802,13,"Moors, heathland and sclerophyllous vegetation",252,1217,0.18858645273009803,0.04365079365079365
week5-m3-f10-seed43,M3,43,Portugal,label_count,4+,1469,0.310693309993802,14,Natural grassland and sparsely vegetated areas,39,1430,0.02376544444102796,0.1794871794871795
week5-m3-f10-seed43,M3,43,Portugal,label_count,4+,1469,0.310693309993802,15,Pastures,323,1146,0.3043656722177363,0.37770897832817335
week5-m3-f10-seed43,M3,43,Portugal,label_count,4+,1469,0.310693309993802,16,Permanent crops,512,957,0.481522492463627,0.0
week5-m3-f10-seed43,M3,43,Portugal,label_count,4+,1469,0.310693309993802,17,"Transitional woodland, shrub",927,542,0.6657192152089948,0.30204962243797195
week5-m3-f10-seed43,M3,43,Portugal,label_count,4+,1469,0.310693309993802,18,Urban fabric,261,1208,0.31215317557658623,0.24521072796934865
week5-m3-f10-seed43,M3,43,Portugal,quarter,Q1,803,0.3033442425857891,0,Agro-forestry areas,289,514,0.482182836050685,0.0
week5-m3-f10-seed43,M3,43,Portugal,quarter,Q1,803,0.3033442425857891,1,Arable land,335,468,0.6117360727670026,0.982089552238806
week5-m3-f10-seed43,M3,43,Portugal,quarter,Q1,803,0.3033442425857891,2,"Beaches, dunes, sands",7,796,0.05285198050215114,0.0
week5-m3-f10-seed43,M3,43,Portugal,quarter,Q1,803,0.3033442425857891,3,Broad-leaved forest,289,514,0.5008701340789549,0.6020761245674741
week5-m3-f10-seed43,M3,43,Portugal,quarter,Q1,803,0.3033442425857891,4,Coastal wetlands,9,794,0.034101807410170146,0.0
week5-m3-f10-seed43,M3,43,Portugal,quarter,Q1,803,0.3033442425857891,5,Complex cultivation patterns,133,670,0.2262017096198899,0.6015037593984962
week5-m3-f10-seed43,M3,43,Portugal,quarter,Q1,803,0.3033442425857891,6,Coniferous forest,54,749,0.07922880432217319,0.14814814814814814
week5-m3-f10-seed43,M3,43,Portugal,quarter,Q1,803,0.3033442425857891,7,Industrial or commercial units,14,789,0.20648987161353996,0.07142857142857142
week5-m3-f10-seed43,M3,43,Portugal,quarter,Q1,803,0.3033442425857891,8,Inland waters,35,768,0.38540381707733296,0.2571428571428571
week5-m3-f10-seed43,M3,43,Portugal,quarter,Q1,803,0.3033442425857891,9,Inland wetlands,1,802,0.009174311926605505,0.0
week5-m3-f10-seed43,M3,43,Portugal,quarter,Q1,803,0.3033442425857891,10,"Land principally occupied by agriculture, with significant areas of natural vegetation",147,656,0.21160728376993507,0.6802721088435374
week5-m3-f10-seed43,M3,43,Portugal,quarter,Q1,803,0.3033442425857891,11,Marine waters,140,663,0.9721746622460525,0.9142857142857143
week5-m3-f10-seed43,M3,43,Portugal,quarter,Q1,803,0.3033442425857891,12,Mixed forest,61,742,0.08243981187247744,0.18032786885245902
week5-m3-f10-seed43,M3,43,Portugal,quarter,Q1,803,0.3033442425857891,13,"Moors, heathland and sclerophyllous vegetation",150,653,0.28019849431152966,0.0
week5-m3-f10-seed43,M3,43,Portugal,quarter,Q1,803,0.3033442425857891,14,Natural grassland and sparsely vegetated areas,4,799,0.005571632904858901,0.0
week5-m3-f10-seed43,M3,43,Portugal,quarter,Q1,803,0.3033442425857891,15,Pastures,128,675,0.2807782506793345,0.59375
week5-m3-f10-seed43,M3,43,Portugal,quarter,Q1,803,0.3033442425857891,16,Permanent crops,165,638,0.32560811982785515,0.0
week5-m3-f10-seed43,M3,43,Portugal,quarter,Q1,803,0.3033442425857891,17,"Transitional woodland, shrub",334,469,0.5122742365158871,0.38622754491017963
week5-m3-f10-seed43,M3,43,Portugal,quarter,Q1,803,0.3033442425857891,18,Urban fabric,47,756,0.16375066783919684,0.40425531914893614
week5-m3-f10-seed43,M3,43,Portugal,quarter,Q2,654,0.33075296427011824,0,Agro-forestry areas,275,379,0.4187836332506203,0.0
week5-m3-f10-seed43,M3,43,Portugal,quarter,Q2,654,0.33075296427011824,1,Arable land,286,368,0.6221372463837918,0.9965034965034965
week5-m3-f10-seed43,M3,43,Portugal,quarter,Q2,654,0.33075296427011824,2,"Beaches, dunes, sands",6,648,0.03440965705036965,0.0
week5-m3-f10-seed43,M3,43,Portugal,quarter,Q2,654,0.33075296427011824,3,Broad-leaved forest,282,372,0.4785471760517281,0.30851063829787234
week5-m3-f10-seed43,M3,43,Portugal,quarter,Q2,654,0.33075296427011824,4,Coastal wetlands,2,652,0.03137065637065637,0.0
week5-m3-f10-seed43,M3,43,Portugal,quarter,Q2,654,0.33075296427011824,5,Complex cultivation patterns,139,515,0.21314393115286082,0.5971223021582733
week5-m3-f10-seed43,M3,43,Portugal,quarter,Q2,654,0.33075296427011824,6,Coniferous forest,86,568,0.16304057686564527,0.1744186046511628
week5-m3-f10-seed43,M3,43,Portugal,quarter,Q2,654,0.33075296427011824,7,Industrial or commercial units,24,630,0.11836288539953425,0.0
week5-m3-f10-seed43,M3,43,Portugal,quarter,Q2,654,0.33075296427011824,8,Inland waters,43,611,0.26370312352593933,0.18604651162790697
week5-m3-f10-seed43,M3,43,Portugal,quarter,Q2,654,0.33075296427011824,9,Inland wetlands,0,654,,
week5-m3-f10-seed43,M3,43,Portugal,quarter,Q2,654,0.33075296427011824,10,"Land principally occupied by agriculture, with significant areas of natural vegetation",110,544,0.24602890761873955,0.41818181818181815
week5-m3-f10-seed43,M3,43,Portugal,quarter,Q2,654,0.33075296427011824,11,Marine waters,42,612,0.8884703621007669,0.8333333333333334
week5-m3-f10-seed43,M3,43,Portugal,quarter,Q2,654,0.33075296427011824,12,Mixed forest,145,509,0.24560995099161612,0.14482758620689656
week5-m3-f10-seed43,M3,43,Portugal,quarter,Q2,654,0.33075296427011824,13,"Moors, heathland and sclerophyllous vegetation",38,616,0.07385666516908568,0.0
week5-m3-f10-seed43,M3,43,Portugal,quarter,Q2,654,0.33075296427011824,14,Natural grassland and sparsely vegetated areas,12,642,0.06293621202751247,0.08333333333333333
week5-m3-f10-seed43,M3,43,Portugal,quarter,Q2,654,0.33075296427011824,15,Pastures,120,534,0.396065724432565,0.8916666666666667
week5-m3-f10-seed43,M3,43,Portugal,quarter,Q2,654,0.33075296427011824,16,Permanent crops,188,466,0.4105582102680242,0.0
week5-m3-f10-seed43,M3,43,Portugal,quarter,Q2,654,0.33075296427011824,17,"Transitional woodland, shrub",272,382,0.518450743564446,0.1801470588235294
week5-m3-f10-seed43,M3,43,Portugal,quarter,Q2,654,0.33075296427011824,18,Urban fabric,70,584,0.2603827484995174,0.3142857142857143
week5-m3-f10-seed43,M3,43,Portugal,quarter,Q3,668,0.2772869886381099,0,Agro-forestry areas,288,380,0.4472712541273135,0.0
week5-m3-f10-seed43,M3,43,Portugal,quarter,Q3,668,0.2772869886381099,1,Arable land,304,364,0.6837860694971968,0.9901315789473685
week5-m3-f10-seed43,M3,43,Portugal,quarter,Q3,668,0.2772869886381099,2,"Beaches, dunes, sands",9,659,0.10289931348456666,0.0
week5-m3-f10-seed43,M3,43,Portugal,quarter,Q3,668,0.2772869886381099,3,Broad-leaved forest,275,393,0.35682600697434874,0.7454545454545455
week5-m3-f10-seed43,M3,43,Portugal,quarter,Q3,668,0.2772869886381099,4,Coastal wetlands,8,660,0.020040566070351762,0.0
week5-m3-f10-seed43,M3,43,Portugal,quarter,Q3,668,0.2772869886381099,5,Complex cultivation patterns,161,507,0.24344085111328373,0.5590062111801242
week5-m3-f10-seed43,M3,43,Portugal,quarter,Q3,668,0.2772869886381099,6,Coniferous forest,79,589,0.13367941946635867,0.06329113924050633
week5-m3-f10-seed43,M3,43,Portugal,quarter,Q3,668,0.2772869886381099,7,Industrial or commercial units,16,652,0.0403098539841761,0.0
week5-m3-f10-seed43,M3,43,Portugal,quarter,Q3,668,0.2772869886381099,8,Inland waters,43,625,0.19688892508315414,0.18604651162790697
week5-m3-f10-seed43,M3,43,Portugal,quarter,Q3,668,0.2772869886381099,9,Inland wetlands,1,667,0.125,0.0
week5-m3-f10-seed43,M3,43,Portugal,quarter,Q3,668,0.2772869886381099,10,"Land principally occupied by agriculture, with significant areas of natural vegetation",111,557,0.1607487497880522,0.5585585585585585
week5-m3-f10-seed43,M3,43,Portugal,quarter,Q3,668,0.2772869886381099,11,Marine waters,48,620,0.9228849070035298,0.7708333333333334
week5-m3-f10-seed43,M3,43,Portugal,quarter,Q3,668,0.2772869886381099,12,Mixed forest,134,534,0.2536412847309394,0.05970149253731343
week5-m3-f10-seed43,M3,43,Portugal,quarter,Q3,668,0.2772869886381099,13,"Moors, heathland and sclerophyllous vegetation",37,631,0.06700507086607316,0.0
week5-m3-f10-seed43,M3,43,Portugal,quarter,Q3,668,0.2772869886381099,14,Natural grassland and sparsely vegetated areas,10,658,0.026415187960445136,0.3
week5-m3-f10-seed43,M3,43,Portugal,quarter,Q3,668,0.2772869886381099,15,Pastures,114,554,0.1442668526609676,0.10526315789473684
week5-m3-f10-seed43,M3,43,Portugal,quarter,Q3,668,0.2772869886381099,16,Permanent crops,198,470,0.5589772966562956,0.0
week5-m3-f10-seed43,M3,43,Portugal,quarter,Q3,668,0.2772869886381099,17,"Transitional woodland, shrub",260,408,0.40007292362039915,0.33076923076923076
week5-m3-f10-seed43,M3,43,Portugal,quarter,Q3,668,0.2772869886381099,18,Urban fabric,62,606,0.12264841880453853,0.12903225806451613
week5-m3-f10-seed43,M3,43,Portugal,quarter,Q4,1875,0.28845069645278854,0,Agro-forestry areas,556,1319,0.31926626852894724,0.0
week5-m3-f10-seed43,M3,43,Portugal,quarter,Q4,1875,0.28845069645278854,1,Arable land,721,1154,0.6509145778015979,0.8169209431345353
week5-m3-f10-seed43,M3,43,Portugal,quarter,Q4,1875,0.28845069645278854,2,"Beaches, dunes, sands",24,1851,0.1084234588387113,0.0
week5-m3-f10-seed43,M3,43,Portugal,quarter,Q4,1875,0.28845069645278854,3,Broad-leaved forest,742,1133,0.36775236546811363,0.5431266846361186
week5-m3-f10-seed43,M3,43,Portugal,quarter,Q4,1875,0.28845069645278854,4,Coastal wetlands,26,1849,0.018840087665429318,0.0
week5-m3-f10-seed43,M3,43,Portugal,quarter,Q4,1875,0.28845069645278854,5,Complex cultivation patterns,383,1492,0.2771451159922232,0.36553524804177545
week5-m3-f10-seed43,M3,43,Portugal,quarter,Q4,1875,0.28845069645278854,6,Coniferous forest,166,1709,0.14107353682807686,0.5903614457831325
week5-m3-f10-seed43,M3,43,Portugal,quarter,Q4,1875,0.28845069645278854,7,Industrial or commercial units,41,1834,0.08558731077028729,0.024390243902439025
week5-m3-f10-seed43,M3,43,Portugal,quarter,Q4,1875,0.28845069645278854,8,Inland waters,85,1790,0.11931175424193255,0.058823529411764705
week5-m3-f10-seed43,M3,43,Portugal,quarter,Q4,1875,0.28845069645278854,9,Inland wetlands,2,1873,0.004042797362691067,0.0
week5-m3-f10-seed43,M3,43,Portugal,quarter,Q4,1875,0.28845069645278854,10,"Land principally occupied by agriculture, with significant areas of natural vegetation",395,1480,0.20084256681954693,0.5164556962025316
week5-m3-f10-seed43,M3,43,Portugal,quarter,Q4,1875,0.28845069645278854,11,Marine waters,268,1607,0.9665565482165702,0.8805970149253731
week5-m3-f10-seed43,M3,43,Portugal,quarter,Q4,1875,0.28845069645278854,12,Mixed forest,247,1628,0.30325962476946483,0.708502024291498
week5-m3-f10-seed43,M3,43,Portugal,quarter,Q4,1875,0.28845069645278854,13,"Moors, heathland and sclerophyllous vegetation",282,1593,0.21447357576836337,0.07092198581560284
week5-m3-f10-seed43,M3,43,Portugal,quarter,Q4,1875,0.28845069645278854,14,Natural grassland and sparsely vegetated areas,24,1851,0.011038170095257087,0.16666666666666666
week5-m3-f10-seed43,M3,43,Portugal,quarter,Q4,1875,0.28845069645278854,15,Pastures,217,1658,0.14578146403007491,0.21658986175115208
week5-m3-f10-seed43,M3,43,Portugal,quarter,Q4,1875,0.28845069645278854,16,Permanent crops,412,1463,0.3839783036965137,0.0
week5-m3-f10-seed43,M3,43,Portugal,quarter,Q4,1875,0.28845069645278854,17,"Transitional woodland, shrub",886,989,0.49108315833322774,0.34875846501128666
week5-m3-f10-seed43,M3,43,Portugal,quarter,Q4,1875,0.28845069645278854,18,Urban fabric,146,1729,0.2523702730506748,0.17123287671232876
week5-m3-f10-seed43,M3,43,Portugal,country,Portugal,4000,0.2836164166474595,0,Agro-forestry areas,1408,2592,0.37664419850091435,0.0
week5-m3-f10-seed43,M3,43,Portugal,country,Portugal,4000,0.2836164166474595,1,Arable land,1646,2354,0.6146051582634876,0.913730255164034
week5-m3-f10-seed43,M3,43,Portugal,country,Portugal,4000,0.2836164166474595,2,"Beaches, dunes, sands",46,3954,0.05414835262007145,0.0
week5-m3-f10-seed43,M3,43,Portugal,country,Portugal,4000,0.2836164166474595,3,Broad-leaved forest,1588,2412,0.3901291989456216,0.5472292191435768
week5-m3-f10-seed43,M3,43,Portugal,country,Portugal,4000,0.2836164166474595,4,Coastal wetlands,45,3955,0.015213423276749169,0.0
week5-m3-f10-seed43,M3,43,Portugal,country,Portugal,4000,0.2836164166474595,5,Complex cultivation patterns,816,3184,0.23321774668423256,0.48161764705882354
week5-m3-f10-seed43,M3,43,Portugal,country,Portugal,4000,0.2836164166474595,6,Coniferous forest,385,3615,0.12695933269329027,0.32727272727272727
week5-m3-f10-seed43,M3,43,Portugal,country,Portugal,4000,0.2836164166474595,7,Industrial or commercial units,95,3905,0.09359045683095832,0.021052631578947368
week5-m3-f10-seed43,M3,43,Portugal,country,Portugal,4000,0.2836164166474595,8,Inland waters,206,3794,0.19638026580226137,0.14563106796116504
week5-m3-f10-seed43,M3,43,Portugal,country,Portugal,4000,0.2836164166474595,9,Inland wetlands,4,3996,0.0061156970153375696,0.0
week5-m3-f10-seed43,M3,43,Portugal,country,Portugal,4000,0.2836164166474595,10,"Land principally occupied by agriculture, with significant areas of natural vegetation",763,3237,0.19527094674611523,0.5399737876802096
week5-m3-f10-seed43,M3,43,Portugal,country,Portugal,4000,0.2836164166474595,11,Marine waters,498,3502,0.9465960331915242,0.8755020080321285
week5-m3-f10-seed43,M3,43,Portugal,country,Portugal,4000,0.2836164166474595,12,Mixed forest,587,3413,0.21939793793275778,0.36626916524701875
week5-m3-f10-seed43,M3,43,Portugal,country,Portugal,4000,0.2836164166474595,13,"Moors, heathland and sclerophyllous vegetation",507,3493,0.18355166057224145,0.03944773175542406
week5-m3-f10-seed43,M3,43,Portugal,country,Portugal,4000,0.2836164166474595,14,Natural grassland and sparsely vegetated areas,50,3950,0.01254776581074658,0.16
week5-m3-f10-seed43,M3,43,Portugal,country,Portugal,4000,0.2836164166474595,15,Pastures,579,3421,0.24417166915631597,0.41796200345423146
week5-m3-f10-seed43,M3,43,Portugal,country,Portugal,4000,0.2836164166474595,16,Permanent crops,963,3037,0.41743125583098556,0.0
week5-m3-f10-seed43,M3,43,Portugal,country,Portugal,4000,0.2836164166474595,17,"Transitional woodland, shrub",1752,2248,0.47853679585298,0.3270547945205479
week5-m3-f10-seed43,M3,43,Portugal,country,Portugal,4000,0.2836164166474595,18,Urban fabric,325,3675,0.17936074503049587,0.2276923076923077
week5-m3-f10-seed43,M3,43,Portugal,source_distance,Q1,682,0.28967076457247043,0,Agro-forestry areas,68,614,0.1498524263483929,0.0
week5-m3-f10-seed43,M3,43,Portugal,source_distance,Q1,682,0.28967076457247043,1,Arable land,76,606,0.5463280370345472,0.7368421052631579
week5-m3-f10-seed43,M3,43,Portugal,source_distance,Q1,682,0.28967076457247043,2,"Beaches, dunes, sands",11,671,0.06319032405107167,0.0
week5-m3-f10-seed43,M3,43,Portugal,source_distance,Q1,682,0.28967076457247043,3,Broad-leaved forest,134,548,0.4448439988156153,0.19402985074626866
week5-m3-f10-seed43,M3,43,Portugal,source_distance,Q1,682,0.28967076457247043,4,Coastal wetlands,6,676,0.02892152194074905,0.0
week5-m3-f10-seed43,M3,43,Portugal,source_distance,Q1,682,0.28967076457247043,5,Complex cultivation patterns,39,643,0.16286714206744057,0.20512820512820512
week5-m3-f10-seed43,M3,43,Portugal,source_distance,Q1,682,0.28967076457247043,6,Coniferous forest,42,640,0.09487345492140431,0.5
week5-m3-f10-seed43,M3,43,Portugal,source_distance,Q1,682,0.28967076457247043,7,Industrial or commercial units,5,677,0.061448233961756485,0.0
week5-m3-f10-seed43,M3,43,Portugal,source_distance,Q1,682,0.28967076457247043,8,Inland waters,7,675,0.01818502097062719,0.0
week5-m3-f10-seed43,M3,43,Portugal,source_distance,Q1,682,0.28967076457247043,9,Inland wetlands,0,682,,
week5-m3-f10-seed43,M3,43,Portugal,source_distance,Q1,682,0.28967076457247043,10,"Land principally occupied by agriculture, with significant areas of natural vegetation",61,621,0.2259922056127859,0.29508196721311475
week5-m3-f10-seed43,M3,43,Portugal,source_distance,Q1,682,0.28967076457247043,11,Marine waters,429,253,0.9992690312795767,0.9906759906759907
week5-m3-f10-seed43,M3,43,Portugal,source_distance,Q1,682,0.28967076457247043,12,Mixed forest,60,622,0.4823629119610367,0.7833333333333333
week5-m3-f10-seed43,M3,43,Portugal,source_distance,Q1,682,0.28967076457247043,13,"Moors, heathland and sclerophyllous vegetation",35,647,0.21985710890216778,0.14285714285714285
week5-m3-f10-seed43,M3,43,Portugal,source_distance,Q1,682,0.28967076457247043,14,Natural grassland and sparsely vegetated areas,4,678,0.010589999810805972,0.25
week5-m3-f10-seed43,M3,43,Portugal,source_distance,Q1,682,0.28967076457247043,15,Pastures,29,653,0.4395490507622484,0.7586206896551724
week5-m3-f10-seed43,M3,43,Portugal,source_distance,Q1,682,0.28967076457247043,16,Permanent crops,42,640,0.19738684002186202,0.0
week5-m3-f10-seed43,M3,43,Portugal,source_distance,Q1,682,0.28967076457247043,17,"Transitional woodland, shrub",150,532,0.36360190712099455,0.14666666666666667
week5-m3-f10-seed43,M3,43,Portugal,source_distance,Q1,682,0.28967076457247043,18,Urban fabric,18,664,0.07790652534418689,0.05555555555555555
week5-m3-f10-seed43,M3,43,Portugal,source_distance,Q2,717,0.2750411735533484,0,Agro-forestry areas,261,456,0.39496253194191516,0.0
week5-m3-f10-seed43,M3,43,Portugal,source_distance,Q2,717,0.2750411735533484,1,Arable land,285,432,0.6196402601853743,0.8842105263157894
week5-m3-f10-seed43,M3,43,Portugal,source_distance,Q2,717,0.2750411735533484,2,"Beaches, dunes, sands",5,712,0.06314277509929685,0.0
week5-m3-f10-seed43,M3,43,Portugal,source_distance,Q2,717,0.2750411735533484,3,Broad-leaved forest,334,383,0.47760219325910086,0.47604790419161674
week5-m3-f10-seed43,M3,43,Portugal,source_distance,Q2,717,0.2750411735533484,4,Coastal wetlands,7,710,0.009351434271293936,0.0
week5-m3-f10-seed43,M3,43,Portugal,source_distance,Q2,717,0.2750411735533484,5,Complex cultivation patterns,149,568,0.21232675716124755,0.3959731543624161
week5-m3-f10-seed43,M3,43,Portugal,source_distance,Q2,717,0.2750411735533484,6,Coniferous forest,92,625,0.14813426093743787,0.32608695652173914
week5-m3-f10-seed43,M3,43,Portugal,source_distance,Q2,717,0.2750411735533484,7,Industrial or commercial units,12,705,0.07846100641982943,0.0
week5-m3-f10-seed43,M3,43,Portugal,source_distance,Q2,717,0.2750411735533484,8,Inland waters,35,682,0.10635286786209724,0.08571428571428572
week5-m3-f10-seed43,M3,43,Portugal,source_distance,Q2,717,0.2750411735533484,9,Inland wetlands,0,717,,
week5-m3-f10-seed43,M3,43,Portugal,source_distance,Q2,717,0.2750411735533484,10,"Land principally occupied by agriculture, with significant areas of natural vegetation",141,576,0.19111145882288363,0.49645390070921985
week5-m3-f10-seed43,M3,43,Portugal,source_distance,Q2,717,0.2750411735533484,11,Marine waters,16,701,0.5279670066558582,0.5
week5-m3-f10-seed43,M3,43,Portugal,source_distance,Q2,717,0.2750411735533484,12,Mixed forest,117,600,0.22155568464757053,0.42735042735042733
week5-m3-f10-seed43,M3,43,Portugal,source_distance,Q2,717,0.2750411735533484,13,"Moors, heathland and sclerophyllous vegetation",107,610,0.24554660258784652,0.12149532710280374
week5-m3-f10-seed43,M3,43,Portugal,source_distance,Q2,717,0.2750411735533484,14,Natural grassland and sparsely vegetated areas,8,709,0.014545350781663741,0.25
week5-m3-f10-seed43,M3,43,Portugal,source_distance,Q2,717,0.2750411735533484,15,Pastures,108,609,0.2606498797322693,0.39814814814814814
week5-m3-f10-seed43,M3,43,Portugal,source_distance,Q2,717,0.2750411735533484,16,Permanent crops,176,541,0.39744819396903724,0.0
week5-m3-f10-seed43,M3,43,Portugal,source_distance,Q2,717,0.2750411735533484,17,"Transitional woodland, shrub",381,336,0.4881470548937109,0.25984251968503935
week5-m3-f10-seed43,M3,43,Portugal,source_distance,Q2,717,0.2750411735533484,18,Urban fabric,48,669,0.13612902538429872,0.1875
week5-m3-f10-seed43,M3,43,Portugal,source_distance,Q3,836,0.22743527729232577,0,Agro-forestry areas,360,476,0.4220732326188544,0.0
week5-m3-f10-seed43,M3,43,Portugal,source_distance,Q3,836,0.22743527729232577,1,Arable land,376,460,0.5644546617000226,0.9122340425531915
week5-m3-f10-seed43,M3,43,Portugal,source_distance,Q3,836,0.22743527729232577,2,"Beaches, dunes, sands",7,829,0.23512081228970766,0.0
week5-m3-f10-seed43,M3,43,Portugal,source_distance,Q3,836,0.22743527729232577,3,Broad-leaved forest,375,461,0.42501872471165464,0.576
week5-m3-f10-seed43,M3,43,Portugal,source_distance,Q3,836,0.22743527729232577,4,Coastal wetlands,14,822,0.016338822508393733,0.0
week5-m3-f10-seed43,M3,43,Portugal,source_distance,Q3,836,0.22743527729232577,5,Complex cultivation patterns,177,659,0.21928818833323271,0.4350282485875706
week5-m3-f10-seed43,M3,43,Portugal,source_distance,Q3,836,0.22743527729232577,6,Coniferous forest,83,753,0.12894782963902648,0.26506024096385544
week5-m3-f10-seed43,M3,43,Portugal,source_distance,Q3,836,0.22743527729232577,7,Industrial or commercial units,21,815,0.11906402005891839,0.0
week5-m3-f10-seed43,M3,43,Portugal,source_distance,Q3,836,0.22743527729232577,8,Inland waters,39,797,0.1600440848306837,0.1282051282051282
week5-m3-f10-seed43,M3,43,Portugal,source_distance,Q3,836,0.22743527729232577,9,Inland wetlands,1,835,0.014705882352941176,0.0
week5-m3-f10-seed43,M3,43,Portugal,source_distance,Q3,836,0.22743527729232577,10,"Land principally occupied by agriculture, with significant areas of natural vegetation",175,661,0.1998795383029633,0.6114285714285714
week5-m3-f10-seed43,M3,43,Portugal,source_distance,Q3,836,0.22743527729232577,11,Marine waters,17,819,0.17688532307276572,0.11764705882352941
week5-m3-f10-seed43,M3,43,Portugal,source_distance,Q3,836,0.22743527729232577,12,Mixed forest,135,701,0.2094436677617488,0.34074074074074073
week5-m3-f10-seed43,M3,43,Portugal,source_distance,Q3,836,0.22743527729232577,13,"Moors, heathland and sclerophyllous vegetation",118,718,0.1561593224971962,0.00847457627118644
week5-m3-f10-seed43,M3,43,Portugal,source_distance,Q3,836,0.22743527729232577,14,Natural grassland and sparsely vegetated areas,13,823,0.012602409399932775,0.07692307692307693
week5-m3-f10-seed43,M3,43,Portugal,source_distance,Q3,836,0.22743527729232577,15,Pastures,139,697,0.23899975526018433,0.39568345323741005
week5-m3-f10-seed43,M3,43,Portugal,source_distance,Q3,836,0.22743527729232577,16,Permanent crops,209,627,0.3919490316556913,0.0
week5-m3-f10-seed43,M3,43,Portugal,source_distance,Q3,836,0.22743527729232577,17,"Transitional woodland, shrub",437,399,0.5074517238871914,0.391304347826087
week5-m3-f10-seed43,M3,43,Portugal,source_distance,Q3,836,0.22743527729232577,18,Urban fabric,58,778,0.1140702732130587,0.1896551724137931
week5-m3-f10-seed43,M3,43,Portugal,source_distance,Q4,1765,0.24392388820224867,0,Agro-forestry areas,719,1046,0.365190847058538,0.0
week5-m3-f10-seed43,M3,43,Portugal,source_distance,Q4,1765,0.24392388820224867,1,Arable land,909,856,0.6448510497432638,0.9383938393839384
week5-m3-f10-seed43,M3,43,Portugal,source_distance,Q4,1765,0.24392388820224867,2,"Beaches, dunes, sands",23,1742,0.05976700717119071,0.0
week5-m3-f10-seed43,M3,43,Portugal,source_distance,Q4,1765,0.24392388820224867,3,Broad-leaved forest,745,1020,0.3518530483371653,0.6281879194630873
week5-m3-f10-seed43,M3,43,Portugal,source_distance,Q4,1765,0.24392388820224867,4,Coastal wetlands,18,1747,0.02124040926610223,0.0
week5-m3-f10-seed43,M3,43,Portugal,source_distance,Q4,1765,0.24392388820224867,5,Complex cultivation patterns,451,1314,0.2545882392999496,0.5521064301552107
week5-m3-f10-seed43,M3,43,Portugal,source_distance,Q4,1765,0.24392388820224867,6,Coniferous forest,168,1597,0.12845504011873782,0.31547619047619047
week5-m3-f10-seed43,M3,43,Portugal,source_distance,Q4,1765,0.24392388820224867,7,Industrial or commercial units,57,1708,0.11835703671757228,0.03508771929824561
week5-m3-f10-seed43,M3,43,Portugal,source_distance,Q4,1765,0.24392388820224867,8,Inland waters,125,1640,0.2900296013043641,0.176
week5-m3-f10-seed43,M3,43,Portugal,source_distance,Q4,1765,0.24392388820224867,9,Inland wetlands,3,1762,0.007411468877534626,0.0
week5-m3-f10-seed43,M3,43,Portugal,source_distance,Q4,1765,0.24392388820224867,10,"Land principally occupied by agriculture, with significant areas of natural vegetation",386,1379,0.18606842384456215,0.5621761658031088
week5-m3-f10-seed43,M3,43,Portugal,source_distance,Q4,1765,0.24392388820224867,11,Marine waters,36,1729,0.1559776982827707,0.027777777777777776
week5-m3-f10-seed43,M3,43,Portugal,source_distance,Q4,1765,0.24392388820224867,12,Mixed forest,275,1490,0.1721604459494443,0.26181818181818184
week5-m3-f10-seed43,M3,43,Portugal,source_distance,Q4,1765,0.24392388820224867,13,"Moors, heathland and sclerophyllous vegetation",247,1518,0.17190311976049233,0.004048582995951417
week5-m3-f10-seed43,M3,43,Portugal,source_distance,Q4,1765,0.24392388820224867,14,Natural grassland and sparsely vegetated areas,25,1740,0.016307611910309782,0.16
week5-m3-f10-seed43,M3,43,Portugal,source_distance,Q4,1765,0.24392388820224867,15,Pastures,303,1462,0.21846071701794006,0.40264026402640263
week5-m3-f10-seed43,M3,43,Portugal,source_distance,Q4,1765,0.24392388820224867,16,Permanent crops,536,1229,0.4423321079437845,0.0
week5-m3-f10-seed43,M3,43,Portugal,source_distance,Q4,1765,0.24392388820224867,17,"Transitional woodland, shrub",784,981,0.47748490747880107,0.35841836734693877
week5-m3-f10-seed43,M3,43,Portugal,source_distance,Q4,1765,0.24392388820224867,18,Urban fabric,201,1564,0.26654169464928595,0.263681592039801
week5-m4-f10-seed17,M4,17,I,label_count,1,946,0.4687774373679797,0,Agro-forestry areas,0,946,,
week5-m4-f10-seed17,M4,17,I,label_count,1,946,0.4687774373679797,1,Arable land,210,736,0.7486791024708274,0.9714285714285714
week5-m4-f10-seed17,M4,17,I,label_count,1,946,0.4687774373679797,2,"Beaches, dunes, sands",0,946,,
week5-m4-f10-seed17,M4,17,I,label_count,1,946,0.4687774373679797,3,Broad-leaved forest,1,945,0.04,1.0
week5-m4-f10-seed17,M4,17,I,label_count,1,946,0.4687774373679797,4,Coastal wetlands,0,946,,
week5-m4-f10-seed17,M4,17,I,label_count,1,946,0.4687774373679797,5,Complex cultivation patterns,1,945,0.07692307692307693,1.0
week5-m4-f10-seed17,M4,17,I,label_count,1,946,0.4687774373679797,6,Coniferous forest,16,930,0.9072801741387266,1.0
week5-m4-f10-seed17,M4,17,I,label_count,1,946,0.4687774373679797,7,Industrial or commercial units,0,946,,
week5-m4-f10-seed17,M4,17,I,label_count,1,946,0.4687774373679797,8,Inland waters,4,942,0.259876296350332,0.25
week5-m4-f10-seed17,M4,17,I,label_count,1,946,0.4687774373679797,9,Inland wetlands,14,932,0.009834758194282974,0.0
week5-m4-f10-seed17,M4,17,I,label_count,1,946,0.4687774373679797,10,"Land principally occupied by agriculture, with significant areas of natural vegetation",0,946,,
week5-m4-f10-seed17,M4,17,I,label_count,1,946,0.4687774373679797,11,Marine waters,543,403,0.995411485774523,0.9484346224677717
week5-m4-f10-seed17,M4,17,I,label_count,1,946,0.4687774373679797,12,Mixed forest,2,944,0.1388888888888889,1.0
week5-m4-f10-seed17,M4,17,I,label_count,1,946,0.4687774373679797,13,"Moors, heathland and sclerophyllous vegetation",2,944,0.0025495953126420954,0.0
week5-m4-f10-seed17,M4,17,I,label_count,1,946,0.4687774373679797,14,Natural grassland and sparsely vegetated areas,0,946,,
week5-m4-f10-seed17,M4,17,I,label_count,1,946,0.4687774373679797,15,Pastures,152,794,0.977108432994477,0.9342105263157895
week5-m4-f10-seed17,M4,17,I,label_count,1,946,0.4687774373679797,16,Permanent crops,0,946,,
week5-m4-f10-seed17,M4,17,I,label_count,1,946,0.4687774373679797,17,"Transitional woodland, shrub",0,946,,
week5-m4-f10-seed17,M4,17,I,label_count,1,946,0.4687774373679797,18,Urban fabric,1,945,1.0,1.0
week5-m4-f10-seed17,M4,17,I,label_count,2,495,0.3537732243292657,0,Agro-forestry areas,0,495,,
week5-m4-f10-seed17,M4,17,I,label_count,2,495,0.3537732243292657,1,Arable land,157,338,0.6901021303132042,0.9617834394904459
week5-m4-f10-seed17,M4,17,I,label_count,2,495,0.3537732243292657,2,"Beaches, dunes, sands",5,490,0.09131873058872325,0.0
week5-m4-f10-seed17,M4,17,I,label_count,2,495,0.3537732243292657,3,Broad-leaved forest,62,433,0.3285931439069424,0.7741935483870968
week5-m4-f10-seed17,M4,17,I,label_count,2,495,0.3537732243292657,4,Coastal wetlands,0,495,,
week5-m4-f10-seed17,M4,17,I,label_count,2,495,0.3537732243292657,5,Complex cultivation patterns,42,453,0.10233782754402214,0.47619047619047616
week5-m4-f10-seed17,M4,17,I,label_count,2,495,0.3537732243292657,6,Coniferous forest,70,425,0.7374327222987739,0.8571428571428571
week5-m4-f10-seed17,M4,17,I,label_count,2,495,0.3537732243292657,7,Industrial or commercial units,17,478,0.26052159092227506,0.17647058823529413
week5-m4-f10-seed17,M4,17,I,label_count,2,495,0.3537732243292657,8,Inland waters,28,467,0.3065981282084425,0.25
week5-m4-f10-seed17,M4,17,I,label_count,2,495,0.3537732243292657,9,Inland wetlands,65,430,0.11014290484881635,0.0
week5-m4-f10-seed17,M4,17,I,label_count,2,495,0.3537732243292657,10,"Land principally occupied by agriculture, with significant areas of natural vegetation",118,377,0.17539144446464303,0.11016949152542373
week5-m4-f10-seed17,M4,17,I,label_count,2,495,0.3537732243292657,11,Marine waters,13,482,0.7983623166710523,0.7692307692307693
week5-m4-f10-seed17,M4,17,I,label_count,2,495,0.3537732243292657,12,Mixed forest,64,431,0.4340521294880618,0.75
week5-m4-f10-seed17,M4,17,I,label_count,2,495,0.3537732243292657,13,"Moors, heathland and sclerophyllous vegetation",20,475,0.05953001660951109,0.0
week5-m4-f10-seed17,M4,17,I,label_count,2,495,0.3537732243292657,14,Natural grassland and sparsely vegetated areas,7,488,0.018160364116389407,0.0
week5-m4-f10-seed17,M4,17,I,label_count,2,495,0.3537732243292657,15,Pastures,217,278,0.9009801637935098,0.8571428571428571
week5-m4-f10-seed17,M4,17,I,label_count,2,495,0.3537732243292657,16,Permanent crops,15,480,0.1621275063320097,0.0
week5-m4-f10-seed17,M4,17,I,label_count,2,495,0.3537732243292657,17,"Transitional woodland, shrub",25,470,0.04311269773376194,0.12
week5-m4-f10-seed17,M4,17,I,label_count,2,495,0.3537732243292657,18,Urban fabric,65,430,0.5329265020168359,0.5384615384615384
week5-m4-f10-seed17,M4,17,I,label_count,3,645,0.4022467488532989,0,Agro-forestry areas,0,645,,
week5-m4-f10-seed17,M4,17,I,label_count,3,645,0.4022467488532989,1,Arable land,215,430,0.7518946068706732,0.9069767441860465
week5-m4-f10-seed17,M4,17,I,label_count,3,645,0.4022467488532989,2,"Beaches, dunes, sands",9,636,0.14727853981671574,0.0
week5-m4-f10-seed17,M4,17,I,label_count,3,645,0.4022467488532989,3,Broad-leaved forest,176,469,0.4115118709301422,0.7159090909090909
week5-m4-f10-seed17,M4,17,I,label_count,3,645,0.4022467488532989,4,Coastal wetlands,0,645,,
week5-m4-f10-seed17,M4,17,I,label_count,3,645,0.4022467488532989,5,Complex cultivation patterns,165,480,0.39381763920526575,0.7272727272727273
week5-m4-f10-seed17,M4,17,I,label_count,3,645,0.4022467488532989,6,Coniferous forest,187,458,0.759091908858007,0.7914438502673797
week5-m4-f10-seed17,M4,17,I,label_count,3,645,0.4022467488532989,7,Industrial or commercial units,18,627,0.20529924028017482,0.16666666666666666
week5-m4-f10-seed17,M4,17,I,label_count,3,645,0.4022467488532989,8,Inland waters,38,607,0.4063392626884989,0.39473684210526316
week5-m4-f10-seed17,M4,17,I,label_count,3,645,0.4022467488532989,9,Inland wetlands,81,564,0.140502564304778,0.012345679012345678
week5-m4-f10-seed17,M4,17,I,label_count,3,645,0.4022467488532989,10,"Land principally occupied by agriculture, with significant areas of natural vegetation",158,487,0.283907434341964,0.6392405063291139
week5-m4-f10-seed17,M4,17,I,label_count,3,645,0.4022467488532989,11,Marine waters,34,611,0.7239392767928214,0.35294117647058826
week5-m4-f10-seed17,M4,17,I,label_count,3,645,0.4022467488532989,12,Mixed forest,227,418,0.5809863317460673,0.7797356828193832
week5-m4-f10-seed17,M4,17,I,label_count,3,645,0.4022467488532989,13,"Moors, heathland and sclerophyllous vegetation",33,612,0.06496782715176752,0.0
week5-m4-f10-seed17,M4,17,I,label_count,3,645,0.4022467488532989,14,Natural grassland and sparsely vegetated areas,21,624,0.07536433039636396,0.09523809523809523
week5-m4-f10-seed17,M4,17,I,label_count,3,645,0.4022467488532989,15,Pastures,262,383,0.6572595587095201,0.732824427480916
week5-m4-f10-seed17,M4,17,I,label_count,3,645,0.4022467488532989,16,Permanent crops,35,610,0.11099649063672404,0.0
week5-m4-f10-seed17,M4,17,I,label_count,3,645,0.4022467488532989,17,"Transitional woodland, shrub",85,560,0.15376788394445207,0.3176470588235294
week5-m4-f10-seed17,M4,17,I,label_count,3,645,0.4022467488532989,18,Urban fabric,191,454,0.7163017547955624,0.6335078534031413
week5-m4-f10-seed17,M4,17,I,label_count,4+,914,0.4348916330214999,0,Agro-forestry areas,0,914,,
week5-m4-f10-seed17,M4,17,I,label_count,4+,914,0.4348916330214999,1,Arable land,454,460,0.7675868299199892,0.8502202643171806
week5-m4-f10-seed17,M4,17,I,label_count,4+,914,0.4348916330214999,2,"Beaches, dunes, sands",10,904,0.06466830462035396,0.0
week5-m4-f10-seed17,M4,17,I,label_count,4+,914,0.4348916330214999,3,Broad-leaved forest,479,435,0.6171394108284496,0.7369519832985386
week5-m4-f10-seed17,M4,17,I,label_count,4+,914,0.4348916330214999,4,Coastal wetlands,1,913,0.0012755102040816326,0.0
week5-m4-f10-seed17,M4,17,I,label_count,4+,914,0.4348916330214999,5,Complex cultivation patterns,457,457,0.5985620463676917,0.7264770240700219
week5-m4-f10-seed17,M4,17,I,label_count,4+,914,0.4348916330214999,6,Coniferous forest,307,607,0.6272781373337272,0.6840390879478827
week5-m4-f10-seed17,M4,17,I,label_count,4+,914,0.4348916330214999,7,Industrial or commercial units,52,862,0.3318248591622837,0.15384615384615385
week5-m4-f10-seed17,M4,17,I,label_count,4+,914,0.4348916330214999,8,Inland waters,138,776,0.4043726877316407,0.32608695652173914
week5-m4-f10-seed17,M4,17,I,label_count,4+,914,0.4348916330214999,9,Inland wetlands,113,801,0.18048315755563774,0.017699115044247787
week5-m4-f10-seed17,M4,17,I,label_count,4+,914,0.4348916330214999,10,"Land principally occupied by agriculture, with significant areas of natural vegetation",418,496,0.5254586914416771,0.7727272727272727
week5-m4-f10-seed17,M4,17,I,label_count,4+,914,0.4348916330214999,11,Marine waters,27,887,0.1902216535664295,0.07407407407407407
week5-m4-f10-seed17,M4,17,I,label_count,4+,914,0.4348916330214999,12,Mixed forest,519,395,0.7002765040980752,0.6859344894026975
week5-m4-f10-seed17,M4,17,I,label_count,4+,914,0.4348916330214999,13,"Moors, heathland and sclerophyllous vegetation",52,862,0.11989731629366542,0.019230769230769232
week5-m4-f10-seed17,M4,17,I,label_count,4+,914,0.4348916330214999,14,Natural grassland and sparsely vegetated areas,42,872,0.07815404513143381,0.09523809523809523
week5-m4-f10-seed17,M4,17,I,label_count,4+,914,0.4348916330214999,15,Pastures,469,445,0.6868631227882969,0.7228144989339019
week5-m4-f10-seed17,M4,17,I,label_count,4+,914,0.4348916330214999,16,Permanent crops,101,813,0.14017683309326748,0.0
week5-m4-f10-seed17,M4,17,I,label_count,4+,914,0.4348916330214999,17,"Transitional woodland, shrub",216,698,0.3105181847565213,0.48148148148148145
week5-m4-f10-seed17,M4,17,I,label_count,4+,914,0.4348916330214999,18,Urban fabric,356,558,0.679452648275212,0.5084269662921348
week5-m4-f10-seed17,M4,17,I,quarter,Q1,81,0.40993291022986666,0,Agro-forestry areas,0,81,,
week5-m4-f10-seed17,M4,17,I,quarter,Q1,81,0.40993291022986666,1,Arable land,52,29,0.6539172505656919,0.4807692307692308
week5-m4-f10-seed17,M4,17,I,quarter,Q1,81,0.40993291022986666,2,"Beaches, dunes, sands",0,81,,
week5-m4-f10-seed17,M4,17,I,quarter,Q1,81,0.40993291022986666,3,Broad-leaved forest,35,46,0.3852695914460893,0.8571428571428571
week5-m4-f10-seed17,M4,17,I,quarter,Q1,81,0.40993291022986666,4,Coastal wetlands,0,81,,
week5-m4-f10-seed17,M4,17,I,quarter,Q1,81,0.40993291022986666,5,Complex cultivation patterns,62,19,0.7645660330878881,0.43548387096774194
week5-m4-f10-seed17,M4,17,I,quarter,Q1,81,0.40993291022986666,6,Coniferous forest,16,65,0.4817402128447204,0.375
week5-m4-f10-seed17,M4,17,I,quarter,Q1,81,0.40993291022986666,7,Industrial or commercial units,1,80,0.05,0.0
week5-m4-f10-seed17,M4,17,I,quarter,Q1,81,0.40993291022986666,8,Inland waters,20,61,0.38626253298504265,0.0
week5-m4-f10-seed17,M4,17,I,quarter,Q1,81,0.40993291022986666,9,Inland wetlands,5,76,0.09266884239624555,0.0
week5-m4-f10-seed17,M4,17,I,quarter,Q1,81,0.40993291022986666,10,"Land principally occupied by agriculture, with significant areas of natural vegetation",48,33,0.5529603390879043,0.8125
week5-m4-f10-seed17,M4,17,I,quarter,Q1,81,0.40993291022986666,11,Marine waters,0,81,,
week5-m4-f10-seed17,M4,17,I,quarter,Q1,81,0.40993291022986666,12,Mixed forest,39,42,0.7727978648287256,0.05128205128205128
week5-m4-f10-seed17,M4,17,I,quarter,Q1,81,0.40993291022986666,13,"Moors, heathland and sclerophyllous vegetation",0,81,,
week5-m4-f10-seed17,M4,17,I,quarter,Q1,81,0.40993291022986666,14,Natural grassland and sparsely vegetated areas,0,81,,
week5-m4-f10-seed17,M4,17,I,quarter,Q1,81,0.40993291022986666,15,Pastures,55,26,0.7442812683027349,0.0
week5-m4-f10-seed17,M4,17,I,quarter,Q1,81,0.40993291022986666,16,Permanent crops,2,79,0.028612012987012988,0.0
week5-m4-f10-seed17,M4,17,I,quarter,Q1,81,0.40993291022986666,17,"Transitional woodland, shrub",18,63,0.29253168647546374,0.8333333333333334
week5-m4-f10-seed17,M4,17,I,quarter,Q1,81,0.40993291022986666,18,Urban fabric,14,67,0.1235201979807475,0.0
week5-m4-f10-seed17,M4,17,I,quarter,Q2,391,0.4589444284414823,0,Agro-forestry areas,0,391,,
week5-m4-f10-seed17,M4,17,I,quarter,Q2,391,0.4589444284414823,1,Arable land,151,240,0.791591783204918,0.8874172185430463
week5-m4-f10-seed17,M4,17,I,quarter,Q2,391,0.4589444284414823,2,"Beaches, dunes, sands",0,391,,
week5-m4-f10-seed17,M4,17,I,quarter,Q2,391,0.4589444284414823,3,Broad-leaved forest,153,238,0.7052825853583673,0.7450980392156863
week5-m4-f10-seed17,M4,17,I,quarter,Q2,391,0.4589444284414823,4,Coastal wetlands,0,391,,
week5-m4-f10-seed17,M4,17,I,quarter,Q2,391,0.4589444284414823,5,Complex cultivation patterns,127,264,0.4320999288274383,0.7322834645669292
week5-m4-f10-seed17,M4,17,I,quarter,Q2,391,0.4589444284414823,6,Coniferous forest,129,262,0.8113278791070039,0.8527131782945736
week5-m4-f10-seed17,M4,17,I,quarter,Q2,391,0.4589444284414823,7,Industrial or commercial units,16,375,0.431607339839138,0.25
week5-m4-f10-seed17,M4,17,I,quarter,Q2,391,0.4589444284414823,8,Inland waters,19,372,0.5341570184674085,0.3684210526315789
week5-m4-f10-seed17,M4,17,I,quarter,Q2,391,0.4589444284414823,9,Inland wetlands,33,358,0.17019178222764997,0.0
week5-m4-f10-seed17,M4,17,I,quarter,Q2,391,0.4589444284414823,10,"Land principally occupied by agriculture, with significant areas of natural vegetation",91,300,0.29297830162816746,0.8131868131868132
week5-m4-f10-seed17,M4,17,I,quarter,Q2,391,0.4589444284414823,11,Marine waters,0,391,,
week5-m4-f10-seed17,M4,17,I,quarter,Q2,391,0.4589444284414823,12,Mixed forest,190,201,0.7325926625208284,0.7263157894736842
week5-m4-f10-seed17,M4,17,I,quarter,Q2,391,0.4589444284414823,13,"Moors, heathland and sclerophyllous vegetation",12,379,0.08785500350222664,0.08333333333333333
week5-m4-f10-seed17,M4,17,I,quarter,Q2,391,0.4589444284414823,14,Natural grassland and sparsely vegetated areas,6,385,0.09515077571178471,0.16666666666666666
week5-m4-f10-seed17,M4,17,I,quarter,Q2,391,0.4589444284414823,15,Pastures,157,234,0.7388183584229107,0.7452229299363057
week5-m4-f10-seed17,M4,17,I,quarter,Q2,391,0.4589444284414823,16,Permanent crops,29,362,0.15047205655368762,0.0
week5-m4-f10-seed17,M4,17,I,quarter,Q2,391,0.4589444284414823,17,"Transitional woodland, shrub",54,337,0.19938707213899612,0.1111111111111111
week5-m4-f10-seed17,M4,17,I,quarter,Q2,391,0.4589444284414823,18,Urban fabric,164,227,0.7106538791117091,0.7378048780487805
week5-m4-f10-seed17,M4,17,I,quarter,Q3,1919,0.3948958655113022,0,Agro-forestry areas,0,1919,,
week5-m4-f10-seed17,M4,17,I,quarter,Q3,1919,0.3948958655113022,1,Arable land,474,1445,0.49855992781423136,0.9282700421940928
week5-m4-f10-seed17,M4,17,I,quarter,Q3,1919,0.3948958655113022,2,"Beaches, dunes, sands",24,1895,0.03729177565351403,0.0
week5-m4-f10-seed17,M4,17,I,quarter,Q3,1919,0.3948958655113022,3,Broad-leaved forest,375,1544,0.3438997114464738,0.736
week5-m4-f10-seed17,M4,17,I,quarter,Q3,1919,0.3948958655113022,4,Coastal wetlands,1,1918,0.0006180469715698393,0.0
week5-m4-f10-seed17,M4,17,I,quarter,Q3,1919,0.3948958655113022,5,Complex cultivation patterns,347,1572,0.40611883400411036,0.8213256484149856
week5-m4-f10-seed17,M4,17,I,quarter,Q3,1919,0.3948958655113022,6,Coniferous forest,313,1606,0.6750862220007651,0.7060702875399361
week5-m4-f10-seed17,M4,17,I,quarter,Q3,1919,0.3948958655113022,7,Industrial or commercial units,34,1885,0.2907522624858676,0.14705882352941177
week5-m4-f10-seed17,M4,17,I,quarter,Q3,1919,0.3948958655113022,8,Inland waters,140,1779,0.3794807358455612,0.39285714285714285
week5-m4-f10-seed17,M4,17,I,quarter,Q3,1919,0.3948958655113022,9,Inland wetlands,177,1742,0.09103102326950958,0.01694915254237288
week5-m4-f10-seed17,M4,17,I,quarter,Q3,1919,0.3948958655113022,10,"Land principally occupied by agriculture, with significant areas of natural vegetation",466,1453,0.3817778079893008,0.6030042918454935
week5-m4-f10-seed17,M4,17,I,quarter,Q3,1919,0.3948958655113022,11,Marine waters,617,1302,0.9731675791726323,0.873581847649919
week5-m4-f10-seed17,M4,17,I,quarter,Q3,1919,0.3948958655113022,12,Mixed forest,407,1512,0.5316835619094203,0.7469287469287469
week5-m4-f10-seed17,M4,17,I,quarter,Q3,1919,0.3948958655113022,13,"Moors, heathland and sclerophyllous vegetation",85,1834,0.08253799157546993,0.0
week5-m4-f10-seed17,M4,17,I,quarter,Q3,1919,0.3948958655113022,14,Natural grassland and sparsely vegetated areas,50,1869,0.0809681029845488,0.08
week5-m4-f10-seed17,M4,17,I,quarter,Q3,1919,0.3948958655113022,15,Pastures,731,1188,0.8184267130362919,0.8686730506155951
week5-m4-f10-seed17,M4,17,I,quarter,Q3,1919,0.3948958655113022,16,Permanent crops,57,1862,0.03737600279172421,0.0
week5-m4-f10-seed17,M4,17,I,quarter,Q3,1919,0.3948958655113022,17,"Transitional woodland, shrub",190,1729,0.16787286028635526,0.5157894736842106
week5-m4-f10-seed17,M4,17,I,quarter,Q3,1919,0.3948958655113022,18,Urban fabric,236,1683,0.5595945115685723,0.4703389830508475
week5-m4-f10-seed17,M4,17,I,quarter,Q4,609,0.3646929782731199,0,Agro-forestry areas,0,609,,
week5-m4-f10-seed17,M4,17,I,quarter,Q4,609,0.3646929782731199,1,Arable land,359,250,0.9173417400994227,0.9387186629526463
week5-m4-f10-seed17,M4,17,I,quarter,Q4,609,0.3646929782731199,2,"Beaches, dunes, sands",0,609,,
week5-m4-f10-seed17,M4,17,I,quarter,Q4,609,0.3646929782731199,3,Broad-leaved forest,155,454,0.3922938478423705,0.6967741935483871
week5-m4-f10-seed17,M4,17,I,quarter,Q4,609,0.3646929782731199,4,Coastal wetlands,0,609,,
week5-m4-f10-seed17,M4,17,I,quarter,Q4,609,0.3646929782731199,5,Complex cultivation patterns,129,480,0.37302399425576954,0.5271317829457365
week5-m4-f10-seed17,M4,17,I,quarter,Q4,609,0.3646929782731199,6,Coniferous forest,122,487,0.665430298230043,0.7950819672131147
week5-m4-f10-seed17,M4,17,I,quarter,Q4,609,0.3646929782731199,7,Industrial or commercial units,36,573,0.2220449738461959,0.1388888888888889
week5-m4-f10-seed17,M4,17,I,quarter,Q4,609,0.3646929782731199,8,Inland waters,29,580,0.1344859982104608,0.20689655172413793
week5-m4-f10-seed17,M4,17,I,quarter,Q4,609,0.3646929782731199,9,Inland wetlands,58,551,0.10459701005881061,0.0
week5-m4-f10-seed17,M4,17,I,quarter,Q4,609,0.3646929782731199,10,"Land principally occupied by agriculture, with significant areas of natural vegetation",89,520,0.24322195532652938,0.48314606741573035
week5-m4-f10-seed17,M4,17,I,quarter,Q4,609,0.3646929782731199,11,Marine waters,0,609,,
week5-m4-f10-seed17,M4,17,I,quarter,Q4,609,0.3646929782731199,12,Mixed forest,176,433,0.575929370984673,0.7897727272727273
week5-m4-f10-seed17,M4,17,I,quarter,Q4,609,0.3646929782731199,13,"Moors, heathland and sclerophyllous vegetation",10,599,0.038373598347123325,0.0
week5-m4-f10-seed17,M4,17,I,quarter,Q4,609,0.3646929782731199,14,Natural grassland and sparsely vegetated areas,14,595,0.05450697507556727,0.07142857142857142
week5-m4-f10-seed17,M4,17,I,quarter,Q4,609,0.3646929782731199,15,Pastures,157,452,0.6454010738643463,0.6815286624203821
week5-m4-f10-seed17,M4,17,I,quarter,Q4,609,0.3646929782731199,16,Permanent crops,63,546,0.1927978670479822,0.0
week5-m4-f10-seed17,M4,17,I,quarter,Q4,609,0.3646929782731199,17,"Transitional woodland, shrub",64,545,0.19267911061992385,0.234375
week5-m4-f10-seed17,M4,17,I,quarter,Q4,609,0.3646929782731199,18,Urban fabric,199,410,0.7182668602875808,0.5326633165829145
week5-m4-f10-seed17,M4,17,I,country,Austria,752,0.3726772209520662,0,Agro-forestry areas,0,752,,
week5-m4-f10-seed17,M4,17,I,country,Austria,752,0.3726772209520662,1,Arable land,499,253,0.8857541236905744,0.9038076152304609
week5-m4-f10-seed17,M4,17,I,country,Austria,752,0.3726772209520662,2,"Beaches, dunes, sands",0,752,,
week5-m4-f10-seed17,M4,17,I,country,Austria,752,0.3726772209520662,3,Broad-leaved forest,424,328,0.7847323339764735,0.7122641509433962
week5-m4-f10-seed17,M4,17,I,country,Austria,752,0.3726772209520662,4,Coastal wetlands,0,752,,
week5-m4-f10-seed17,M4,17,I,country,Austria,752,0.3726772209520662,5,Complex cultivation patterns,288,464,0.47245016379872873,0.7638888888888888
week5-m4-f10-seed17,M4,17,I,country,Austria,752,0.3726772209520662,6,Coniferous forest,136,616,0.5834126378156836,0.6985294117647058
week5-m4-f10-seed17,M4,17,I,country,Austria,752,0.3726772209520662,7,Industrial or commercial units,16,736,0.34468256927275415,0.3125
week5-m4-f10-seed17,M4,17,I,country,Austria,752,0.3726772209520662,8,Inland waters,52,700,0.16385944188135015,0.19230769230769232
week5-m4-f10-seed17,M4,17,I,country,Austria,752,0.3726772209520662,9,Inland wetlands,36,716,0.06214878910541729,0.0
week5-m4-f10-seed17,M4,17,I,country,Austria,752,0.3726772209520662,10,"Land principally occupied by agriculture, with significant areas of natural vegetation",193,559,0.35406732808402513,0.7461139896373057
week5-m4-f10-seed17,M4,17,I,country,Austria,752,0.3726772209520662,11,Marine waters,0,752,,
week5-m4-f10-seed17,M4,17,I,country,Austria,752,0.3726772209520662,12,Mixed forest,311,441,0.5391241891243836,0.6077170418006431
week5-m4-f10-seed17,M4,17,I,country,Austria,752,0.3726772209520662,13,"Moors, heathland and sclerophyllous vegetation",2,750,0.023412698412698413,0.0
week5-m4-f10-seed17,M4,17,I,country,Austria,752,0.3726772209520662,14,Natural grassland and sparsely vegetated areas,30,722,0.11789825728930017,0.2
week5-m4-f10-seed17,M4,17,I,country,Austria,752,0.3726772209520662,15,Pastures,171,581,0.40358206063121,0.8070175438596491
week5-m4-f10-seed17,M4,17,I,country,Austria,752,0.3726772209520662,16,Permanent crops,108,644,0.18050656196603446,0.0
week5-m4-f10-seed17,M4,17,I,country,Austria,752,0.3726772209520662,17,"Transitional woodland, shrub",42,710,0.08782820615865349,0.4523809523809524
week5-m4-f10-seed17,M4,17,I,country,Austria,752,0.3726772209520662,18,Urban fabric,235,517,0.586698953073706,0.5659574468085107
week5-m4-f10-seed17,M4,17,I,country,Belgium,376,0.42136754658236525,0,Agro-forestry areas,0,376,,
week5-m4-f10-seed17,M4,17,I,country,Belgium,376,0.42136754658236525,1,Arable land,12,364,0.1014503201232728,0.9166666666666666
week5-m4-f10-seed17,M4,17,I,country,Belgium,376,0.42136754658236525,2,"Beaches, dunes, sands",0,376,,
week5-m4-f10-seed17,M4,17,I,country,Belgium,376,0.42136754658236525,3,Broad-leaved forest,94,282,0.28810680436694747,0.7127659574468085
week5-m4-f10-seed17,M4,17,I,country,Belgium,376,0.42136754658236525,4,Coastal wetlands,0,376,,
week5-m4-f10-seed17,M4,17,I,country,Belgium,376,0.42136754658236525,5,Complex cultivation patterns,74,302,0.5114587144874835,0.918918918918919
week5-m4-f10-seed17,M4,17,I,country,Belgium,376,0.42136754658236525,6,Coniferous forest,184,192,0.8064917094704708,0.9130434782608695
week5-m4-f10-seed17,M4,17,I,country,Belgium,376,0.42136754658236525,7,Industrial or commercial units,26,350,0.3903676731928364,0.23076923076923078
week5-m4-f10-seed17,M4,17,I,country,Belgium,376,0.42136754658236525,8,Inland waters,9,367,0.33991649174168287,0.2222222222222222
week5-m4-f10-seed17,M4,17,I,country,Belgium,376,0.42136754658236525,9,Inland wetlands,52,324,0.3501516645962758,0.0
week5-m4-f10-seed17,M4,17,I,country,Belgium,376,0.42136754658236525,10,"Land principally occupied by agriculture, with significant areas of natural vegetation",79,297,0.27414922741843273,0.7848101265822784
week5-m4-f10-seed17,M4,17,I,country,Belgium,376,0.42136754658236525,11,Marine waters,0,376,,
week5-m4-f10-seed17,M4,17,I,country,Belgium,376,0.42136754658236525,12,Mixed forest,198,178,0.7194590831799469,0.9292929292929293
week5-m4-f10-seed17,M4,17,I,country,Belgium,376,0.42136754658236525,13,"Moors, heathland and sclerophyllous vegetation",22,354,0.09673728429181049,0.045454545454545456
week5-m4-f10-seed17,M4,17,I,country,Belgium,376,0.42136754658236525,14,Natural grassland and sparsely vegetated areas,5,371,0.02811661456822747,0.0
week5-m4-f10-seed17,M4,17,I,country,Belgium,376,0.42136754658236525,15,Pastures,239,137,0.8771255702276161,0.7824267782426778
week5-m4-f10-seed17,M4,17,I,country,Belgium,376,0.42136754658236525,16,Permanent crops,0,376,,
week5-m4-f10-seed17,M4,17,I,country,Belgium,376,0.42136754658236525,17,"Transitional woodland, shrub",71,305,0.2148720639539948,0.07042253521126761
week5-m4-f10-seed17,M4,17,I,country,Belgium,376,0.42136754658236525,18,Urban fabric,196,180,0.9007424305341156,0.6683673469387755
week5-m4-f10-seed17,M4,17,I,country,Ireland,744,0.33963610374559383,0,Agro-forestry areas,0,744,,
week5-m4-f10-seed17,M4,17,I,country,Ireland,744,0.33963610374559383,1,Arable land,19,725,0.07872954510940212,0.8947368421052632
week5-m4-f10-seed17,M4,17,I,country,Ireland,744,0.33963610374559383,2,"Beaches, dunes, sands",4,740,0.06659425546599183,0.0
week5-m4-f10-seed17,M4,17,I,country,Ireland,744,0.33963610374559383,3,Broad-leaved forest,2,742,0.004849002849002849,1.0
week5-m4-f10-seed17,M4,17,I,country,Ireland,744,0.33963610374559383,4,Coastal wetlands,1,743,0.001890359168241966,0.0
week5-m4-f10-seed17,M4,17,I,country,Ireland,744,0.33963610374559383,5,Complex cultivation patterns,11,733,0.08571988019552411,0.6363636363636364
week5-m4-f10-seed17,M4,17,I,country,Ireland,744,0.33963610374559383,6,Coniferous forest,70,674,0.45922263371750766,0.32857142857142857
week5-m4-f10-seed17,M4,17,I,country,Ireland,744,0.33963610374559383,7,Industrial or commercial units,8,736,0.385702555334547,0.0
week5-m4-f10-seed17,M4,17,I,country,Ireland,744,0.33963610374559383,8,Inland waters,23,721,0.5994941483897948,0.6086956521739131
week5-m4-f10-seed17,M4,17,I,country,Ireland,744,0.33963610374559383,9,Inland wetlands,134,610,0.14895723299736593,0.022388059701492536
week5-m4-f10-seed17,M4,17,I,country,Ireland,744,0.33963610374559383,10,"Land principally occupied by agriculture, with significant areas of natural vegetation",171,573,0.30940455919022536,0.23391812865497075
week5-m4-f10-seed17,M4,17,I,country,Ireland,744,0.33963610374559383,11,Marine waters,258,486,0.9733944589522531,0.8914728682170543
week5-m4-f10-seed17,M4,17,I,country,Ireland,744,0.33963610374559383,12,Mixed forest,25,719,0.22595244106424292,0.76
week5-m4-f10-seed17,M4,17,I,country,Ireland,744,0.33963610374559383,13,"Moors, heathland and sclerophyllous vegetation",76,668,0.10782023886674415,0.0
week5-m4-f10-seed17,M4,17,I,country,Ireland,744,0.33963610374559383,14,Natural grassland and sparsely vegetated areas,28,716,0.12845139951552792,0.0
week5-m4-f10-seed17,M4,17,I,country,Ireland,744,0.33963610374559383,15,Pastures,474,270,0.9820938411032504,0.9029535864978903
week5-m4-f10-seed17,M4,17,I,country,Ireland,744,0.33963610374559383,16,Permanent crops,0,744,,
week5-m4-f10-seed17,M4,17,I,country,Ireland,744,0.33963610374559383,17,"Transitional woodland, shrub",47,697,0.09515094571307009,0.23404255319148937
week5-m4-f10-seed17,M4,17,I,country,Ireland,744,0.33963610374559383,18,Urban fabric,55,689,0.5095986731854492,0.4727272727272727
week5-m4-f10-seed17,M4,17,I,country,Lithuania,752,0.40869041073914714,0,Agro-forestry areas,0,752,,
week5-m4-f10-seed17,M4,17,I,country,Lithuania,752,0.40869041073914714,1,Arable land,174,578,0.6977383748064548,0.7413793103448276
week5-m4-f10-seed17,M4,17,I,country,Lithuania,752,0.40869041073914714,2,"Beaches, dunes, sands",20,732,0.04592694263601609,0.0
week5-m4-f10-seed17,M4,17,I,country,Lithuania,752,0.40869041073914714,3,Broad-leaved forest,156,596,0.33989983692460685,0.8012820512820513
week5-m4-f10-seed17,M4,17,I,country,Lithuania,752,0.40869041073914714,4,Coastal wetlands,0,752,,
week5-m4-f10-seed17,M4,17,I,country,Lithuania,752,0.40869041073914714,5,Complex cultivation patterns,199,553,0.6207711834727252,0.6130653266331658
week5-m4-f10-seed17,M4,17,I,country,Lithuania,752,0.40869041073914714,6,Coniferous forest,179,573,0.8184491491229643,0.8268156424581006
week5-m4-f10-seed17,M4,17,I,country,Lithuania,752,0.40869041073914714,7,Industrial or commercial units,11,741,0.23696783180037118,0.18181818181818182
week5-m4-f10-seed17,M4,17,I,country,Lithuania,752,0.40869041073914714,8,Inland waters,109,643,0.3455628768597674,0.3486238532110092
week5-m4-f10-seed17,M4,17,I,country,Lithuania,752,0.40869041073914714,9,Inland wetlands,33,719,0.0688402749430294,0.0
week5-m4-f10-seed17,M4,17,I,country,Lithuania,752,0.40869041073914714,10,"Land principally occupied by agriculture, with significant areas of natural vegetation",216,536,0.6108736559376111,0.8055555555555556
week5-m4-f10-seed17,M4,17,I,country,Lithuania,752,0.40869041073914714,11,Marine waters,359,393,0.9858454581287304,0.8607242339832869
week5-m4-f10-seed17,M4,17,I,country,Lithuania,752,0.40869041073914714,12,Mixed forest,248,504,0.6940827813265203,0.7540322580645161
week5-m4-f10-seed17,M4,17,I,country,Lithuania,752,0.40869041073914714,13,"Moors, heathland and sclerophyllous vegetation",7,745,0.018812913609021913,0.0
week5-m4-f10-seed17,M4,17,I,country,Lithuania,752,0.40869041073914714,14,Natural grassland and sparsely vegetated areas,4,748,0.008020278130281605,0.0
week5-m4-f10-seed17,M4,17,I,country,Lithuania,752,0.40869041073914714,15,Pastures,180,572,0.5157579685475626,0.5666666666666667
week5-m4-f10-seed17,M4,17,I,country,Lithuania,752,0.40869041073914714,16,Permanent crops,3,749,0.006902410485547731,0.0
week5-m4-f10-seed17,M4,17,I,country,Lithuania,752,0.40869041073914714,17,"Transitional woodland, shrub",126,626,0.2754640499820334,0.6666666666666666
week5-m4-f10-seed17,M4,17,I,country,Lithuania,752,0.40869041073914714,18,Urban fabric,48,704,0.295057527749126,0.2708333333333333
week5-m4-f10-seed17,M4,17,I,country,Serbia,376,0.316138256099766,0,Agro-forestry areas,0,376,,
week5-m4-f10-seed17,M4,17,I,country,Serbia,376,0.316138256099766,1,Arable land,332,44,0.9758900257543446,0.9879518072289156
week5-m4-f10-seed17,M4,17,I,country,Serbia,376,0.316138256099766,2,"Beaches, dunes, sands",0,376,,
week5-m4-f10-seed17,M4,17,I,country,Serbia,376,0.316138256099766,3,Broad-leaved forest,42,334,0.5585391058311315,0.7619047619047619
week5-m4-f10-seed17,M4,17,I,country,Serbia,376,0.316138256099766,4,Coastal wetlands,0,376,,
week5-m4-f10-seed17,M4,17,I,country,Serbia,376,0.316138256099766,5,Complex cultivation patterns,93,283,0.4508397257744284,0.6021505376344086
week5-m4-f10-seed17,M4,17,I,country,Serbia,376,0.316138256099766,6,Coniferous forest,11,365,0.11008908518087095,0.0
week5-m4-f10-seed17,M4,17,I,country,Serbia,376,0.316138256099766,7,Industrial or commercial units,26,350,0.17347090898710474,0.038461538461538464
week5-m4-f10-seed17,M4,17,I,country,Serbia,376,0.316138256099766,8,Inland waters,15,361,0.3468248327170488,0.26666666666666666
week5-m4-f10-seed17,M4,17,I,country,Serbia,376,0.316138256099766,9,Inland wetlands,18,358,0.04062797717197605,0.0
week5-m4-f10-seed17,M4,17,I,country,Serbia,376,0.316138256099766,10,"Land principally occupied by agriculture, with significant areas of natural vegetation",35,341,0.1953498554237785,0.4857142857142857
week5-m4-f10-seed17,M4,17,I,country,Serbia,376,0.316138256099766,11,Marine waters,0,376,,
week5-m4-f10-seed17,M4,17,I,country,Serbia,376,0.316138256099766,12,Mixed forest,30,346,0.29469637177548985,0.13333333333333333
week5-m4-f10-seed17,M4,17,I,country,Serbia,376,0.316138256099766,13,"Moors, heathland and sclerophyllous vegetation",0,376,,
week5-m4-f10-seed17,M4,17,I,country,Serbia,376,0.316138256099766,14,Natural grassland and sparsely vegetated areas,3,373,0.01717308197547545,0.0
week5-m4-f10-seed17,M4,17,I,country,Serbia,376,0.316138256099766,15,Pastures,36,340,0.2110746172274645,0.1111111111111111
week5-m4-f10-seed17,M4,17,I,country,Serbia,376,0.316138256099766,16,Permanent crops,40,336,0.16396650255028553,0.0
week5-m4-f10-seed17,M4,17,I,country,Serbia,376,0.316138256099766,17,"Transitional woodland, shrub",40,336,0.312707055508801,0.375
week5-m4-f10-seed17,M4,17,I,country,Serbia,376,0.316138256099766,18,Urban fabric,79,297,0.5746864395185244,0.4430379746835443
week5-m4-f10-seed17,M4,17,I,source_distance,Q1,1073,0.4227571670515322,0,Agro-forestry areas,0,1073,,
week5-m4-f10-seed17,M4,17,I,source_distance,Q1,1073,0.4227571670515322,1,Arable land,198,875,0.6367407700132218,0.8737373737373737
week5-m4-f10-seed17,M4,17,I,source_distance,Q1,1073,0.4227571670515322,2,"Beaches, dunes, sands",4,1069,0.021562880836483618,0.0
week5-m4-f10-seed17,M4,17,I,source_distance,Q1,1073,0.4227571670515322,3,Broad-leaved forest,78,995,0.33706898288192383,0.782051282051282
week5-m4-f10-seed17,M4,17,I,source_distance,Q1,1073,0.4227571670515322,4,Coastal wetlands,0,1073,,
week5-m4-f10-seed17,M4,17,I,source_distance,Q1,1073,0.4227571670515322,5,Complex cultivation patterns,93,980,0.37225533147614054,0.6129032258064516
week5-m4-f10-seed17,M4,17,I,source_distance,Q1,1073,0.4227571670515322,6,Coniferous forest,133,940,0.8578627565396131,0.8721804511278195
week5-m4-f10-seed17,M4,17,I,source_distance,Q1,1073,0.4227571670515322,7,Industrial or commercial units,11,1062,0.24381179362649139,0.2727272727272727
week5-m4-f10-seed17,M4,17,I,source_distance,Q1,1073,0.4227571670515322,8,Inland waters,37,1036,0.1416279999518312,0.10810810810810811
week5-m4-f10-seed17,M4,17,I,source_distance,Q1,1073,0.4227571670515322,9,Inland wetlands,33,1040,0.03298919553156515,0.0
week5-m4-f10-seed17,M4,17,I,source_distance,Q1,1073,0.4227571670515322,10,"Land principally occupied by agriculture, with significant areas of natural vegetation",136,937,0.27007893721226367,0.41911764705882354
week5-m4-f10-seed17,M4,17,I,source_distance,Q1,1073,0.4227571670515322,11,Marine waters,513,560,0.9933571885126415,0.9590643274853801
week5-m4-f10-seed17,M4,17,I,source_distance,Q1,1073,0.4227571670515322,12,Mixed forest,153,920,0.7215467666869521,0.7777777777777778
week5-m4-f10-seed17,M4,17,I,source_distance,Q1,1073,0.4227571670515322,13,"Moors, heathland and sclerophyllous vegetation",9,1064,0.09678388958389678,0.0
week5-m4-f10-seed17,M4,17,I,source_distance,Q1,1073,0.4227571670515322,14,Natural grassland and sparsely vegetated areas,11,1062,0.028208749737187903,0.0
week5-m4-f10-seed17,M4,17,I,source_distance,Q1,1073,0.4227571670515322,15,Pastures,269,804,0.8792733179725939,0.8104089219330854
week5-m4-f10-seed17,M4,17,I,source_distance,Q1,1073,0.4227571670515322,16,Permanent crops,22,1051,0.29646182121764003,0.0
week5-m4-f10-seed17,M4,17,I,source_distance,Q1,1073,0.4227571670515322,17,"Transitional woodland, shrub",69,1004,0.18015559833775754,0.463768115942029
week5-m4-f10-seed17,M4,17,I,source_distance,Q1,1073,0.4227571670515322,18,Urban fabric,78,995,0.6758915735427949,0.48717948717948717
week5-m4-f10-seed17,M4,17,I,source_distance,Q2,717,0.4221657125781437,0,Agro-forestry areas,0,717,,
week5-m4-f10-seed17,M4,17,I,source_distance,Q2,717,0.4221657125781437,1,Arable land,264,453,0.7265308946874481,0.8787878787878788
week5-m4-f10-seed17,M4,17,I,source_distance,Q2,717,0.4221657125781437,2,"Beaches, dunes, sands",3,714,0.023297320972333748,0.0
week5-m4-f10-seed17,M4,17,I,source_distance,Q2,717,0.4221657125781437,3,Broad-leaved forest,217,500,0.4019686863231614,0.6451612903225806
week5-m4-f10-seed17,M4,17,I,source_distance,Q2,717,0.4221657125781437,4,Coastal wetlands,1,716,0.001697792869269949,0.0
week5-m4-f10-seed17,M4,17,I,source_distance,Q2,717,0.4221657125781437,5,Complex cultivation patterns,204,513,0.37449319176569806,0.7205882352941176
week5-m4-f10-seed17,M4,17,I,source_distance,Q2,717,0.4221657125781437,6,Coniferous forest,166,551,0.7178944350395964,0.8132530120481928
week5-m4-f10-seed17,M4,17,I,source_distance,Q2,717,0.4221657125781437,7,Industrial or commercial units,28,689,0.3720817394074331,0.2857142857142857
week5-m4-f10-seed17,M4,17,I,source_distance,Q2,717,0.4221657125781437,8,Inland waters,55,662,0.3995309768288759,0.36363636363636365
week5-m4-f10-seed17,M4,17,I,source_distance,Q2,717,0.4221657125781437,9,Inland wetlands,56,661,0.08757070855053893,0.017857142857142856
week5-m4-f10-seed17,M4,17,I,source_distance,Q2,717,0.4221657125781437,10,"Land principally occupied by agriculture, with significant areas of natural vegetation",207,510,0.36909146902486506,0.6859903381642513
week5-m4-f10-seed17,M4,17,I,source_distance,Q2,717,0.4221657125781437,11,Marine waters,43,674,0.8878683568931899,0.7674418604651163
week5-m4-f10-seed17,M4,17,I,source_distance,Q2,717,0.4221657125781437,12,Mixed forest,249,468,0.604110466509682,0.7871485943775101
week5-m4-f10-seed17,M4,17,I,source_distance,Q2,717,0.4221657125781437,13,"Moors, heathland and sclerophyllous vegetation",17,700,0.08651173926169643,0.058823529411764705
week5-m4-f10-seed17,M4,17,I,source_distance,Q2,717,0.4221657125781437,14,Natural grassland and sparsely vegetated areas,11,706,0.036157442414759884,0.18181818181818182
week5-m4-f10-seed17,M4,17,I,source_distance,Q2,717,0.4221657125781437,15,Pastures,346,371,0.7778687346594316,0.7601156069364162
week5-m4-f10-seed17,M4,17,I,source_distance,Q2,717,0.4221657125781437,16,Permanent crops,36,681,0.12457472654944832,0.0
week5-m4-f10-seed17,M4,17,I,source_distance,Q2,717,0.4221657125781437,17,"Transitional woodland, shrub",79,638,0.15740533258568684,0.379746835443038
week5-m4-f10-seed17,M4,17,I,source_distance,Q2,717,0.4221657125781437,18,Urban fabric,187,530,0.630992500748788,0.5026737967914439
week5-m4-f10-seed17,M4,17,I,source_distance,Q3,563,0.38984593859069977,0,Agro-forestry areas,0,563,,
week5-m4-f10-seed17,M4,17,I,source_distance,Q3,563,0.38984593859069977,1,Arable land,272,291,0.7977561072299143,0.9264705882352942
week5-m4-f10-seed17,M4,17,I,source_distance,Q3,563,0.38984593859069977,2,"Beaches, dunes, sands",4,559,0.1914927178085073,0.0
week5-m4-f10-seed17,M4,17,I,source_distance,Q3,563,0.38984593859069977,3,Broad-leaved forest,203,360,0.49376681289373064,0.7241379310344828
week5-m4-f10-seed17,M4,17,I,source_distance,Q3,563,0.38984593859069977,4,Coastal wetlands,0,563,,
week5-m4-f10-seed17,M4,17,I,source_distance,Q3,563,0.38984593859069977,5,Complex cultivation patterns,198,365,0.4546186686435285,0.7575757575757576
week5-m4-f10-seed17,M4,17,I,source_distance,Q3,563,0.38984593859069977,6,Coniferous forest,128,435,0.5579249310890022,0.6796875
week5-m4-f10-seed17,M4,17,I,source_distance,Q3,563,0.38984593859069977,7,Industrial or commercial units,18,545,0.1745078975073287,0.05555555555555555
week5-m4-f10-seed17,M4,17,I,source_distance,Q3,563,0.38984593859069977,8,Inland waters,40,523,0.2362091567035125,0.3
week5-m4-f10-seed17,M4,17,I,source_distance,Q3,563,0.38984593859069977,9,Inland wetlands,59,504,0.12620243396649647,0.0
week5-m4-f10-seed17,M4,17,I,source_distance,Q3,563,0.38984593859069977,10,"Land principally occupied by agriculture, with significant areas of natural vegetation",172,391,0.40503351279784144,0.7325581395348837
week5-m4-f10-seed17,M4,17,I,source_distance,Q3,563,0.38984593859069977,11,Marine waters,18,545,0.6653661508451333,0.3333333333333333
week5-m4-f10-seed17,M4,17,I,source_distance,Q3,563,0.38984593859069977,12,Mixed forest,195,368,0.5177812358457451,0.6923076923076923
week5-m4-f10-seed17,M4,17,I,source_distance,Q3,563,0.38984593859069977,13,"Moors, heathland and sclerophyllous vegetation",23,540,0.041912256861502475,0.0
week5-m4-f10-seed17,M4,17,I,source_distance,Q3,563,0.38984593859069977,14,Natural grassland and sparsely vegetated areas,20,543,0.06398314083686935,0.1
week5-m4-f10-seed17,M4,17,I,source_distance,Q3,563,0.38984593859069977,15,Pastures,242,321,0.7191872975830145,0.8057851239669421
week5-m4-f10-seed17,M4,17,I,source_distance,Q3,563,0.38984593859069977,16,Permanent crops,46,517,0.08536780179218005,0.0
week5-m4-f10-seed17,M4,17,I,source_distance,Q3,563,0.38984593859069977,17,"Transitional woodland, shrub",75,488,0.20136405235446736,0.4666666666666667
week5-m4-f10-seed17,M4,17,I,source_distance,Q3,563,0.38984593859069977,18,Urban fabric,178,385,0.6965535605009294,0.6460674157303371
week5-m4-f10-seed17,M4,17,I,source_distance,Q4,647,0.3868771551086629,0,Agro-forestry areas,0,647,,
week5-m4-f10-seed17,M4,17,I,source_distance,Q4,647,0.3868771551086629,1,Arable land,302,345,0.7612895247627123,0.9238410596026491
week5-m4-f10-seed17,M4,17,I,source_distance,Q4,647,0.3868771551086629,2,"Beaches, dunes, sands",13,634,0.05407994199848957,0.0
week5-m4-f10-seed17,M4,17,I,source_distance,Q4,647,0.3868771551086629,3,Broad-leaved forest,220,427,0.499065486981484,0.8181818181818182
week5-m4-f10-seed17,M4,17,I,source_distance,Q4,647,0.3868771551086629,4,Coastal wetlands,0,647,,
week5-m4-f10-seed17,M4,17,I,source_distance,Q4,647,0.3868771551086629,5,Complex cultivation patterns,170,477,0.42010669007808504,0.7
week5-m4-f10-seed17,M4,17,I,source_distance,Q4,647,0.3868771551086629,6,Coniferous forest,153,494,0.5501274978628905,0.6274509803921569
week5-m4-f10-seed17,M4,17,I,source_distance,Q4,647,0.3868771551086629,7,Industrial or commercial units,30,617,0.28518911554768805,0.06666666666666667
week5-m4-f10-seed17,M4,17,I,source_distance,Q4,647,0.3868771551086629,8,Inland waters,76,571,0.4023695000595293,0.42105263157894735
week5-m4-f10-seed17,M4,17,I,source_distance,Q4,647,0.3868771551086629,9,Inland wetlands,125,522,0.18592766702802305,0.016
week5-m4-f10-seed17,M4,17,I,source_distance,Q4,647,0.3868771551086629,10,"Land principally occupied by agriculture, with significant areas of natural vegetation",179,468,0.3814707679387187,0.6256983240223464
week5-m4-f10-seed17,M4,17,I,source_distance,Q4,647,0.3868771551086629,11,Marine waters,43,604,0.46379685171828094,0.18604651162790697
week5-m4-f10-seed17,M4,17,I,source_distance,Q4,647,0.3868771551086629,12,Mixed forest,215,432,0.5270916921566396,0.6186046511627907
week5-m4-f10-seed17,M4,17,I,source_distance,Q4,647,0.3868771551086629,13,"Moors, heathland and sclerophyllous vegetation",58,589,0.11831329981060151,0.0
week5-m4-f10-seed17,M4,17,I,source_distance,Q4,647,0.3868771551086629,14,Natural grassland and sparsely vegetated areas,28,619,0.07655265296572293,0.07142857142857142
week5-m4-f10-seed17,M4,17,I,source_distance,Q4,647,0.3868771551086629,15,Pastures,243,404,0.6659147828260692,0.7530864197530864
week5-m4-f10-seed17,M4,17,I,source_distance,Q4,647,0.3868771551086629,16,Permanent crops,47,600,0.07944330819811604,0.0
week5-m4-f10-seed17,M4,17,I,source_distance,Q4,647,0.3868771551086629,17,"Transitional woodland, shrub",103,544,0.18548821554666364,0.3592233009708738
week5-m4-f10-seed17,M4,17,I,source_distance,Q4,647,0.3868771551086629,18,Urban fabric,170,477,0.5878874282573817,0.5352941176470588
week5-m4-f10-seed17,M4,17,Finland,label_count,1,970,0.46495879241782917,0,Agro-forestry areas,0,970,,
week5-m4-f10-seed17,M4,17,Finland,label_count,1,970,0.46495879241782917,1,Arable land,1,969,1.0,1.0
week5-m4-f10-seed17,M4,17,Finland,label_count,1,970,0.46495879241782917,2,"Beaches, dunes, sands",0,970,,
week5-m4-f10-seed17,M4,17,Finland,label_count,1,970,0.46495879241782917,3,Broad-leaved forest,0,970,,
week5-m4-f10-seed17,M4,17,Finland,label_count,1,970,0.46495879241782917,4,Coastal wetlands,0,970,,
week5-m4-f10-seed17,M4,17,Finland,label_count,1,970,0.46495879241782917,5,Complex cultivation patterns,0,970,,
week5-m4-f10-seed17,M4,17,Finland,label_count,1,970,0.46495879241782917,6,Coniferous forest,160,810,0.6994735526676665,0.575
week5-m4-f10-seed17,M4,17,Finland,label_count,1,970,0.46495879241782917,7,Industrial or commercial units,0,970,,
week5-m4-f10-seed17,M4,17,Finland,label_count,1,970,0.46495879241782917,8,Inland waters,51,919,0.061900973602400586,0.0196078431372549
week5-m4-f10-seed17,M4,17,Finland,label_count,1,970,0.46495879241782917,9,Inland wetlands,0,970,,
week5-m4-f10-seed17,M4,17,Finland,label_count,1,970,0.46495879241782917,10,"Land principally occupied by agriculture, with significant areas of natural vegetation",0,970,,
week5-m4-f10-seed17,M4,17,Finland,label_count,1,970,0.46495879241782917,11,Marine waters,752,218,0.9158013738734275,0.1901595744680851
week5-m4-f10-seed17,M4,17,Finland,label_count,1,970,0.46495879241782917,12,Mixed forest,5,965,0.021667763454389852,0.4
week5-m4-f10-seed17,M4,17,Finland,label_count,1,970,0.46495879241782917,13,"Moors, heathland and sclerophyllous vegetation",0,970,,
week5-m4-f10-seed17,M4,17,Finland,label_count,1,970,0.46495879241782917,14,Natural grassland and sparsely vegetated areas,0,970,,
week5-m4-f10-seed17,M4,17,Finland,label_count,1,970,0.46495879241782917,15,Pastures,0,970,,
week5-m4-f10-seed17,M4,17,Finland,label_count,1,970,0.46495879241782917,16,Permanent crops,0,970,,
week5-m4-f10-seed17,M4,17,Finland,label_count,1,970,0.46495879241782917,17,"Transitional woodland, shrub",0,970,,
week5-m4-f10-seed17,M4,17,Finland,label_count,1,970,0.46495879241782917,18,Urban fabric,1,969,0.09090909090909091,1.0
week5-m4-f10-seed17,M4,17,Finland,label_count,2,933,0.23530677156872817,0,Agro-forestry areas,0,933,,
week5-m4-f10-seed17,M4,17,Finland,label_count,2,933,0.23530677156872817,1,Arable land,24,909,0.18953809305816613,0.5833333333333334
week5-m4-f10-seed17,M4,17,Finland,label_count,2,933,0.23530677156872817,2,"Beaches, dunes, sands",1,932,0.015625,0.0
week5-m4-f10-seed17,M4,17,Finland,label_count,2,933,0.23530677156872817,3,Broad-leaved forest,13,920,0.008990890553426036,0.5384615384615384
week5-m4-f10-seed17,M4,17,Finland,label_count,2,933,0.23530677156872817,4,Coastal wetlands,1,932,0.006211180124223602,0.0
week5-m4-f10-seed17,M4,17,Finland,label_count,2,933,0.23530677156872817,5,Complex cultivation patterns,2,931,0.007611771363893604,0.5
week5-m4-f10-seed17,M4,17,Finland,label_count,2,933,0.23530677156872817,6,Coniferous forest,756,177,0.8501855956470168,0.42857142857142855
week5-m4-f10-seed17,M4,17,Finland,label_count,2,933,0.23530677156872817,7,Industrial or commercial units,2,931,0.01217948717948718,0.0
week5-m4-f10-seed17,M4,17,Finland,label_count,2,933,0.23530677156872817,8,Inland waters,146,787,0.40777158328440144,0.14383561643835616
week5-m4-f10-seed17,M4,17,Finland,label_count,2,933,0.23530677156872817,9,Inland wetlands,124,809,0.15478606630882819,0.008064516129032258
week5-m4-f10-seed17,M4,17,Finland,label_count,2,933,0.23530677156872817,10,"Land principally occupied by agriculture, with significant areas of natural vegetation",21,912,0.05153544899621497,0.6666666666666666
week5-m4-f10-seed17,M4,17,Finland,label_count,2,933,0.23530677156872817,11,Marine waters,70,863,0.5327403873163391,0.2
week5-m4-f10-seed17,M4,17,Finland,label_count,2,933,0.23530677156872817,12,Mixed forest,381,552,0.39764903179573646,0.5065616797900262
week5-m4-f10-seed17,M4,17,Finland,label_count,2,933,0.23530677156872817,13,"Moors, heathland and sclerophyllous vegetation",3,930,0.010189887953173238,0.0
week5-m4-f10-seed17,M4,17,Finland,label_count,2,933,0.23530677156872817,14,Natural grassland and sparsely vegetated areas,0,933,,
week5-m4-f10-seed17,M4,17,Finland,label_count,2,933,0.23530677156872817,15,Pastures,0,933,,
week5-m4-f10-seed17,M4,17,Finland,label_count,2,933,0.23530677156872817,16,Permanent crops,0,933,,
week5-m4-f10-seed17,M4,17,Finland,label_count,2,933,0.23530677156872817,17,"Transitional woodland, shrub",316,617,0.41496935875174845,0.4272151898734177
week5-m4-f10-seed17,M4,17,Finland,label_count,2,933,0.23530677156872817,18,Urban fabric,6,927,0.020840428185034468,0.3333333333333333
week5-m4-f10-seed17,M4,17,Finland,label_count,3,1161,0.28567204940949337,0,Agro-forestry areas,0,1161,,
week5-m4-f10-seed17,M4,17,Finland,label_count,3,1161,0.28567204940949337,1,Arable land,125,1036,0.3148370198046759,0.664
week5-m4-f10-seed17,M4,17,Finland,label_count,3,1161,0.28567204940949337,2,"Beaches, dunes, sands",0,1161,,
week5-m4-f10-seed17,M4,17,Finland,label_count,3,1161,0.28567204940949337,3,Broad-leaved forest,55,1106,0.047912934946707376,0.8727272727272727
week5-m4-f10-seed17,M4,17,Finland,label_count,3,1161,0.28567204940949337,4,Coastal wetlands,0,1161,,
week5-m4-f10-seed17,M4,17,Finland,label_count,3,1161,0.28567204940949337,5,Complex cultivation patterns,5,1156,0.027803991307027365,1.0
week5-m4-f10-seed17,M4,17,Finland,label_count,3,1161,0.28567204940949337,6,Coniferous forest,1016,145,0.9006578098268154,0.46653543307086615
week5-m4-f10-seed17,M4,17,Finland,label_count,3,1161,0.28567204940949337,7,Industrial or commercial units,11,1150,0.08371699744131088,0.09090909090909091
week5-m4-f10-seed17,M4,17,Finland,label_count,3,1161,0.28567204940949337,8,Inland waters,341,820,0.5500757946746754,0.1495601173020528
week5-m4-f10-seed17,M4,17,Finland,label_count,3,1161,0.28567204940949337,9,Inland wetlands,205,956,0.19561371019713647,0.04390243902439024
week5-m4-f10-seed17,M4,17,Finland,label_count,3,1161,0.28567204940949337,10,"Land principally occupied by agriculture, with significant areas of natural vegetation",135,1026,0.12084251383201892,0.4962962962962963
week5-m4-f10-seed17,M4,17,Finland,label_count,3,1161,0.28567204940949337,11,Marine waters,40,1121,0.26820412273424654,0.1
week5-m4-f10-seed17,M4,17,Finland,label_count,3,1161,0.28567204940949337,12,Mixed forest,861,300,0.7153617420596899,0.5493612078977933
week5-m4-f10-seed17,M4,17,Finland,label_count,3,1161,0.28567204940949337,13,"Moors, heathland and sclerophyllous vegetation",9,1152,0.018029917061876552,0.0
week5-m4-f10-seed17,M4,17,Finland,label_count,3,1161,0.28567204940949337,14,Natural grassland and sparsely vegetated areas,1,1160,0.0049261083743842365,0.0
week5-m4-f10-seed17,M4,17,Finland,label_count,3,1161,0.28567204940949337,15,Pastures,0,1161,,
week5-m4-f10-seed17,M4,17,Finland,label_count,3,1161,0.28567204940949337,16,Permanent crops,0,1161,,
week5-m4-f10-seed17,M4,17,Finland,label_count,3,1161,0.28567204940949337,17,"Transitional woodland, shrub",652,509,0.6131537025731337,0.4831288343558282
week5-m4-f10-seed17,M4,17,Finland,label_count,3,1161,0.28567204940949337,18,Urban fabric,27,1134,0.13827232689920874,0.5925925925925926
week5-m4-f10-seed17,M4,17,Finland,label_count,4+,936,0.3300672775072523,0,Agro-forestry areas,0,936,,
week5-m4-f10-seed17,M4,17,Finland,label_count,4+,936,0.3300672775072523,1,Arable land,307,629,0.5443168785675166,0.6644951140065146
week5-m4-f10-seed17,M4,17,Finland,label_count,4+,936,0.3300672775072523,2,"Beaches, dunes, sands",0,936,,
week5-m4-f10-seed17,M4,17,Finland,label_count,4+,936,0.3300672775072523,3,Broad-leaved forest,161,775,0.16991924808799094,0.8385093167701864
week5-m4-f10-seed17,M4,17,Finland,label_count,4+,936,0.3300672775072523,4,Coastal wetlands,9,927,0.07388903374283409,0.0
week5-m4-f10-seed17,M4,17,Finland,label_count,4+,936,0.3300672775072523,5,Complex cultivation patterns,14,922,0.10931319656216484,0.9285714285714286
week5-m4-f10-seed17,M4,17,Finland,label_count,4+,936,0.3300672775072523,6,Coniferous forest,844,92,0.9415096272723312,0.5248815165876777
week5-m4-f10-seed17,M4,17,Finland,label_count,4+,936,0.3300672775072523,7,Industrial or commercial units,19,917,0.0603420523797506,0.10526315789473684
week5-m4-f10-seed17,M4,17,Finland,label_count,4+,936,0.3300672775072523,8,Inland waters,447,489,0.7072781577873353,0.21476510067114093
week5-m4-f10-seed17,M4,17,Finland,label_count,4+,936,0.3300672775072523,9,Inland wetlands,201,735,0.26431726157567265,0.04975124378109453
week5-m4-f10-seed17,M4,17,Finland,label_count,4+,936,0.3300672775072523,10,"Land principally occupied by agriculture, with significant areas of natural vegetation",432,504,0.5240914206959387,0.7314814814814815
week5-m4-f10-seed17,M4,17,Finland,label_count,4+,936,0.3300672775072523,11,Marine waters,30,906,0.07057025845281333,0.0
week5-m4-f10-seed17,M4,17,Finland,label_count,4+,936,0.3300672775072523,12,Mixed forest,835,101,0.9001677477174609,0.629940119760479
week5-m4-f10-seed17,M4,17,Finland,label_count,4+,936,0.3300672775072523,13,"Moors, heathland and sclerophyllous vegetation",14,922,0.11175798024484125,0.7142857142857143
week5-m4-f10-seed17,M4,17,Finland,label_count,4+,936,0.3300672775072523,14,Natural grassland and sparsely vegetated areas,1,935,0.004329004329004329,0.0
week5-m4-f10-seed17,M4,17,Finland,label_count,4+,936,0.3300672775072523,15,Pastures,3,933,0.0035945090033470597,0.3333333333333333
week5-m4-f10-seed17,M4,17,Finland,label_count,4+,936,0.3300672775072523,16,Permanent crops,1,935,0.0014285714285714286,0.0
week5-m4-f10-seed17,M4,17,Finland,label_count,4+,936,0.3300672775072523,17,"Transitional woodland, shrub",606,330,0.697010434132994,0.5033003300330033
week5-m4-f10-seed17,M4,17,Finland,label_count,4+,936,0.3300672775072523,18,Urban fabric,82,854,0.1711300918783036,0.34146341463414637
week5-m4-f10-seed17,M4,17,Finland,quarter,Q1,320,0.3436815438242014,0,Agro-forestry areas,0,320,,
week5-m4-f10-seed17,M4,17,Finland,quarter,Q1,320,0.3436815438242014,1,Arable land,20,300,0.08528421741612993,0.05
week5-m4-f10-seed17,M4,17,Finland,quarter,Q1,320,0.3436815438242014,2,"Beaches, dunes, sands",0,320,,
week5-m4-f10-seed17,M4,17,Finland,quarter,Q1,320,0.3436815438242014,3,Broad-leaved forest,22,298,0.08089776492762946,0.9545454545454546
week5-m4-f10-seed17,M4,17,Finland,quarter,Q1,320,0.3436815438242014,4,Coastal wetlands,0,320,,
week5-m4-f10-seed17,M4,17,Finland,quarter,Q1,320,0.3436815438242014,5,Complex cultivation patterns,1,319,0.003484320557491289,0.0
week5-m4-f10-seed17,M4,17,Finland,quarter,Q1,320,0.3436815438242014,6,Coniferous forest,297,23,0.942791425241015,0.037037037037037035
week5-m4-f10-seed17,M4,17,Finland,quarter,Q1,320,0.3436815438242014,7,Industrial or commercial units,0,320,,
week5-m4-f10-seed17,M4,17,Finland,quarter,Q1,320,0.3436815438242014,8,Inland waters,62,258,0.19765811110390671,0.0
week5-m4-f10-seed17,M4,17,Finland,quarter,Q1,320,0.3436815438242014,9,Inland wetlands,9,311,0.028298349286832298,0.0
week5-m4-f10-seed17,M4,17,Finland,quarter,Q1,320,0.3436815438242014,10,"Land principally occupied by agriculture, with significant areas of natural vegetation",43,277,0.13699449960834414,0.9534883720930233
week5-m4-f10-seed17,M4,17,Finland,quarter,Q1,320,0.3436815438242014,11,Marine waters,14,306,0.8028563785940834,0.7142857142857143
week5-m4-f10-seed17,M4,17,Finland,quarter,Q1,320,0.3436815438242014,12,Mixed forest,250,70,0.8331393886105164,0.208
week5-m4-f10-seed17,M4,17,Finland,quarter,Q1,320,0.3436815438242014,13,"Moors, heathland and sclerophyllous vegetation",0,320,,
week5-m4-f10-seed17,M4,17,Finland,quarter,Q1,320,0.3436815438242014,14,Natural grassland and sparsely vegetated areas,0,320,,
week5-m4-f10-seed17,M4,17,Finland,quarter,Q1,320,0.3436815438242014,15,Pastures,0,320,,
week5-m4-f10-seed17,M4,17,Finland,quarter,Q1,320,0.3436815438242014,16,Permanent crops,0,320,,
week5-m4-f10-seed17,M4,17,Finland,quarter,Q1,320,0.3436815438242014,17,"Transitional woodland, shrub",138,182,0.5844905107313896,0.9710144927536232
week5-m4-f10-seed17,M4,17,Finland,quarter,Q1,320,0.3436815438242014,18,Urban fabric,3,317,0.0846020159888773,0.0
week5-m4-f10-seed17,M4,17,Finland,quarter,Q2,1987,0.271557274053306,0,Agro-forestry areas,0,1987,,
week5-m4-f10-seed17,M4,17,Finland,quarter,Q2,1987,0.271557274053306,1,Arable land,284,1703,0.3921555932464406,0.6795774647887324
week5-m4-f10-seed17,M4,17,Finland,quarter,Q2,1987,0.271557274053306,2,"Beaches, dunes, sands",0,1987,,
week5-m4-f10-seed17,M4,17,Finland,quarter,Q2,1987,0.271557274053306,3,Broad-leaved forest,115,1872,0.056516034034928164,0.8695652173913043
week5-m4-f10-seed17,M4,17,Finland,quarter,Q2,1987,0.271557274053306,4,Coastal wetlands,6,1981,0.16988486573443798,0.0
week5-m4-f10-seed17,M4,17,Finland,quarter,Q2,1987,0.271557274053306,5,Complex cultivation patterns,20,1967,0.06147925221425066,0.95
week5-m4-f10-seed17,M4,17,Finland,quarter,Q2,1987,0.271557274053306,6,Coniferous forest,1225,762,0.7416952318397291,0.38693877551020406
week5-m4-f10-seed17,M4,17,Finland,quarter,Q2,1987,0.271557274053306,7,Industrial or commercial units,24,1963,0.023842595252466982,0.08333333333333333
week5-m4-f10-seed17,M4,17,Finland,quarter,Q2,1987,0.271557274053306,8,Inland waters,520,1467,0.43985663362454186,0.24807692307692308
week5-m4-f10-seed17,M4,17,Finland,quarter,Q2,1987,0.271557274053306,9,Inland wetlands,196,1791,0.10888030636487454,0.04591836734693878
week5-m4-f10-seed17,M4,17,Finland,quarter,Q2,1987,0.271557274053306,10,"Land principally occupied by agriculture, with significant areas of natural vegetation",358,1629,0.23432815082360756,0.6759776536312849
week5-m4-f10-seed17,M4,17,Finland,quarter,Q2,1987,0.271557274053306,11,Marine waters,525,1462,0.6575745444703662,0.11619047619047619
week5-m4-f10-seed17,M4,17,Finland,quarter,Q2,1987,0.271557274053306,12,Mixed forest,1140,847,0.7878769948547212,0.5298245614035088
week5-m4-f10-seed17,M4,17,Finland,quarter,Q2,1987,0.271557274053306,13,"Moors, heathland and sclerophyllous vegetation",0,1987,,
week5-m4-f10-seed17,M4,17,Finland,quarter,Q2,1987,0.271557274053306,14,Natural grassland and sparsely vegetated areas,1,1986,0.0021645021645021645,0.0
week5-m4-f10-seed17,M4,17,Finland,quarter,Q2,1987,0.271557274053306,15,Pastures,2,1985,0.0015147476901208245,0.0
week5-m4-f10-seed17,M4,17,Finland,quarter,Q2,1987,0.271557274053306,16,Permanent crops,1,1986,0.0009407337723424271,0.0
week5-m4-f10-seed17,M4,17,Finland,quarter,Q2,1987,0.271557274053306,17,"Transitional woodland, shrub",749,1238,0.4630911442345992,0.520694259012016
week5-m4-f10-seed17,M4,17,Finland,quarter,Q2,1987,0.271557274053306,18,Urban fabric,85,1902,0.10144264621209859,0.4235294117647059
week5-m4-f10-seed17,M4,17,Finland,quarter,Q3,1441,0.34215548525875,0,Agro-forestry areas,0,1441,,
week5-m4-f10-seed17,M4,17,Finland,quarter,Q3,1441,0.34215548525875,1,Arable land,146,1295,0.40777151828396685,0.7397260273972602
week5-m4-f10-seed17,M4,17,Finland,quarter,Q3,1441,0.34215548525875,2,"Beaches, dunes, sands",0,1441,,
week5-m4-f10-seed17,M4,17,Finland,quarter,Q3,1441,0.34215548525875,3,Broad-leaved forest,79,1362,0.043789390567974165,0.759493670886076
week5-m4-f10-seed17,M4,17,Finland,quarter,Q3,1441,0.34215548525875,4,Coastal wetlands,4,1437,0.04151255619699054,0.0
week5-m4-f10-seed17,M4,17,Finland,quarter,Q3,1441,0.34215548525875,5,Complex cultivation patterns,0,1441,,
week5-m4-f10-seed17,M4,17,Finland,quarter,Q3,1441,0.34215548525875,6,Coniferous forest,1158,283,0.9554626118783681,0.7115716753022453
week5-m4-f10-seed17,M4,17,Finland,quarter,Q3,1441,0.34215548525875,7,Industrial or commercial units,7,1434,0.39795152295152286,0.14285714285714285
week5-m4-f10-seed17,M4,17,Finland,quarter,Q3,1441,0.34215548525875,8,Inland waters,340,1101,0.49531753938675166,0.11470588235294117
week5-m4-f10-seed17,M4,17,Finland,quarter,Q3,1441,0.34215548525875,9,Inland wetlands,323,1118,0.3046408957922569,0.034055727554179564
week5-m4-f10-seed17,M4,17,Finland,quarter,Q3,1441,0.34215548525875,10,"Land principally occupied by agriculture, with significant areas of natural vegetation",161,1280,0.3294477531569283,0.6086956521739131
week5-m4-f10-seed17,M4,17,Finland,quarter,Q3,1441,0.34215548525875,11,Marine waters,202,1239,0.5931859580722315,0.12871287128712872
week5-m4-f10-seed17,M4,17,Finland,quarter,Q3,1441,0.34215548525875,12,Mixed forest,588,853,0.5315390300208815,0.8316326530612245
week5-m4-f10-seed17,M4,17,Finland,quarter,Q3,1441,0.34215548525875,13,"Moors, heathland and sclerophyllous vegetation",26,1415,0.05983543086454235,0.38461538461538464
week5-m4-f10-seed17,M4,17,Finland,quarter,Q3,1441,0.34215548525875,14,Natural grassland and sparsely vegetated areas,1,1440,0.003355704697986577,0.0
week5-m4-f10-seed17,M4,17,Finland,quarter,Q3,1441,0.34215548525875,15,Pastures,1,1440,0.0025906735751295338,1.0
week5-m4-f10-seed17,M4,17,Finland,quarter,Q3,1441,0.34215548525875,16,Permanent crops,0,1441,,
week5-m4-f10-seed17,M4,17,Finland,quarter,Q3,1441,0.34215548525875,17,"Transitional woodland, shrub",652,789,0.44765822186602733,0.31901840490797545
week5-m4-f10-seed17,M4,17,Finland,quarter,Q3,1441,0.34215548525875,18,Urban fabric,25,1416,0.21763054250793165,0.36
week5-m4-f10-seed17,M4,17,Finland,quarter,Q4,252,0.3274180624356786,0,Agro-forestry areas,0,252,,
week5-m4-f10-seed17,M4,17,Finland,quarter,Q4,252,0.3274180624356786,1,Arable land,7,245,0.03727205179616333,0.0
week5-m4-f10-seed17,M4,17,Finland,quarter,Q4,252,0.3274180624356786,2,"Beaches, dunes, sands",1,251,0.038461538461538464,0.0
week5-m4-f10-seed17,M4,17,Finland,quarter,Q4,252,0.3274180624356786,3,Broad-leaved forest,13,239,0.17826046975706344,0.6923076923076923
week5-m4-f10-seed17,M4,17,Finland,quarter,Q4,252,0.3274180624356786,4,Coastal wetlands,0,252,,
week5-m4-f10-seed17,M4,17,Finland,quarter,Q4,252,0.3274180624356786,5,Complex cultivation patterns,0,252,,
week5-m4-f10-seed17,M4,17,Finland,quarter,Q4,252,0.3274180624356786,6,Coniferous forest,96,156,0.6879665744568092,0.25
week5-m4-f10-seed17,M4,17,Finland,quarter,Q4,252,0.3274180624356786,7,Industrial or commercial units,1,251,0.008,0.0
week5-m4-f10-seed17,M4,17,Finland,quarter,Q4,252,0.3274180624356786,8,Inland waters,63,189,0.19340745259336894,0.015873015873015872
week5-m4-f10-seed17,M4,17,Finland,quarter,Q4,252,0.3274180624356786,9,Inland wetlands,2,250,0.007343503159557662,0.0
week5-m4-f10-seed17,M4,17,Finland,quarter,Q4,252,0.3274180624356786,10,"Land principally occupied by agriculture, with significant areas of natural vegetation",26,226,0.3044446871218511,0.6153846153846154
week5-m4-f10-seed17,M4,17,Finland,quarter,Q4,252,0.3274180624356786,11,Marine waters,151,101,0.9966957793420894,0.423841059602649
week5-m4-f10-seed17,M4,17,Finland,quarter,Q4,252,0.3274180624356786,12,Mixed forest,104,148,0.8172089819370065,0.47115384615384615
week5-m4-f10-seed17,M4,17,Finland,quarter,Q4,252,0.3274180624356786,13,"Moors, heathland and sclerophyllous vegetation",0,252,,
week5-m4-f10-seed17,M4,17,Finland,quarter,Q4,252,0.3274180624356786,14,Natural grassland and sparsely vegetated areas,0,252,,
week5-m4-f10-seed17,M4,17,Finland,quarter,Q4,252,0.3274180624356786,15,Pastures,0,252,,
week5-m4-f10-seed17,M4,17,Finland,quarter,Q4,252,0.3274180624356786,16,Permanent crops,0,252,,
week5-m4-f10-seed17,M4,17,Finland,quarter,Q4,252,0.3274180624356786,17,"Transitional woodland, shrub",35,217,0.2988287940920302,0.6571428571428571
week5-m4-f10-seed17,M4,17,Finland,quarter,Q4,252,0.3274180624356786,18,Urban fabric,3,249,0.07217039253652525,0.6666666666666666
week5-m4-f10-seed17,M4,17,Finland,country,Finland,4000,0.25693934136372093,0,Agro-forestry areas,0,4000,,
week5-m4-f10-seed17,M4,17,Finland,country,Finland,4000,0.25693934136372093,1,Arable land,457,3543,0.37003433254810314,0.6608315098468271
week5-m4-f10-seed17,M4,17,Finland,country,Finland,4000,0.25693934136372093,2,"Beaches, dunes, sands",1,3999,0.002967359050445104,0.0
week5-m4-f10-seed17,M4,17,Finland,country,Finland,4000,0.25693934136372093,3,Broad-leaved forest,229,3771,0.0541709444308238,0.8296943231441049
week5-m4-f10-seed17,M4,17,Finland,country,Finland,4000,0.25693934136372093,4,Coastal wetlands,10,3990,0.03784070879639068,0.0
week5-m4-f10-seed17,M4,17,Finland,country,Finland,4000,0.25693934136372093,5,Complex cultivation patterns,21,3979,0.05136597699601832,0.9047619047619048
week5-m4-f10-seed17,M4,17,Finland,country,Finland,4000,0.25693934136372093,6,Coniferous forest,2776,1224,0.8500398633979357,0.48018731988472624
week5-m4-f10-seed17,M4,17,Finland,country,Finland,4000,0.25693934136372093,7,Industrial or commercial units,32,3968,0.04188099997514108,0.09375
week5-m4-f10-seed17,M4,17,Finland,country,Finland,4000,0.25693934136372093,8,Inland waters,985,3015,0.41926519715464977,0.1715736040609137
week5-m4-f10-seed17,M4,17,Finland,country,Finland,4000,0.25693934136372093,9,Inland wetlands,530,3470,0.17149129570297247,0.03773584905660377
week5-m4-f10-seed17,M4,17,Finland,country,Finland,4000,0.25693934136372093,10,"Land principally occupied by agriculture, with significant areas of natural vegetation",588,3412,0.22281108767565125,0.6751700680272109
week5-m4-f10-seed17,M4,17,Finland,country,Finland,4000,0.25693934136372093,11,Marine waters,892,3108,0.7177134142737488,0.1804932735426009
week5-m4-f10-seed17,M4,17,Finland,country,Finland,4000,0.25693934136372093,12,Mixed forest,2082,1918,0.6149043434183391,0.5734870317002881
week5-m4-f10-seed17,M4,17,Finland,country,Finland,4000,0.25693934136372093,13,"Moors, heathland and sclerophyllous vegetation",26,3974,0.03287400971215699,0.38461538461538464
week5-m4-f10-seed17,M4,17,Finland,country,Finland,4000,0.25693934136372093,14,Natural grassland and sparsely vegetated areas,2,3998,0.00150995864218851,0.0
week5-m4-f10-seed17,M4,17,Finland,country,Finland,4000,0.25693934136372093,15,Pastures,3,3997,0.0012120602731819819,0.3333333333333333
week5-m4-f10-seed17,M4,17,Finland,country,Finland,4000,0.25693934136372093,16,Permanent crops,1,3999,0.00046189376443418013,0.0
week5-m4-f10-seed17,M4,17,Finland,country,Finland,4000,0.25693934136372093,17,"Transitional woodland, shrub",1574,2426,0.45961637082999657,0.47966963151207115
week5-m4-f10-seed17,M4,17,Finland,country,Finland,4000,0.25693934136372093,18,Urban fabric,116,3884,0.1016777130241935,0.4051724137931034
week5-m4-f10-seed17,M4,17,Finland,source_distance,Q1,1384,0.2685428567882798,0,Agro-forestry areas,0,1384,,
week5-m4-f10-seed17,M4,17,Finland,source_distance,Q1,1384,0.2685428567882798,1,Arable land,47,1337,0.06319828241441017,0.06382978723404255
week5-m4-f10-seed17,M4,17,Finland,source_distance,Q1,1384,0.2685428567882798,2,"Beaches, dunes, sands",1,1383,0.004761904761904762,0.0
week5-m4-f10-seed17,M4,17,Finland,source_distance,Q1,1384,0.2685428567882798,3,Broad-leaved forest,51,1333,0.03676939878109916,0.6862745098039216
week5-m4-f10-seed17,M4,17,Finland,source_distance,Q1,1384,0.2685428567882798,4,Coastal wetlands,1,1383,0.0009900990099009901,0.0
week5-m4-f10-seed17,M4,17,Finland,source_distance,Q1,1384,0.2685428567882798,5,Complex cultivation patterns,9,1375,0.07860401657676092,0.8888888888888888
week5-m4-f10-seed17,M4,17,Finland,source_distance,Q1,1384,0.2685428567882798,6,Coniferous forest,724,660,0.6599658688912424,0.30939226519337015
week5-m4-f10-seed17,M4,17,Finland,source_distance,Q1,1384,0.2685428567882798,7,Industrial or commercial units,4,1380,0.26505786798367614,0.25
week5-m4-f10-seed17,M4,17,Finland,source_distance,Q1,1384,0.2685428567882798,8,Inland waters,256,1128,0.27179071516034903,0.078125
week5-m4-f10-seed17,M4,17,Finland,source_distance,Q1,1384,0.2685428567882798,9,Inland wetlands,113,1271,0.08655329818957017,0.04424778761061947
week5-m4-f10-seed17,M4,17,Finland,source_distance,Q1,1384,0.2685428567882798,10,"Land principally occupied by agriculture, with significant areas of natural vegetation",78,1306,0.12011941502665771,0.6923076923076923
week5-m4-f10-seed17,M4,17,Finland,source_distance,Q1,1384,0.2685428567882798,11,Marine waters,586,798,0.8277751233998754,0.20648464163822525
week5-m4-f10-seed17,M4,17,Finland,source_distance,Q1,1384,0.2685428567882798,12,Mixed forest,500,884,0.46170324072625246,0.276
week5-m4-f10-seed17,M4,17,Finland,source_distance,Q1,1384,0.2685428567882798,13,"Moors, heathland and sclerophyllous vegetation",2,1382,0.04292929292929293,1.0
week5-m4-f10-seed17,M4,17,Finland,source_distance,Q1,1384,0.2685428567882798,14,Natural grassland and sparsely vegetated areas,0,1384,,
week5-m4-f10-seed17,M4,17,Finland,source_distance,Q1,1384,0.2685428567882798,15,Pastures,0,1384,,
week5-m4-f10-seed17,M4,17,Finland,source_distance,Q1,1384,0.2685428567882798,16,Permanent crops,0,1384,,
week5-m4-f10-seed17,M4,17,Finland,source_distance,Q1,1384,0.2685428567882798,17,"Transitional woodland, shrub",407,977,0.4614498019429218,0.7542997542997543
week5-m4-f10-seed17,M4,17,Finland,source_distance,Q1,1384,0.2685428567882798,18,Urban fabric,11,1373,0.11514081622552955,0.09090909090909091
week5-m4-f10-seed17,M4,17,Finland,source_distance,Q2,904,0.27024990087295997,0,Agro-forestry areas,0,904,,
week5-m4-f10-seed17,M4,17,Finland,source_distance,Q2,904,0.27024990087295997,1,Arable land,88,816,0.25245009517657185,0.5454545454545454
week5-m4-f10-seed17,M4,17,Finland,source_distance,Q2,904,0.27024990087295997,2,"Beaches, dunes, sands",0,904,,
week5-m4-f10-seed17,M4,17,Finland,source_distance,Q2,904,0.27024990087295997,3,Broad-leaved forest,50,854,0.04791775588114813,0.8
week5-m4-f10-seed17,M4,17,Finland,source_distance,Q2,904,0.27024990087295997,4,Coastal wetlands,2,902,0.006462862035122889,0.0
week5-m4-f10-seed17,M4,17,Finland,source_distance,Q2,904,0.27024990087295997,5,Complex cultivation patterns,9,895,0.104491689677248,1.0
week5-m4-f10-seed17,M4,17,Finland,source_distance,Q2,904,0.27024990087295997,6,Coniferous forest,672,232,0.8707434784286983,0.4955357142857143
week5-m4-f10-seed17,M4,17,Finland,source_distance,Q2,904,0.27024990087295997,7,Industrial or commercial units,10,894,0.02491434183204077,0.1
week5-m4-f10-seed17,M4,17,Finland,source_distance,Q2,904,0.27024990087295997,8,Inland waters,247,657,0.41119950319155746,0.13360323886639677
week5-m4-f10-seed17,M4,17,Finland,source_distance,Q2,904,0.27024990087295997,9,Inland wetlands,100,804,0.14909853621299607,0.08
week5-m4-f10-seed17,M4,17,Finland,source_distance,Q2,904,0.27024990087295997,10,"Land principally occupied by agriculture, with significant areas of natural vegetation",134,770,0.25617664918737465,0.7164179104477612
week5-m4-f10-seed17,M4,17,Finland,source_distance,Q2,904,0.27024990087295997,11,Marine waters,163,741,0.6375206682917332,0.18404907975460122
week5-m4-f10-seed17,M4,17,Finland,source_distance,Q2,904,0.27024990087295997,12,Mixed forest,512,392,0.6814311274562485,0.626953125
week5-m4-f10-seed17,M4,17,Finland,source_distance,Q2,904,0.27024990087295997,13,"Moors, heathland and sclerophyllous vegetation",5,899,0.0566147925825784,0.8
week5-m4-f10-seed17,M4,17,Finland,source_distance,Q2,904,0.27024990087295997,14,Natural grassland and sparsely vegetated areas,2,902,0.005302361657171895,0.0
week5-m4-f10-seed17,M4,17,Finland,source_distance,Q2,904,0.27024990087295997,15,Pastures,2,902,0.0030443969069453456,0.0
week5-m4-f10-seed17,M4,17,Finland,source_distance,Q2,904,0.27024990087295997,16,Permanent crops,0,904,,
week5-m4-f10-seed17,M4,17,Finland,source_distance,Q2,904,0.27024990087295997,17,"Transitional woodland, shrub",368,536,0.49400797072581426,0.45108695652173914
week5-m4-f10-seed17,M4,17,Finland,source_distance,Q2,904,0.27024990087295997,18,Urban fabric,28,876,0.05883514588627266,0.2857142857142857
week5-m4-f10-seed17,M4,17,Finland,source_distance,Q3,800,0.2978258821764343,0,Agro-forestry areas,0,800,,
week5-m4-f10-seed17,M4,17,Finland,source_distance,Q3,800,0.2978258821764343,1,Arable land,132,668,0.3944521186162242,0.6893939393939394
week5-m4-f10-seed17,M4,17,Finland,source_distance,Q3,800,0.2978258821764343,2,"Beaches, dunes, sands",0,800,,
week5-m4-f10-seed17,M4,17,Finland,source_distance,Q3,800,0.2978258821764343,3,Broad-leaved forest,58,742,0.07076995953953806,0.8448275862068966
week5-m4-f10-seed17,M4,17,Finland,source_distance,Q3,800,0.2978258821764343,4,Coastal wetlands,3,797,0.005761029580597903,0.0
week5-m4-f10-seed17,M4,17,Finland,source_distance,Q3,800,0.2978258821764343,5,Complex cultivation patterns,3,797,0.022425905787720298,0.6666666666666666
week5-m4-f10-seed17,M4,17,Finland,source_distance,Q3,800,0.2978258821764343,6,Coniferous forest,632,168,0.9087043753576766,0.5933544303797469
week5-m4-f10-seed17,M4,17,Finland,source_distance,Q3,800,0.2978258821764343,7,Industrial or commercial units,9,791,0.0537515544711633,0.1111111111111111
week5-m4-f10-seed17,M4,17,Finland,source_distance,Q3,800,0.2978258821764343,8,Inland waters,189,611,0.47508823160586977,0.2275132275132275
week5-m4-f10-seed17,M4,17,Finland,source_distance,Q3,800,0.2978258821764343,9,Inland wetlands,122,678,0.19267025431650225,0.040983606557377046
week5-m4-f10-seed17,M4,17,Finland,source_distance,Q3,800,0.2978258821764343,10,"Land principally occupied by agriculture, with significant areas of natural vegetation",160,640,0.3557439751046987,0.7125
week5-m4-f10-seed17,M4,17,Finland,source_distance,Q3,800,0.2978258821764343,11,Marine waters,86,714,0.4633669488799952,0.09302325581395349
week5-m4-f10-seed17,M4,17,Finland,source_distance,Q3,800,0.2978258821764343,12,Mixed forest,468,332,0.6093732827774857,0.6837606837606838
week5-m4-f10-seed17,M4,17,Finland,source_distance,Q3,800,0.2978258821764343,13,"Moors, heathland and sclerophyllous vegetation",4,796,0.023267843060772824,0.25
week5-m4-f10-seed17,M4,17,Finland,source_distance,Q3,800,0.2978258821764343,14,Natural grassland and sparsely vegetated areas,0,800,,
week5-m4-f10-seed17,M4,17,Finland,source_distance,Q3,800,0.2978258821764343,15,Pastures,1,799,0.004784688995215311,1.0
week5-m4-f10-seed17,M4,17,Finland,source_distance,Q3,800,0.2978258821764343,16,Permanent crops,0,800,,
week5-m4-f10-seed17,M4,17,Finland,source_distance,Q3,800,0.2978258821764343,17,"Transitional woodland, shrub",367,433,0.4312385742323549,0.329700272479564
week5-m4-f10-seed17,M4,17,Finland,source_distance,Q3,800,0.2978258821764343,18,Urban fabric,44,756,0.16392463772486282,0.4772727272727273
week5-m4-f10-seed17,M4,17,Finland,source_distance,Q4,912,0.3377737872901144,0,Agro-forestry areas,0,912,,
week5-m4-f10-seed17,M4,17,Finland,source_distance,Q4,912,0.3377737872901144,1,Arable land,190,722,0.4853430981977027,0.8421052631578947
week5-m4-f10-seed17,M4,17,Finland,source_distance,Q4,912,0.3377737872901144,2,"Beaches, dunes, sands",0,912,,
week5-m4-f10-seed17,M4,17,Finland,source_distance,Q4,912,0.3377737872901144,3,Broad-leaved forest,70,842,0.09996561470601151,0.9428571428571428
week5-m4-f10-seed17,M4,17,Finland,source_distance,Q4,912,0.3377737872901144,4,Coastal wetlands,4,908,0.17840370227896157,0.0
week5-m4-f10-seed17,M4,17,Finland,source_distance,Q4,912,0.3377737872901144,5,Complex cultivation patterns,0,912,,
week5-m4-f10-seed17,M4,17,Finland,source_distance,Q4,912,0.3377737872901144,6,Coniferous forest,748,164,0.8771256189963812,0.536096256684492
week5-m4-f10-seed17,M4,17,Finland,source_distance,Q4,912,0.3377737872901144,7,Industrial or commercial units,9,903,0.019408679704481627,0.0
week5-m4-f10-seed17,M4,17,Finland,source_distance,Q4,912,0.3377737872901144,8,Inland waters,293,619,0.6007379745035506,0.24914675767918087
week5-m4-f10-seed17,M4,17,Finland,source_distance,Q4,912,0.3377737872901144,9,Inland wetlands,195,717,0.2276242924762144,0.010256410256410256
week5-m4-f10-seed17,M4,17,Finland,source_distance,Q4,912,0.3377737872901144,10,"Land principally occupied by agriculture, with significant areas of natural vegetation",216,696,0.38544787975195005,0.6157407407407407
week5-m4-f10-seed17,M4,17,Finland,source_distance,Q4,912,0.3377737872901144,11,Marine waters,57,855,0.36510207517088306,0.03508771929824561
week5-m4-f10-seed17,M4,17,Finland,source_distance,Q4,912,0.3377737872901144,12,Mixed forest,602,310,0.6790211590484252,0.6893687707641196
week5-m4-f10-seed17,M4,17,Finland,source_distance,Q4,912,0.3377737872901144,13,"Moors, heathland and sclerophyllous vegetation",15,897,0.08336007978056496,0.2
week5-m4-f10-seed17,M4,17,Finland,source_distance,Q4,912,0.3377737872901144,14,Natural grassland and sparsely vegetated areas,0,912,,
week5-m4-f10-seed17,M4,17,Finland,source_distance,Q4,912,0.3377737872901144,15,Pastures,0,912,,
week5-m4-f10-seed17,M4,17,Finland,source_distance,Q4,912,0.3377737872901144,16,Permanent crops,1,911,0.0011534025374855825,0.0
week5-m4-f10-seed17,M4,17,Finland,source_distance,Q4,912,0.3377737872901144,17,"Transitional woodland, shrub",432,480,0.48015928303741406,0.3726851851851852
week5-m4-f10-seed17,M4,17,Finland,source_distance,Q4,912,0.3377737872901144,18,Urban fabric,33,879,0.08661007686042299,0.5151515151515151
week5-m4-f10-seed17,M4,17,Portugal,label_count,1,599,0.21029775579401946,0,Agro-forestry areas,44,555,0.12855575713785217,0.0
week5-m4-f10-seed17,M4,17,Portugal,label_count,1,599,0.21029775579401946,1,Arable land,63,536,0.5715780832921284,1.0
week5-m4-f10-seed17,M4,17,Portugal,label_count,1,599,0.21029775579401946,2,"Beaches, dunes, sands",0,599,,
week5-m4-f10-seed17,M4,17,Portugal,label_count,1,599,0.21029775579401946,3,Broad-leaved forest,28,571,0.12281235096797112,0.5
week5-m4-f10-seed17,M4,17,Portugal,label_count,1,599,0.21029775579401946,4,Coastal wetlands,2,597,0.053613053613053616,0.0
week5-m4-f10-seed17,M4,17,Portugal,label_count,1,599,0.21029775579401946,5,Complex cultivation patterns,3,596,0.0804138321995465,0.3333333333333333
week5-m4-f10-seed17,M4,17,Portugal,label_count,1,599,0.21029775579401946,6,Coniferous forest,1,598,0.05555555555555555,1.0
week5-m4-f10-seed17,M4,17,Portugal,label_count,1,599,0.21029775579401946,7,Industrial or commercial units,0,599,,
week5-m4-f10-seed17,M4,17,Portugal,label_count,1,599,0.21029775579401946,8,Inland waters,0,599,,
week5-m4-f10-seed17,M4,17,Portugal,label_count,1,599,0.21029775579401946,9,Inland wetlands,0,599,,
week5-m4-f10-seed17,M4,17,Portugal,label_count,1,599,0.21029775579401946,10,"Land principally occupied by agriculture, with significant areas of natural vegetation",2,597,0.01119055923729799,0.0
week5-m4-f10-seed17,M4,17,Portugal,label_count,1,599,0.21029775579401946,11,Marine waters,416,183,0.9983109994880881,0.5769230769230769
week5-m4-f10-seed17,M4,17,Portugal,label_count,1,599,0.21029775579401946,12,Mixed forest,6,593,0.15660389148803505,0.5
week5-m4-f10-seed17,M4,17,Portugal,label_count,1,599,0.21029775579401946,13,"Moors, heathland and sclerophyllous vegetation",8,591,0.17057642609655982,0.125
week5-m4-f10-seed17,M4,17,Portugal,label_count,1,599,0.21029775579401946,14,Natural grassland and sparsely vegetated areas,0,599,,
week5-m4-f10-seed17,M4,17,Portugal,label_count,1,599,0.21029775579401946,15,Pastures,1,598,0.003968253968253968,0.0
week5-m4-f10-seed17,M4,17,Portugal,label_count,1,599,0.21029775579401946,16,Permanent crops,10,589,0.04131749337297138,0.0
week5-m4-f10-seed17,M4,17,Portugal,label_count,1,599,0.21029775579401946,17,"Transitional woodland, shrub",15,584,0.10094786806780634,0.5333333333333333
week5-m4-f10-seed17,M4,17,Portugal,label_count,1,599,0.21029775579401946,18,Urban fabric,0,599,,
week5-m4-f10-seed17,M4,17,Portugal,label_count,2,772,0.2580914175298294,0,Agro-forestry areas,241,531,0.2757933525128345,0.0
week5-m4-f10-seed17,M4,17,Portugal,label_count,2,772,0.2580914175298294,1,Arable land,282,490,0.6189473319580442,0.9645390070921985
week5-m4-f10-seed17,M4,17,Portugal,label_count,2,772,0.2580914175298294,2,"Beaches, dunes, sands",8,764,0.21571092328565153,0.0
week5-m4-f10-seed17,M4,17,Portugal,label_count,2,772,0.2580914175298294,3,Broad-leaved forest,235,537,0.45650183497171753,0.6468085106382979
week5-m4-f10-seed17,M4,17,Portugal,label_count,2,772,0.2580914175298294,4,Coastal wetlands,7,765,0.027044634875518676,0.0
week5-m4-f10-seed17,M4,17,Portugal,label_count,2,772,0.2580914175298294,5,Complex cultivation patterns,66,706,0.10603099047237924,0.3333333333333333
week5-m4-f10-seed17,M4,17,Portugal,label_count,2,772,0.2580914175298294,6,Coniferous forest,35,737,0.10806616563585136,0.6
week5-m4-f10-seed17,M4,17,Portugal,label_count,2,772,0.2580914175298294,7,Industrial or commercial units,7,765,0.21641960842966917,0.0
week5-m4-f10-seed17,M4,17,Portugal,label_count,2,772,0.2580914175298294,8,Inland waters,13,759,0.028365786606352396,0.0
week5-m4-f10-seed17,M4,17,Portugal,label_count,2,772,0.2580914175298294,9,Inland wetlands,0,772,,
week5-m4-f10-seed17,M4,17,Portugal,label_count,2,772,0.2580914175298294,10,"Land principally occupied by agriculture, with significant areas of natural vegetation",45,727,0.09734468841214197,0.4888888888888889
week5-m4-f10-seed17,M4,17,Portugal,label_count,2,772,0.2580914175298294,11,Marine waters,23,749,0.7632751065137553,0.5652173913043478
week5-m4-f10-seed17,M4,17,Portugal,label_count,2,772,0.2580914175298294,12,Mixed forest,40,732,0.12726301069233018,0.3
week5-m4-f10-seed17,M4,17,Portugal,label_count,2,772,0.2580914175298294,13,"Moors, heathland and sclerophyllous vegetation",61,711,0.1172820561062,0.06557377049180328
week5-m4-f10-seed17,M4,17,Portugal,label_count,2,772,0.2580914175298294,14,Natural grassland and sparsely vegetated areas,0,772,,
week5-m4-f10-seed17,M4,17,Portugal,label_count,2,772,0.2580914175298294,15,Pastures,79,693,0.11540445296068087,0.17721518987341772
week5-m4-f10-seed17,M4,17,Portugal,label_count,2,772,0.2580914175298294,16,Permanent crops,147,625,0.25037237934645146,0.0
week5-m4-f10-seed17,M4,17,Portugal,label_count,2,772,0.2580914175298294,17,"Transitional woodland, shrub",240,532,0.3667433388086646,0.45
week5-m4-f10-seed17,M4,17,Portugal,label_count,2,772,0.2580914175298294,18,Urban fabric,15,757,0.24126309450337333,0.26666666666666666
week5-m4-f10-seed17,M4,17,Portugal,label_count,3,1160,0.25056359582001786,0,Agro-forestry areas,466,694,0.3345043851327769,0.0
week5-m4-f10-seed17,M4,17,Portugal,label_count,3,1160,0.25056359582001786,1,Arable land,498,662,0.59448833598282,0.9136546184738956
week5-m4-f10-seed17,M4,17,Portugal,label_count,3,1160,0.25056359582001786,2,"Beaches, dunes, sands",11,1149,0.34189387351958656,0.0
week5-m4-f10-seed17,M4,17,Portugal,label_count,3,1160,0.25056359582001786,3,Broad-leaved forest,505,655,0.5345787721084325,0.601980198019802
week5-m4-f10-seed17,M4,17,Portugal,label_count,3,1160,0.25056359582001786,4,Coastal wetlands,10,1150,0.04388796915693801,0.0
week5-m4-f10-seed17,M4,17,Portugal,label_count,3,1160,0.25056359582001786,5,Complex cultivation patterns,182,978,0.21201705693426695,0.4065934065934066
week5-m4-f10-seed17,M4,17,Portugal,label_count,3,1160,0.25056359582001786,6,Coniferous forest,92,1068,0.12316546290564896,0.4891304347826087
week5-m4-f10-seed17,M4,17,Portugal,label_count,3,1160,0.25056359582001786,7,Industrial or commercial units,12,1148,0.030159118296973944,0.0
week5-m4-f10-seed17,M4,17,Portugal,label_count,3,1160,0.25056359582001786,8,Inland waters,55,1105,0.1499011471873599,0.10909090909090909
week5-m4-f10-seed17,M4,17,Portugal,label_count,3,1160,0.25056359582001786,9,Inland wetlands,1,1159,0.010416666666666666,0.0
week5-m4-f10-seed17,M4,17,Portugal,label_count,3,1160,0.25056359582001786,10,"Land principally occupied by agriculture, with significant areas of natural vegetation",198,962,0.1977552397533303,0.5303030303030303
week5-m4-f10-seed17,M4,17,Portugal,label_count,3,1160,0.25056359582001786,11,Marine waters,21,1139,0.47864874084513964,0.19047619047619047
week5-m4-f10-seed17,M4,17,Portugal,label_count,3,1160,0.25056359582001786,12,Mixed forest,143,1017,0.17791419681874956,0.3146853146853147
week5-m4-f10-seed17,M4,17,Portugal,label_count,3,1160,0.25056359582001786,13,"Moors, heathland and sclerophyllous vegetation",186,974,0.22112491787852906,0.13978494623655913
week5-m4-f10-seed17,M4,17,Portugal,label_count,3,1160,0.25056359582001786,14,Natural grassland and sparsely vegetated areas,11,1149,0.015493756052373199,0.45454545454545453
week5-m4-f10-seed17,M4,17,Portugal,label_count,3,1160,0.25056359582001786,15,Pastures,176,984,0.2008006706840342,0.16477272727272727
week5-m4-f10-seed17,M4,17,Portugal,label_count,3,1160,0.25056359582001786,16,Permanent crops,294,866,0.2914347250268026,0.0
week5-m4-f10-seed17,M4,17,Portugal,label_count,3,1160,0.25056359582001786,17,"Transitional woodland, shrub",570,590,0.5534356292398289,0.4280701754385965
week5-m4-f10-seed17,M4,17,Portugal,label_count,3,1160,0.25056359582001786,18,Urban fabric,49,1111,0.21768309673932942,0.32653061224489793
week5-m4-f10-seed17,M4,17,Portugal,label_count,4+,1469,0.3401384578360037,0,Agro-forestry areas,657,812,0.38296940406318336,0.0
week5-m4-f10-seed17,M4,17,Portugal,label_count,4+,1469,0.3401384578360037,1,Arable land,803,666,0.6502013143233178,0.8904109589041096
week5-m4-f10-seed17,M4,17,Portugal,label_count,4+,1469,0.3401384578360037,2,"Beaches, dunes, sands",27,1442,0.09581658237610213,0.0
week5-m4-f10-seed17,M4,17,Portugal,label_count,4+,1469,0.3401384578360037,3,Broad-leaved forest,820,649,0.6432854499398735,0.5573170731707318
week5-m4-f10-seed17,M4,17,Portugal,label_count,4+,1469,0.3401384578360037,4,Coastal wetlands,26,1443,0.0703139355160002,0.0
week5-m4-f10-seed17,M4,17,Portugal,label_count,4+,1469,0.3401384578360037,5,Complex cultivation patterns,565,904,0.4351501606269936,0.46194690265486726
week5-m4-f10-seed17,M4,17,Portugal,label_count,4+,1469,0.3401384578360037,6,Coniferous forest,257,1212,0.25493475291108747,0.3657587548638132
week5-m4-f10-seed17,M4,17,Portugal,label_count,4+,1469,0.3401384578360037,7,Industrial or commercial units,76,1393,0.11178487446660611,0.013157894736842105
week5-m4-f10-seed17,M4,17,Portugal,label_count,4+,1469,0.3401384578360037,8,Inland waters,138,1331,0.24393440697150034,0.10144927536231885
week5-m4-f10-seed17,M4,17,Portugal,label_count,4+,1469,0.3401384578360037,9,Inland wetlands,3,1466,0.16884010060368856,0.0
week5-m4-f10-seed17,M4,17,Portugal,label_count,4+,1469,0.3401384578360037,10,"Land principally occupied by agriculture, with significant areas of natural vegetation",518,951,0.3639276704474573,0.5598455598455598
week5-m4-f10-seed17,M4,17,Portugal,label_count,4+,1469,0.3401384578360037,11,Marine waters,38,1431,0.26264474747756866,0.07894736842105263
week5-m4-f10-seed17,M4,17,Portugal,label_count,4+,1469,0.3401384578360037,12,Mixed forest,398,1071,0.3524927559931255,0.27386934673366836
week5-m4-f10-seed17,M4,17,Portugal,label_count,4+,1469,0.3401384578360037,13,"Moors, heathland and sclerophyllous vegetation",252,1217,0.189933784376269,0.04365079365079365
week5-m4-f10-seed17,M4,17,Portugal,label_count,4+,1469,0.3401384578360037,14,Natural grassland and sparsely vegetated areas,39,1430,0.031529072631376595,0.20512820512820512
week5-m4-f10-seed17,M4,17,Portugal,label_count,4+,1469,0.3401384578360037,15,Pastures,323,1146,0.21145152500607176,0.13003095975232198
week5-m4-f10-seed17,M4,17,Portugal,label_count,4+,1469,0.3401384578360037,16,Permanent crops,512,957,0.373182357162651,0.0
week5-m4-f10-seed17,M4,17,Portugal,label_count,4+,1469,0.3401384578360037,17,"Transitional woodland, shrub",927,542,0.7001064566231678,0.42718446601941745
week5-m4-f10-seed17,M4,17,Portugal,label_count,4+,1469,0.3401384578360037,18,Urban fabric,261,1208,0.4488158958153046,0.3524904214559387
week5-m4-f10-seed17,M4,17,Portugal,quarter,Q1,803,0.329181148690983,0,Agro-forestry areas,289,514,0.3863490533001672,0.0
week5-m4-f10-seed17,M4,17,Portugal,quarter,Q1,803,0.329181148690983,1,Arable land,335,468,0.6215544451844472,0.9701492537313433
week5-m4-f10-seed17,M4,17,Portugal,quarter,Q1,803,0.329181148690983,2,"Beaches, dunes, sands",7,796,0.04423756673094908,0.0
week5-m4-f10-seed17,M4,17,Portugal,quarter,Q1,803,0.329181148690983,3,Broad-leaved forest,289,514,0.5967141532950724,0.7716262975778547
week5-m4-f10-seed17,M4,17,Portugal,quarter,Q1,803,0.329181148690983,4,Coastal wetlands,9,794,0.10945713861673897,0.0
week5-m4-f10-seed17,M4,17,Portugal,quarter,Q1,803,0.329181148690983,5,Complex cultivation patterns,133,670,0.3049277683613083,0.6466165413533834
week5-m4-f10-seed17,M4,17,Portugal,quarter,Q1,803,0.329181148690983,6,Coniferous forest,54,749,0.14180296182282154,0.42592592592592593
week5-m4-f10-seed17,M4,17,Portugal,quarter,Q1,803,0.329181148690983,7,Industrial or commercial units,14,789,0.11070650205813405,0.0
week5-m4-f10-seed17,M4,17,Portugal,quarter,Q1,803,0.329181148690983,8,Inland waters,35,768,0.2775765455937197,0.2
week5-m4-f10-seed17,M4,17,Portugal,quarter,Q1,803,0.329181148690983,9,Inland wetlands,1,802,0.017543859649122806,0.0
week5-m4-f10-seed17,M4,17,Portugal,quarter,Q1,803,0.329181148690983,10,"Land principally occupied by agriculture, with significant areas of natural vegetation",147,656,0.22422373438834722,0.5374149659863946
week5-m4-f10-seed17,M4,17,Portugal,quarter,Q1,803,0.329181148690983,11,Marine waters,140,663,0.9557796726558438,0.8571428571428571
week5-m4-f10-seed17,M4,17,Portugal,quarter,Q1,803,0.329181148690983,12,Mixed forest,61,742,0.11212446726244776,0.3770491803278688
week5-m4-f10-seed17,M4,17,Portugal,quarter,Q1,803,0.329181148690983,13,"Moors, heathland and sclerophyllous vegetation",150,653,0.19734302046141436,0.0
week5-m4-f10-seed17,M4,17,Portugal,quarter,Q1,803,0.329181148690983,14,Natural grassland and sparsely vegetated areas,4,799,0.00799893866531829,0.0
week5-m4-f10-seed17,M4,17,Portugal,quarter,Q1,803,0.329181148690983,15,Pastures,128,675,0.2478860559135978,0.3828125
week5-m4-f10-seed17,M4,17,Portugal,quarter,Q1,803,0.329181148690983,16,Permanent crops,165,638,0.4522012233500923,0.0
week5-m4-f10-seed17,M4,17,Portugal,quarter,Q1,803,0.329181148690983,17,"Transitional woodland, shrub",334,469,0.5293867054646143,0.2994011976047904
week5-m4-f10-seed17,M4,17,Portugal,quarter,Q1,803,0.329181148690983,18,Urban fabric,47,756,0.4691283249294268,0.6595744680851063
week5-m4-f10-seed17,M4,17,Portugal,quarter,Q2,654,0.35238364128544586,0,Agro-forestry areas,275,379,0.41244553061321876,0.0
week5-m4-f10-seed17,M4,17,Portugal,quarter,Q2,654,0.35238364128544586,1,Arable land,286,368,0.6289038856351014,0.986013986013986
week5-m4-f10-seed17,M4,17,Portugal,quarter,Q2,654,0.35238364128544586,2,"Beaches, dunes, sands",6,648,0.07991673580636845,0.0
week5-m4-f10-seed17,M4,17,Portugal,quarter,Q2,654,0.35238364128544586,3,Broad-leaved forest,282,372,0.4874167001751047,0.3191489361702128
week5-m4-f10-seed17,M4,17,Portugal,quarter,Q2,654,0.35238364128544586,4,Coastal wetlands,2,652,0.12843642611683848,0.0
week5-m4-f10-seed17,M4,17,Portugal,quarter,Q2,654,0.35238364128544586,5,Complex cultivation patterns,139,515,0.34885591481393446,0.762589928057554
week5-m4-f10-seed17,M4,17,Portugal,quarter,Q2,654,0.35238364128544586,6,Coniferous forest,86,568,0.2626725786040215,0.2441860465116279
week5-m4-f10-seed17,M4,17,Portugal,quarter,Q2,654,0.35238364128544586,7,Industrial or commercial units,24,630,0.1253336559544543,0.0
week5-m4-f10-seed17,M4,17,Portugal,quarter,Q2,654,0.35238364128544586,8,Inland waters,43,611,0.2935481306500447,0.18604651162790697
week5-m4-f10-seed17,M4,17,Portugal,quarter,Q2,654,0.35238364128544586,9,Inland wetlands,0,654,,
week5-m4-f10-seed17,M4,17,Portugal,quarter,Q2,654,0.35238364128544586,10,"Land principally occupied by agriculture, with significant areas of natural vegetation",110,544,0.27074429111304243,0.7818181818181819
week5-m4-f10-seed17,M4,17,Portugal,quarter,Q2,654,0.35238364128544586,11,Marine waters,42,612,0.9105483012823716,0.8095238095238095
week5-m4-f10-seed17,M4,17,Portugal,quarter,Q2,654,0.35238364128544586,12,Mixed forest,145,509,0.2408575231005207,0.05517241379310345
week5-m4-f10-seed17,M4,17,Portugal,quarter,Q2,654,0.35238364128544586,13,"Moors, heathland and sclerophyllous vegetation",38,616,0.07408401280264128,0.0
week5-m4-f10-seed17,M4,17,Portugal,quarter,Q2,654,0.35238364128544586,14,Natural grassland and sparsely vegetated areas,12,642,0.07369680157855359,0.16666666666666666
week5-m4-f10-seed17,M4,17,Portugal,quarter,Q2,654,0.35238364128544586,15,Pastures,120,534,0.21352126777629904,0.225
week5-m4-f10-seed17,M4,17,Portugal,quarter,Q2,654,0.35238364128544586,16,Permanent crops,188,466,0.3523246591338892,0.0
week5-m4-f10-seed17,M4,17,Portugal,quarter,Q2,654,0.35238364128544586,17,"Transitional woodland, shrub",272,382,0.4882038434827365,0.16911764705882354
week5-m4-f10-seed17,M4,17,Portugal,quarter,Q2,654,0.35238364128544586,18,Urban fabric,70,584,0.5150430531789725,0.6
week5-m4-f10-seed17,M4,17,Portugal,quarter,Q3,668,0.3118731656984391,0,Agro-forestry areas,288,380,0.36957779132606294,0.0
week5-m4-f10-seed17,M4,17,Portugal,quarter,Q3,668,0.3118731656984391,1,Arable land,304,364,0.5467923149225618,0.993421052631579
week5-m4-f10-seed17,M4,17,Portugal,quarter,Q3,668,0.3118731656984391,2,"Beaches, dunes, sands",9,659,0.2922442186906989,0.0
week5-m4-f10-seed17,M4,17,Portugal,quarter,Q3,668,0.3118731656984391,3,Broad-leaved forest,275,393,0.5159853738434115,0.18545454545454546
week5-m4-f10-seed17,M4,17,Portugal,quarter,Q3,668,0.3118731656984391,4,Coastal wetlands,8,660,0.1065925207510313,0.0
week5-m4-f10-seed17,M4,17,Portugal,quarter,Q3,668,0.3118731656984391,5,Complex cultivation patterns,161,507,0.2797928938673588,0.32919254658385094
week5-m4-f10-seed17,M4,17,Portugal,quarter,Q3,668,0.3118731656984391,6,Coniferous forest,79,589,0.27198742795595143,0.16455696202531644
week5-m4-f10-seed17,M4,17,Portugal,quarter,Q3,668,0.3118731656984391,7,Industrial or commercial units,16,652,0.0414243556158755,0.0
week5-m4-f10-seed17,M4,17,Portugal,quarter,Q3,668,0.3118731656984391,8,Inland waters,43,625,0.18648044687188708,0.06976744186046512
week5-m4-f10-seed17,M4,17,Portugal,quarter,Q3,668,0.3118731656984391,9,Inland wetlands,1,667,0.5,0.0
week5-m4-f10-seed17,M4,17,Portugal,quarter,Q3,668,0.3118731656984391,10,"Land principally occupied by agriculture, with significant areas of natural vegetation",111,557,0.19422115698863804,0.5945945945945946
week5-m4-f10-seed17,M4,17,Portugal,quarter,Q3,668,0.3118731656984391,11,Marine waters,48,620,0.9328576685677934,0.7916666666666666
week5-m4-f10-seed17,M4,17,Portugal,quarter,Q3,668,0.3118731656984391,12,Mixed forest,134,534,0.2281902587732218,0.03731343283582089
week5-m4-f10-seed17,M4,17,Portugal,quarter,Q3,668,0.3118731656984391,13,"Moors, heathland and sclerophyllous vegetation",37,631,0.055253335778350655,0.0
week5-m4-f10-seed17,M4,17,Portugal,quarter,Q3,668,0.3118731656984391,14,Natural grassland and sparsely vegetated areas,10,658,0.02465429382114202,0.4
week5-m4-f10-seed17,M4,17,Portugal,quarter,Q3,668,0.3118731656984391,15,Pastures,114,554,0.14349343605437104,0.02631578947368421
week5-m4-f10-seed17,M4,17,Portugal,quarter,Q3,668,0.3118731656984391,16,Permanent crops,198,470,0.27768199424475787,0.0
week5-m4-f10-seed17,M4,17,Portugal,quarter,Q3,668,0.3118731656984391,17,"Transitional woodland, shrub",260,408,0.44149290612579833,0.3923076923076923
week5-m4-f10-seed17,M4,17,Portugal,quarter,Q3,668,0.3118731656984391,18,Urban fabric,62,606,0.34966278774390624,0.16129032258064516
week5-m4-f10-seed17,M4,17,Portugal,quarter,Q4,1875,0.28965121498439084,0,Agro-forestry areas,556,1319,0.24721146793953996,0.0
week5-m4-f10-seed17,M4,17,Portugal,quarter,Q4,1875,0.28965121498439084,1,Arable land,721,1154,0.6583864894829534,0.826629680998613
week5-m4-f10-seed17,M4,17,Portugal,quarter,Q4,1875,0.28965121498439084,2,"Beaches, dunes, sands",24,1851,0.07234166884152031,0.0
week5-m4-f10-seed17,M4,17,Portugal,quarter,Q4,1875,0.28965121498439084,3,Broad-leaved forest,742,1133,0.5262668911945819,0.7587601078167115
week5-m4-f10-seed17,M4,17,Portugal,quarter,Q4,1875,0.28965121498439084,4,Coastal wetlands,26,1849,0.03052036337772716,0.0
week5-m4-f10-seed17,M4,17,Portugal,quarter,Q4,1875,0.28965121498439084,5,Complex cultivation patterns,383,1492,0.2769533726419371,0.2950391644908616
week5-m4-f10-seed17,M4,17,Portugal,quarter,Q4,1875,0.28965121498439084,6,Coniferous forest,166,1709,0.19149820736325843,0.6265060240963856
week5-m4-f10-seed17,M4,17,Portugal,quarter,Q4,1875,0.28965121498439084,7,Industrial or commercial units,41,1834,0.07423858653681374,0.024390243902439025
week5-m4-f10-seed17,M4,17,Portugal,quarter,Q4,1875,0.28965121498439084,8,Inland waters,85,1790,0.04587453542542419,0.023529411764705882
week5-m4-f10-seed17,M4,17,Portugal,quarter,Q4,1875,0.28965121498439084,9,Inland wetlands,2,1873,0.0012313404561642798,0.0
week5-m4-f10-seed17,M4,17,Portugal,quarter,Q4,1875,0.28965121498439084,10,"Land principally occupied by agriculture, with significant areas of natural vegetation",395,1480,0.2585797638384106,0.4708860759493671
week5-m4-f10-seed17,M4,17,Portugal,quarter,Q4,1875,0.28965121498439084,11,Marine waters,268,1607,0.9476091155936298,0.2537313432835821
week5-m4-f10-seed17,M4,17,Portugal,quarter,Q4,1875,0.28965121498439084,12,Mixed forest,247,1628,0.3367146287424372,0.5384615384615384
week5-m4-f10-seed17,M4,17,Portugal,quarter,Q4,1875,0.28965121498439084,13,"Moors, heathland and sclerophyllous vegetation",282,1593,0.18032345754697934,0.14893617021276595
week5-m4-f10-seed17,M4,17,Portugal,quarter,Q4,1875,0.28965121498439084,14,Natural grassland and sparsely vegetated areas,24,1851,0.017131734623786005,0.2916666666666667
week5-m4-f10-seed17,M4,17,Portugal,quarter,Q4,1875,0.28965121498439084,15,Pastures,217,1658,0.09695742452475352,0.027649769585253458
week5-m4-f10-seed17,M4,17,Portugal,quarter,Q4,1875,0.28965121498439084,16,Permanent crops,412,1463,0.2193857043575467,0.0
week5-m4-f10-seed17,M4,17,Portugal,quarter,Q4,1875,0.28965121498439084,17,"Transitional woodland, shrub",886,989,0.569652078977975,0.5733634311512416
week5-m4-f10-seed17,M4,17,Portugal,quarter,Q4,1875,0.28965121498439084,18,Urban fabric,146,1729,0.23361610844360203,0.19863013698630136
week5-m4-f10-seed17,M4,17,Portugal,country,Portugal,4000,0.29562530180239166,0,Agro-forestry areas,1408,2592,0.31967849242132934,0.0
week5-m4-f10-seed17,M4,17,Portugal,country,Portugal,4000,0.29562530180239166,1,Arable land,1646,2354,0.6128278017146404,0.9143377885783718
week5-m4-f10-seed17,M4,17,Portugal,country,Portugal,4000,0.29562530180239166,2,"Beaches, dunes, sands",46,3954,0.07990477883723364,0.0
week5-m4-f10-seed17,M4,17,Portugal,country,Portugal,4000,0.29562530180239166,3,Broad-leaved forest,1588,2412,0.5207398273943986,0.5837531486146096
week5-m4-f10-seed17,M4,17,Portugal,country,Portugal,4000,0.29562530180239166,4,Coastal wetlands,45,3955,0.043346290519669664,0.0
week5-m4-f10-seed17,M4,17,Portugal,country,Portugal,4000,0.29562530180239166,5,Complex cultivation patterns,816,3184,0.27924963568640304,0.4387254901960784
week5-m4-f10-seed17,M4,17,Portugal,country,Portugal,4000,0.29562530180239166,6,Coniferous forest,385,3615,0.16754663442356713,0.41818181818181815
week5-m4-f10-seed17,M4,17,Portugal,country,Portugal,4000,0.29562530180239166,7,Industrial or commercial units,95,3905,0.07987681132647866,0.010526315789473684
week5-m4-f10-seed17,M4,17,Portugal,country,Portugal,4000,0.29562530180239166,8,Inland waters,206,3794,0.14022966989563676,0.0970873786407767
week5-m4-f10-seed17,M4,17,Portugal,country,Portugal,4000,0.29562530180239166,9,Inland wetlands,4,3996,0.03839165583335227,0.0
week5-m4-f10-seed17,M4,17,Portugal,country,Portugal,4000,0.29562530180239166,10,"Land principally occupied by agriculture, with significant areas of natural vegetation",763,3237,0.23583859043227767,0.546526867627785
week5-m4-f10-seed17,M4,17,Portugal,country,Portugal,4000,0.29562530180239166,11,Marine waters,498,3502,0.9383641620004182,0.5220883534136547
week5-m4-f10-seed17,M4,17,Portugal,country,Portugal,4000,0.29562530180239166,12,Mixed forest,587,3413,0.2288898780056776,0.2879045996592845
week5-m4-f10-seed17,M4,17,Portugal,country,Portugal,4000,0.29562530180239166,13,"Moors, heathland and sclerophyllous vegetation",507,3493,0.1615120026142114,0.08284023668639054
week5-m4-f10-seed17,M4,17,Portugal,country,Portugal,4000,0.29562530180239166,14,Natural grassland and sparsely vegetated areas,50,3950,0.01683830015459389,0.26
week5-m4-f10-seed17,M4,17,Portugal,country,Portugal,4000,0.29562530180239166,15,Pastures,579,3421,0.1651021236982414,0.14680483592400692
week5-m4-f10-seed17,M4,17,Portugal,country,Portugal,4000,0.29562530180239166,16,Permanent crops,963,3037,0.29029318807398075,0.0
week5-m4-f10-seed17,M4,17,Portugal,country,Portugal,4000,0.29562530180239166,17,"Transitional woodland, shrub",1752,2248,0.535444807933413,0.4315068493150685
week5-m4-f10-seed17,M4,17,Portugal,country,Portugal,4000,0.29562530180239166,18,Urban fabric,325,3675,0.3188597396509755,0.3446153846153846
week5-m4-f10-seed17,M4,17,Portugal,source_distance,Q1,621,0.29150092845095976,0,Agro-forestry areas,93,528,0.1745907896605834,0.0
week5-m4-f10-seed17,M4,17,Portugal,source_distance,Q1,621,0.29150092845095976,1,Arable land,91,530,0.6187770755494867,0.945054945054945
week5-m4-f10-seed17,M4,17,Portugal,source_distance,Q1,621,0.29150092845095976,2,"Beaches, dunes, sands",9,612,0.0790092080592875,0.0
week5-m4-f10-seed17,M4,17,Portugal,source_distance,Q1,621,0.29150092845095976,3,Broad-leaved forest,86,535,0.3794962908235004,0.4883720930232558
week5-m4-f10-seed17,M4,17,Portugal,source_distance,Q1,621,0.29150092845095976,4,Coastal wetlands,1,620,0.018867924528301886,0.0
week5-m4-f10-seed17,M4,17,Portugal,source_distance,Q1,621,0.29150092845095976,5,Complex cultivation patterns,39,582,0.2104777927077231,0.3076923076923077
week5-m4-f10-seed17,M4,17,Portugal,source_distance,Q1,621,0.29150092845095976,6,Coniferous forest,17,604,0.16725826164384464,0.4117647058823529
week5-m4-f10-seed17,M4,17,Portugal,source_distance,Q1,621,0.29150092845095976,7,Industrial or commercial units,3,618,0.17288846088483545,0.0
week5-m4-f10-seed17,M4,17,Portugal,source_distance,Q1,621,0.29150092845095976,8,Inland waters,7,614,0.008736147858799536,0.0
week5-m4-f10-seed17,M4,17,Portugal,source_distance,Q1,621,0.29150092845095976,9,Inland wetlands,0,621,,
week5-m4-f10-seed17,M4,17,Portugal,source_distance,Q1,621,0.29150092845095976,10,"Land principally occupied by agriculture, with significant areas of natural vegetation",46,575,0.290257567929386,0.34782608695652173
week5-m4-f10-seed17,M4,17,Portugal,source_distance,Q1,621,0.29150092845095976,11,Marine waters,404,217,0.9998776936517181,0.5717821782178217
week5-m4-f10-seed17,M4,17,Portugal,source_distance,Q1,621,0.29150092845095976,12,Mixed forest,32,589,0.181575280564915,0.28125
week5-m4-f10-seed17,M4,17,Portugal,source_distance,Q1,621,0.29150092845095976,13,"Moors, heathland and sclerophyllous vegetation",33,588,0.1493765133764237,0.15151515151515152
week5-m4-f10-seed17,M4,17,Portugal,source_distance,Q1,621,0.29150092845095976,14,Natural grassland and sparsely vegetated areas,3,618,0.18470835522858642,0.3333333333333333
week5-m4-f10-seed17,M4,17,Portugal,source_distance,Q1,621,0.29150092845095976,15,Pastures,41,580,0.06344308930911828,0.0
week5-m4-f10-seed17,M4,17,Portugal,source_distance,Q1,621,0.29150092845095976,16,Permanent crops,63,558,0.2599144092693346,0.0
week5-m4-f10-seed17,M4,17,Portugal,source_distance,Q1,621,0.29150092845095976,17,"Transitional woodland, shrub",106,515,0.3354260037292254,0.2830188679245283
week5-m4-f10-seed17,M4,17,Portugal,source_distance,Q1,621,0.29150092845095976,18,Urban fabric,14,607,0.3503009842374988,0.35714285714285715
week5-m4-f10-seed17,M4,17,Portugal,source_distance,Q2,697,0.29983058360533826,0,Agro-forestry areas,249,448,0.2945497250481909,0.0
week5-m4-f10-seed17,M4,17,Portugal,source_distance,Q2,697,0.29983058360533826,1,Arable land,308,389,0.6728204432911066,0.9415584415584416
week5-m4-f10-seed17,M4,17,Portugal,source_distance,Q2,697,0.29983058360533826,2,"Beaches, dunes, sands",2,695,0.10203252032520325,0.0
week5-m4-f10-seed17,M4,17,Portugal,source_distance,Q2,697,0.29983058360533826,3,Broad-leaved forest,293,404,0.5399888930265988,0.4709897610921502
week5-m4-f10-seed17,M4,17,Portugal,source_distance,Q2,697,0.29983058360533826,4,Coastal wetlands,8,689,0.020025069342746137,0.0
week5-m4-f10-seed17,M4,17,Portugal,source_distance,Q2,697,0.29983058360533826,5,Complex cultivation patterns,140,557,0.2733661809677986,0.42142857142857143
week5-m4-f10-seed17,M4,17,Portugal,source_distance,Q2,697,0.29983058360533826,6,Coniferous forest,67,630,0.24104809971872085,0.3283582089552239
week5-m4-f10-seed17,M4,17,Portugal,source_distance,Q2,697,0.29983058360533826,7,Industrial or commercial units,16,681,0.04506900450039419,0.0
week5-m4-f10-seed17,M4,17,Portugal,source_distance,Q2,697,0.29983058360533826,8,Inland waters,38,659,0.04749663383937446,0.0
week5-m4-f10-seed17,M4,17,Portugal,source_distance,Q2,697,0.29983058360533826,9,Inland wetlands,1,696,0.002070393374741201,0.0
week5-m4-f10-seed17,M4,17,Portugal,source_distance,Q2,697,0.29983058360533826,10,"Land principally occupied by agriculture, with significant areas of natural vegetation",131,566,0.2009557500828248,0.3816793893129771
week5-m4-f10-seed17,M4,17,Portugal,source_distance,Q2,697,0.29983058360533826,11,Marine waters,30,667,0.8645481114683432,0.8
week5-m4-f10-seed17,M4,17,Portugal,source_distance,Q2,697,0.29983058360533826,12,Mixed forest,103,594,0.24942355178183503,0.2815533980582524
week5-m4-f10-seed17,M4,17,Portugal,source_distance,Q2,697,0.29983058360533826,13,"Moors, heathland and sclerophyllous vegetation",84,613,0.17549518644824746,0.11904761904761904
week5-m4-f10-seed17,M4,17,Portugal,source_distance,Q2,697,0.29983058360533826,14,Natural grassland and sparsely vegetated areas,6,691,0.0169768467185366,0.16666666666666666
week5-m4-f10-seed17,M4,17,Portugal,source_distance,Q2,697,0.29983058360533826,15,Pastures,109,588,0.17627768890569287,0.08256880733944955
week5-m4-f10-seed17,M4,17,Portugal,source_distance,Q2,697,0.29983058360533826,16,Permanent crops,204,493,0.3307155304298886,0.0
week5-m4-f10-seed17,M4,17,Portugal,source_distance,Q2,697,0.29983058360533826,17,"Transitional woodland, shrub",319,378,0.5552732526637807,0.26332288401253917
week5-m4-f10-seed17,M4,17,Portugal,source_distance,Q2,697,0.29983058360533826,18,Urban fabric,57,640,0.4057637704675284,0.40350877192982454
week5-m4-f10-seed17,M4,17,Portugal,source_distance,Q3,908,0.2946382476820953,0,Agro-forestry areas,329,579,0.31255002863097064,0.0
week5-m4-f10-seed17,M4,17,Portugal,source_distance,Q3,908,0.2946382476820953,1,Arable land,428,480,0.627898859245096,0.9065420560747663
week5-m4-f10-seed17,M4,17,Portugal,source_distance,Q3,908,0.2946382476820953,2,"Beaches, dunes, sands",5,903,0.04588524544081077,0.0
week5-m4-f10-seed17,M4,17,Portugal,source_distance,Q3,908,0.2946382476820953,3,Broad-leaved forest,389,519,0.5455433750684584,0.6452442159383034
week5-m4-f10-seed17,M4,17,Portugal,source_distance,Q3,908,0.2946382476820953,4,Coastal wetlands,6,902,0.03232503625130346,0.0
week5-m4-f10-seed17,M4,17,Portugal,source_distance,Q3,908,0.2946382476820953,5,Complex cultivation patterns,205,703,0.26572289860778125,0.45365853658536587
week5-m4-f10-seed17,M4,17,Portugal,source_distance,Q3,908,0.2946382476820953,6,Coniferous forest,90,818,0.1620012241778564,0.3888888888888889
week5-m4-f10-seed17,M4,17,Portugal,source_distance,Q3,908,0.2946382476820953,7,Industrial or commercial units,19,889,0.15233086201254714,0.0
week5-m4-f10-seed17,M4,17,Portugal,source_distance,Q3,908,0.2946382476820953,8,Inland waters,44,864,0.14086340913303683,0.06818181818181818
week5-m4-f10-seed17,M4,17,Portugal,source_distance,Q3,908,0.2946382476820953,9,Inland wetlands,1,907,0.5,0.0
week5-m4-f10-seed17,M4,17,Portugal,source_distance,Q3,908,0.2946382476820953,10,"Land principally occupied by agriculture, with significant areas of natural vegetation",193,715,0.25219853803769526,0.5440414507772021
week5-m4-f10-seed17,M4,17,Portugal,source_distance,Q3,908,0.2946382476820953,11,Marine waters,11,897,0.25011868179717783,0.09090909090909091
week5-m4-f10-seed17,M4,17,Portugal,source_distance,Q3,908,0.2946382476820953,12,Mixed forest,129,779,0.20280634568280884,0.2558139534883721
week5-m4-f10-seed17,M4,17,Portugal,source_distance,Q3,908,0.2946382476820953,13,"Moors, heathland and sclerophyllous vegetation",145,763,0.20419216110427366,0.08275862068965517
week5-m4-f10-seed17,M4,17,Portugal,source_distance,Q3,908,0.2946382476820953,14,Natural grassland and sparsely vegetated areas,11,897,0.018592760398810807,0.18181818181818182
week5-m4-f10-seed17,M4,17,Portugal,source_distance,Q3,908,0.2946382476820953,15,Pastures,135,773,0.19211565310250903,0.17777777777777778
week5-m4-f10-seed17,M4,17,Portugal,source_distance,Q3,908,0.2946382476820953,16,Permanent crops,251,657,0.3136380493513222,0.0
week5-m4-f10-seed17,M4,17,Portugal,source_distance,Q3,908,0.2946382476820953,17,"Transitional woodland, shrub",470,438,0.6138522079928457,0.39787234042553193
week5-m4-f10-seed17,M4,17,Portugal,source_distance,Q3,908,0.2946382476820953,18,Urban fabric,77,831,0.2723369372013053,0.2857142857142857
week5-m4-f10-seed17,M4,17,Portugal,source_distance,Q4,1774,0.26465245393288406,0,Agro-forestry areas,737,1037,0.3628305661637097,0.0
week5-m4-f10-seed17,M4,17,Portugal,source_distance,Q4,1774,0.26465245393288406,1,Arable land,819,955,0.5836974812184185,0.9047619047619048
week5-m4-f10-seed17,M4,17,Portugal,source_distance,Q4,1774,0.26465245393288406,2,"Beaches, dunes, sands",30,1744,0.1455157979275582,0.0
week5-m4-f10-seed17,M4,17,Portugal,source_distance,Q4,1774,0.26465245393288406,3,Broad-leaved forest,820,954,0.5394276574833706,0.6048780487804878
week5-m4-f10-seed17,M4,17,Portugal,source_distance,Q4,1774,0.26465245393288406,4,Coastal wetlands,30,1744,0.06439055682409764,0.0
week5-m4-f10-seed17,M4,17,Portugal,source_distance,Q4,1774,0.26465245393288406,5,Complex cultivation patterns,432,1342,0.3251838067685027,0.44907407407407407
week5-m4-f10-seed17,M4,17,Portugal,source_distance,Q4,1774,0.26465245393288406,6,Coniferous forest,211,1563,0.1635506395232209,0.4597156398104265
week5-m4-f10-seed17,M4,17,Portugal,source_distance,Q4,1774,0.26465245393288406,7,Industrial or commercial units,57,1717,0.09002103992538174,0.017543859649122806
week5-m4-f10-seed17,M4,17,Portugal,source_distance,Q4,1774,0.26465245393288406,8,Inland waters,117,1657,0.21662128400002678,0.1452991452991453
week5-m4-f10-seed17,M4,17,Portugal,source_distance,Q4,1774,0.26465245393288406,9,Inland wetlands,2,1772,0.004638235830143977,0.0
week5-m4-f10-seed17,M4,17,Portugal,source_distance,Q4,1774,0.26465245393288406,10,"Land principally occupied by agriculture, with significant areas of natural vegetation",393,1381,0.2447620638998891,0.6259541984732825
week5-m4-f10-seed17,M4,17,Portugal,source_distance,Q4,1774,0.26465245393288406,11,Marine waters,53,1721,0.3262118130366838,0.07547169811320754
week5-m4-f10-seed17,M4,17,Portugal,source_distance,Q4,1774,0.26465245393288406,12,Mixed forest,323,1451,0.2485875067687664,0.30340557275541796
week5-m4-f10-seed17,M4,17,Portugal,source_distance,Q4,1774,0.26465245393288406,13,"Moors, heathland and sclerophyllous vegetation",245,1529,0.16381295845537194,0.061224489795918366
week5-m4-f10-seed17,M4,17,Portugal,source_distance,Q4,1774,0.26465245393288406,14,Natural grassland and sparsely vegetated areas,30,1744,0.017988946127871008,0.3
week5-m4-f10-seed17,M4,17,Portugal,source_distance,Q4,1774,0.26465245393288406,15,Pastures,294,1480,0.17163868661348983,0.17687074829931973
week5-m4-f10-seed17,M4,17,Portugal,source_distance,Q4,1774,0.26465245393288406,16,Permanent crops,445,1329,0.2711304671335149,0.0
week5-m4-f10-seed17,M4,17,Portugal,source_distance,Q4,1774,0.26465245393288406,17,"Transitional woodland, shrub",857,917,0.5317389464430153,0.5309218203033839
week5-m4-f10-seed17,M4,17,Portugal,source_distance,Q4,1774,0.26465245393288406,18,Urban fabric,177,1597,0.33542772969847756,0.3502824858757062
week5-m4-f10-seed29,M4,29,I,label_count,1,946,0.5257119910502793,0,Agro-forestry areas,0,946,,
week5-m4-f10-seed29,M4,29,I,label_count,1,946,0.5257119910502793,1,Arable land,210,736,0.9729065886761367,0.9619047619047619
week5-m4-f10-seed29,M4,29,I,label_count,1,946,0.5257119910502793,2,"Beaches, dunes, sands",0,946,,
week5-m4-f10-seed29,M4,29,I,label_count,1,946,0.5257119910502793,3,Broad-leaved forest,1,945,1.0,1.0
week5-m4-f10-seed29,M4,29,I,label_count,1,946,0.5257119910502793,4,Coastal wetlands,0,946,,
week5-m4-f10-seed29,M4,29,I,label_count,1,946,0.5257119910502793,5,Complex cultivation patterns,1,945,0.034482758620689655,1.0
week5-m4-f10-seed29,M4,29,I,label_count,1,946,0.5257119910502793,6,Coniferous forest,16,930,0.9365436136575842,1.0
week5-m4-f10-seed29,M4,29,I,label_count,1,946,0.5257119910502793,7,Industrial or commercial units,0,946,,
week5-m4-f10-seed29,M4,29,I,label_count,1,946,0.5257119910502793,8,Inland waters,4,942,0.1082572046427468,0.5
week5-m4-f10-seed29,M4,29,I,label_count,1,946,0.5257119910502793,9,Inland wetlands,14,932,0.09662789564996618,0.0
week5-m4-f10-seed29,M4,29,I,label_count,1,946,0.5257119910502793,10,"Land principally occupied by agriculture, with significant areas of natural vegetation",0,946,,
week5-m4-f10-seed29,M4,29,I,label_count,1,946,0.5257119910502793,11,Marine waters,543,403,0.9993010648570743,0.9815837937384899
week5-m4-f10-seed29,M4,29,I,label_count,1,946,0.5257119910502793,12,Mixed forest,2,944,0.6111111111111112,1.0
week5-m4-f10-seed29,M4,29,I,label_count,1,946,0.5257119910502793,13,"Moors, heathland and sclerophyllous vegetation",2,944,0.004325997147855747,0.0
week5-m4-f10-seed29,M4,29,I,label_count,1,946,0.5257119910502793,14,Natural grassland and sparsely vegetated areas,0,946,,
week5-m4-f10-seed29,M4,29,I,label_count,1,946,0.5257119910502793,15,Pastures,152,794,0.9478470957613366,0.9342105263157895
week5-m4-f10-seed29,M4,29,I,label_count,1,946,0.5257119910502793,16,Permanent crops,0,946,,
week5-m4-f10-seed29,M4,29,I,label_count,1,946,0.5257119910502793,17,"Transitional woodland, shrub",0,946,,
week5-m4-f10-seed29,M4,29,I,label_count,1,946,0.5257119910502793,18,Urban fabric,1,945,0.07142857142857142,1.0
week5-m4-f10-seed29,M4,29,I,label_count,2,495,0.3728439860983907,0,Agro-forestry areas,0,495,,
week5-m4-f10-seed29,M4,29,I,label_count,2,495,0.3728439860983907,1,Arable land,157,338,0.8909109367397972,0.9363057324840764
week5-m4-f10-seed29,M4,29,I,label_count,2,495,0.3728439860983907,2,"Beaches, dunes, sands",5,490,0.08781015178256753,0.0
week5-m4-f10-seed29,M4,29,I,label_count,2,495,0.3728439860983907,3,Broad-leaved forest,62,433,0.4355080540651341,0.7419354838709677
week5-m4-f10-seed29,M4,29,I,label_count,2,495,0.3728439860983907,4,Coastal wetlands,0,495,,
week5-m4-f10-seed29,M4,29,I,label_count,2,495,0.3728439860983907,5,Complex cultivation patterns,42,453,0.0967954283006366,0.2857142857142857
week5-m4-f10-seed29,M4,29,I,label_count,2,495,0.3728439860983907,6,Coniferous forest,70,425,0.8392041508912171,0.8571428571428571
week5-m4-f10-seed29,M4,29,I,label_count,2,495,0.3728439860983907,7,Industrial or commercial units,17,478,0.2326059234310162,0.17647058823529413
week5-m4-f10-seed29,M4,29,I,label_count,2,495,0.3728439860983907,8,Inland waters,28,467,0.438374106633392,0.17857142857142858
week5-m4-f10-seed29,M4,29,I,label_count,2,495,0.3728439860983907,9,Inland wetlands,65,430,0.19034240517796772,0.0
week5-m4-f10-seed29,M4,29,I,label_count,2,495,0.3728439860983907,10,"Land principally occupied by agriculture, with significant areas of natural vegetation",118,377,0.24301500511705781,0.15254237288135594
week5-m4-f10-seed29,M4,29,I,label_count,2,495,0.3728439860983907,11,Marine waters,13,482,0.6340227951555184,0.5384615384615384
week5-m4-f10-seed29,M4,29,I,label_count,2,495,0.3728439860983907,12,Mixed forest,64,431,0.5624615657236629,0.765625
week5-m4-f10-seed29,M4,29,I,label_count,2,495,0.3728439860983907,13,"Moors, heathland and sclerophyllous vegetation",20,475,0.039620144932212234,0.0
week5-m4-f10-seed29,M4,29,I,label_count,2,495,0.3728439860983907,14,Natural grassland and sparsely vegetated areas,7,488,0.023698697893930396,0.14285714285714285
week5-m4-f10-seed29,M4,29,I,label_count,2,495,0.3728439860983907,15,Pastures,217,278,0.8695514915317064,0.8248847926267281
week5-m4-f10-seed29,M4,29,I,label_count,2,495,0.3728439860983907,16,Permanent crops,15,480,0.07122328267133424,0.0
week5-m4-f10-seed29,M4,29,I,label_count,2,495,0.3728439860983907,17,"Transitional woodland, shrub",25,470,0.037105800237605874,0.12
week5-m4-f10-seed29,M4,29,I,label_count,2,495,0.3728439860983907,18,Urban fabric,65,430,0.36106398907206216,0.4461538461538462
week5-m4-f10-seed29,M4,29,I,label_count,3,645,0.38489750944634593,0,Agro-forestry areas,0,645,,
week5-m4-f10-seed29,M4,29,I,label_count,3,645,0.38489750944634593,1,Arable land,215,430,0.7395895709647224,0.9162790697674419
week5-m4-f10-seed29,M4,29,I,label_count,3,645,0.38489750944634593,2,"Beaches, dunes, sands",9,636,0.14498762466631548,0.0
week5-m4-f10-seed29,M4,29,I,label_count,3,645,0.38489750944634593,3,Broad-leaved forest,176,469,0.46257514803829186,0.7272727272727273
week5-m4-f10-seed29,M4,29,I,label_count,3,645,0.38489750944634593,4,Coastal wetlands,0,645,,
week5-m4-f10-seed29,M4,29,I,label_count,3,645,0.38489750944634593,5,Complex cultivation patterns,165,480,0.41937669119901394,0.6
week5-m4-f10-seed29,M4,29,I,label_count,3,645,0.38489750944634593,6,Coniferous forest,187,458,0.756565765939835,0.7647058823529411
week5-m4-f10-seed29,M4,29,I,label_count,3,645,0.38489750944634593,7,Industrial or commercial units,18,627,0.3371469789082651,0.3333333333333333
week5-m4-f10-seed29,M4,29,I,label_count,3,645,0.38489750944634593,8,Inland waters,38,607,0.23226989873938597,0.2894736842105263
week5-m4-f10-seed29,M4,29,I,label_count,3,645,0.38489750944634593,9,Inland wetlands,81,564,0.1465541652795953,0.0
week5-m4-f10-seed29,M4,29,I,label_count,3,645,0.38489750944634593,10,"Land principally occupied by agriculture, with significant areas of natural vegetation",158,487,0.25048308393750435,0.3291139240506329
week5-m4-f10-seed29,M4,29,I,label_count,3,645,0.38489750944634593,11,Marine waters,34,611,0.47520174738798043,0.14705882352941177
week5-m4-f10-seed29,M4,29,I,label_count,3,645,0.38489750944634593,12,Mixed forest,227,418,0.6030566067659389,0.7268722466960352
week5-m4-f10-seed29,M4,29,I,label_count,3,645,0.38489750944634593,13,"Moors, heathland and sclerophyllous vegetation",33,612,0.07288507413460121,0.0
week5-m4-f10-seed29,M4,29,I,label_count,3,645,0.38489750944634593,14,Natural grassland and sparsely vegetated areas,21,624,0.14230724408250747,0.14285714285714285
week5-m4-f10-seed29,M4,29,I,label_count,3,645,0.38489750944634593,15,Pastures,262,383,0.6779581577067426,0.6870229007633588
week5-m4-f10-seed29,M4,29,I,label_count,3,645,0.38489750944634593,16,Permanent crops,35,610,0.07539235760208658,0.0
week5-m4-f10-seed29,M4,29,I,label_count,3,645,0.38489750944634593,17,"Transitional woodland, shrub",85,560,0.16278010943449167,0.21176470588235294
week5-m4-f10-seed29,M4,29,I,label_count,3,645,0.38489750944634593,18,Urban fabric,191,454,0.6042175510205725,0.518324607329843
week5-m4-f10-seed29,M4,29,I,label_count,4+,914,0.43597605004307116,0,Agro-forestry areas,0,914,,
week5-m4-f10-seed29,M4,29,I,label_count,4+,914,0.43597605004307116,1,Arable land,454,460,0.7580555584191289,0.8568281938325991
week5-m4-f10-seed29,M4,29,I,label_count,4+,914,0.43597605004307116,2,"Beaches, dunes, sands",10,904,0.06262559069862425,0.0
week5-m4-f10-seed29,M4,29,I,label_count,4+,914,0.43597605004307116,3,Broad-leaved forest,479,435,0.6492086388446794,0.7453027139874739
week5-m4-f10-seed29,M4,29,I,label_count,4+,914,0.43597605004307116,4,Coastal wetlands,1,913,0.004366812227074236,0.0
week5-m4-f10-seed29,M4,29,I,label_count,4+,914,0.43597605004307116,5,Complex cultivation patterns,457,457,0.6195426379158104,0.6148796498905909
week5-m4-f10-seed29,M4,29,I,label_count,4+,914,0.43597605004307116,6,Coniferous forest,307,607,0.677158203060055,0.6547231270358306
week5-m4-f10-seed29,M4,29,I,label_count,4+,914,0.43597605004307116,7,Industrial or commercial units,52,862,0.32909452782469406,0.23076923076923078
week5-m4-f10-seed29,M4,29,I,label_count,4+,914,0.43597605004307116,8,Inland waters,138,776,0.4260064443219991,0.2318840579710145
week5-m4-f10-seed29,M4,29,I,label_count,4+,914,0.43597605004307116,9,Inland wetlands,113,801,0.1627929411873651,0.008849557522123894
week5-m4-f10-seed29,M4,29,I,label_count,4+,914,0.43597605004307116,10,"Land principally occupied by agriculture, with significant areas of natural vegetation",418,496,0.49062228503369526,0.5023923444976076
week5-m4-f10-seed29,M4,29,I,label_count,4+,914,0.43597605004307116,11,Marine waters,27,887,0.11578936924838432,0.0
week5-m4-f10-seed29,M4,29,I,label_count,4+,914,0.43597605004307116,12,Mixed forest,519,395,0.7398191198964789,0.5857418111753372
week5-m4-f10-seed29,M4,29,I,label_count,4+,914,0.43597605004307116,13,"Moors, heathland and sclerophyllous vegetation",52,862,0.11954702595394363,0.0
week5-m4-f10-seed29,M4,29,I,label_count,4+,914,0.43597605004307116,14,Natural grassland and sparsely vegetated areas,42,872,0.087527157428791,0.16666666666666666
week5-m4-f10-seed29,M4,29,I,label_count,4+,914,0.43597605004307116,15,Pastures,469,445,0.7212529276692404,0.6950959488272921
week5-m4-f10-seed29,M4,29,I,label_count,4+,914,0.43597605004307116,16,Permanent crops,101,813,0.11547944643473441,0.0
week5-m4-f10-seed29,M4,29,I,label_count,4+,914,0.43597605004307116,17,"Transitional woodland, shrub",216,698,0.3116453318390278,0.2962962962962963
week5-m4-f10-seed29,M4,29,I,label_count,4+,914,0.43597605004307116,18,Urban fabric,356,558,0.6520751856111106,0.5449438202247191
week5-m4-f10-seed29,M4,29,I,quarter,Q1,81,0.3977403182511433,0,Agro-forestry areas,0,81,,
week5-m4-f10-seed29,M4,29,I,quarter,Q1,81,0.3977403182511433,1,Arable land,52,29,0.6801482775144894,0.36538461538461536
week5-m4-f10-seed29,M4,29,I,quarter,Q1,81,0.3977403182511433,2,"Beaches, dunes, sands",0,81,,
week5-m4-f10-seed29,M4,29,I,quarter,Q1,81,0.3977403182511433,3,Broad-leaved forest,35,46,0.40599317567862697,0.7428571428571429
week5-m4-f10-seed29,M4,29,I,quarter,Q1,81,0.3977403182511433,4,Coastal wetlands,0,81,,
week5-m4-f10-seed29,M4,29,I,quarter,Q1,81,0.3977403182511433,5,Complex cultivation patterns,62,19,0.7074672728247812,0.016129032258064516
week5-m4-f10-seed29,M4,29,I,quarter,Q1,81,0.3977403182511433,6,Coniferous forest,16,65,0.5841564514168237,0.4375
week5-m4-f10-seed29,M4,29,I,quarter,Q1,81,0.3977403182511433,7,Industrial or commercial units,1,80,0.04,0.0
week5-m4-f10-seed29,M4,29,I,quarter,Q1,81,0.3977403182511433,8,Inland waters,20,61,0.4458605150266555,0.0
week5-m4-f10-seed29,M4,29,I,quarter,Q1,81,0.3977403182511433,9,Inland wetlands,5,76,0.08618305160765846,0.0
week5-m4-f10-seed29,M4,29,I,quarter,Q1,81,0.3977403182511433,10,"Land principally occupied by agriculture, with significant areas of natural vegetation",48,33,0.49379884281812503,0.020833333333333332
week5-m4-f10-seed29,M4,29,I,quarter,Q1,81,0.3977403182511433,11,Marine waters,0,81,,
week5-m4-f10-seed29,M4,29,I,quarter,Q1,81,0.3977403182511433,12,Mixed forest,39,42,0.7024088696473025,0.10256410256410256
week5-m4-f10-seed29,M4,29,I,quarter,Q1,81,0.3977403182511433,13,"Moors, heathland and sclerophyllous vegetation",0,81,,
week5-m4-f10-seed29,M4,29,I,quarter,Q1,81,0.3977403182511433,14,Natural grassland and sparsely vegetated areas,0,81,,
week5-m4-f10-seed29,M4,29,I,quarter,Q1,81,0.3977403182511433,15,Pastures,55,26,0.5702243888030445,0.0
week5-m4-f10-seed29,M4,29,I,quarter,Q1,81,0.3977403182511433,16,Permanent crops,2,79,0.05111976630963973,0.0
week5-m4-f10-seed29,M4,29,I,quarter,Q1,81,0.3977403182511433,17,"Transitional woodland, shrub",18,63,0.1682061650679048,0.1111111111111111
week5-m4-f10-seed29,M4,29,I,quarter,Q1,81,0.3977403182511433,18,Urban fabric,14,67,0.23505736054981047,0.07142857142857142
week5-m4-f10-seed29,M4,29,I,quarter,Q2,391,0.4451660086539808,0,Agro-forestry areas,0,391,,
week5-m4-f10-seed29,M4,29,I,quarter,Q2,391,0.4451660086539808,1,Arable land,151,240,0.7696135312504712,0.9337748344370861
week5-m4-f10-seed29,M4,29,I,quarter,Q2,391,0.4451660086539808,2,"Beaches, dunes, sands",0,391,,
week5-m4-f10-seed29,M4,29,I,quarter,Q2,391,0.4451660086539808,3,Broad-leaved forest,153,238,0.6836806106481845,0.7712418300653595
week5-m4-f10-seed29,M4,29,I,quarter,Q2,391,0.4451660086539808,4,Coastal wetlands,0,391,,
week5-m4-f10-seed29,M4,29,I,quarter,Q2,391,0.4451660086539808,5,Complex cultivation patterns,127,264,0.48910688008486936,0.7795275590551181
week5-m4-f10-seed29,M4,29,I,quarter,Q2,391,0.4451660086539808,6,Coniferous forest,129,262,0.8744116581306313,0.7441860465116279
week5-m4-f10-seed29,M4,29,I,quarter,Q2,391,0.4451660086539808,7,Industrial or commercial units,16,375,0.41601426576643874,0.25
week5-m4-f10-seed29,M4,29,I,quarter,Q2,391,0.4451660086539808,8,Inland waters,19,372,0.5122796617463257,0.10526315789473684
week5-m4-f10-seed29,M4,29,I,quarter,Q2,391,0.4451660086539808,9,Inland wetlands,33,358,0.057795341602409143,0.0
week5-m4-f10-seed29,M4,29,I,quarter,Q2,391,0.4451660086539808,10,"Land principally occupied by agriculture, with significant areas of natural vegetation",91,300,0.2936912932896812,0.5714285714285714
week5-m4-f10-seed29,M4,29,I,quarter,Q2,391,0.4451660086539808,11,Marine waters,0,391,,
week5-m4-f10-seed29,M4,29,I,quarter,Q2,391,0.4451660086539808,12,Mixed forest,190,201,0.712043871279777,0.6157894736842106
week5-m4-f10-seed29,M4,29,I,quarter,Q2,391,0.4451660086539808,13,"Moors, heathland and sclerophyllous vegetation",12,379,0.08666532160708328,0.0
week5-m4-f10-seed29,M4,29,I,quarter,Q2,391,0.4451660086539808,14,Natural grassland and sparsely vegetated areas,6,385,0.24365102762156574,0.3333333333333333
week5-m4-f10-seed29,M4,29,I,quarter,Q2,391,0.4451660086539808,15,Pastures,157,234,0.8014860697919608,0.7579617834394905
week5-m4-f10-seed29,M4,29,I,quarter,Q2,391,0.4451660086539808,16,Permanent crops,29,362,0.08158090942898295,0.0
week5-m4-f10-seed29,M4,29,I,quarter,Q2,391,0.4451660086539808,17,"Transitional woodland, shrub",54,337,0.14653209820459043,0.09259259259259259
week5-m4-f10-seed29,M4,29,I,quarter,Q2,391,0.4451660086539808,18,Urban fabric,164,227,0.5089375893567405,0.5304878048780488
week5-m4-f10-seed29,M4,29,I,quarter,Q3,1919,0.44419738558691435,0,Agro-forestry areas,0,1919,,
week5-m4-f10-seed29,M4,29,I,quarter,Q3,1919,0.44419738558691435,1,Arable land,474,1445,0.7962545785095553,0.9388185654008439
week5-m4-f10-seed29,M4,29,I,quarter,Q3,1919,0.44419738558691435,2,"Beaches, dunes, sands",24,1895,0.024537263287791267,0.0
week5-m4-f10-seed29,M4,29,I,quarter,Q3,1919,0.44419738558691435,3,Broad-leaved forest,375,1544,0.5081809362810118,0.8053333333333333
week5-m4-f10-seed29,M4,29,I,quarter,Q3,1919,0.44419738558691435,4,Coastal wetlands,1,1918,0.0022271714922048997,0.0
week5-m4-f10-seed29,M4,29,I,quarter,Q3,1919,0.44419738558691435,5,Complex cultivation patterns,347,1572,0.5281858474972513,0.7060518731988472
week5-m4-f10-seed29,M4,29,I,quarter,Q3,1919,0.44419738558691435,6,Coniferous forest,313,1606,0.6784341194312421,0.7124600638977636
week5-m4-f10-seed29,M4,29,I,quarter,Q3,1919,0.44419738558691435,7,Industrial or commercial units,34,1885,0.2921669092386231,0.23529411764705882
week5-m4-f10-seed29,M4,29,I,quarter,Q3,1919,0.44419738558691435,8,Inland waters,140,1779,0.36116705653312114,0.30714285714285716
week5-m4-f10-seed29,M4,29,I,quarter,Q3,1919,0.44419738558691435,9,Inland wetlands,177,1742,0.1765999986070405,0.0
week5-m4-f10-seed29,M4,29,I,quarter,Q3,1919,0.44419738558691435,10,"Land principally occupied by agriculture, with significant areas of natural vegetation",466,1453,0.38052269426567326,0.4270386266094421
week5-m4-f10-seed29,M4,29,I,quarter,Q3,1919,0.44419738558691435,11,Marine waters,617,1302,0.9787581361552019,0.8833063209076175
week5-m4-f10-seed29,M4,29,I,quarter,Q3,1919,0.44419738558691435,12,Mixed forest,407,1512,0.6115716085313633,0.6953316953316954
week5-m4-f10-seed29,M4,29,I,quarter,Q3,1919,0.44419738558691435,13,"Moors, heathland and sclerophyllous vegetation",85,1834,0.0722829094253038,0.0
week5-m4-f10-seed29,M4,29,I,quarter,Q3,1919,0.44419738558691435,14,Natural grassland and sparsely vegetated areas,50,1869,0.1193020443012577,0.1
week5-m4-f10-seed29,M4,29,I,quarter,Q3,1919,0.44419738558691435,15,Pastures,731,1188,0.8281832449447671,0.8221614227086184
week5-m4-f10-seed29,M4,29,I,quarter,Q3,1919,0.44419738558691435,16,Permanent crops,57,1862,0.05224477572499624,0.0
week5-m4-f10-seed29,M4,29,I,quarter,Q3,1919,0.44419738558691435,17,"Transitional woodland, shrub",190,1729,0.1873215952976472,0.3684210526315789
week5-m4-f10-seed29,M4,29,I,quarter,Q3,1919,0.44419738558691435,18,Urban fabric,236,1683,0.5359817146465746,0.5508474576271186
week5-m4-f10-seed29,M4,29,I,quarter,Q4,609,0.39078713247330227,0,Agro-forestry areas,0,609,,
week5-m4-f10-seed29,M4,29,I,quarter,Q4,609,0.39078713247330227,1,Arable land,359,250,0.9180619773419798,0.9192200557103064
week5-m4-f10-seed29,M4,29,I,quarter,Q4,609,0.39078713247330227,2,"Beaches, dunes, sands",0,609,,
week5-m4-f10-seed29,M4,29,I,quarter,Q4,609,0.39078713247330227,3,Broad-leaved forest,155,454,0.39449812342512236,0.5548387096774193
week5-m4-f10-seed29,M4,29,I,quarter,Q4,609,0.39078713247330227,4,Coastal wetlands,0,609,,
week5-m4-f10-seed29,M4,29,I,quarter,Q4,609,0.39078713247330227,5,Complex cultivation patterns,129,480,0.3388426880176665,0.37209302325581395
week5-m4-f10-seed29,M4,29,I,quarter,Q4,609,0.39078713247330227,6,Coniferous forest,122,487,0.729964836386209,0.7704918032786885
week5-m4-f10-seed29,M4,29,I,quarter,Q4,609,0.39078713247330227,7,Industrial or commercial units,36,573,0.2879231157929315,0.25
week5-m4-f10-seed29,M4,29,I,quarter,Q4,609,0.39078713247330227,8,Inland waters,29,580,0.2506129649353708,0.1724137931034483
week5-m4-f10-seed29,M4,29,I,quarter,Q4,609,0.39078713247330227,9,Inland wetlands,58,551,0.1508513578514116,0.017241379310344827
week5-m4-f10-seed29,M4,29,I,quarter,Q4,609,0.39078713247330227,10,"Land principally occupied by agriculture, with significant areas of natural vegetation",89,520,0.24616550848532687,0.3146067415730337
week5-m4-f10-seed29,M4,29,I,quarter,Q4,609,0.39078713247330227,11,Marine waters,0,609,,
week5-m4-f10-seed29,M4,29,I,quarter,Q4,609,0.39078713247330227,12,Mixed forest,176,433,0.6842331998394627,0.6590909090909091
week5-m4-f10-seed29,M4,29,I,quarter,Q4,609,0.39078713247330227,13,"Moors, heathland and sclerophyllous vegetation",10,599,0.050427378328408254,0.0
week5-m4-f10-seed29,M4,29,I,quarter,Q4,609,0.39078713247330227,14,Natural grassland and sparsely vegetated areas,14,595,0.15979358888002287,0.2857142857142857
week5-m4-f10-seed29,M4,29,I,quarter,Q4,609,0.39078713247330227,15,Pastures,157,452,0.6022308720931161,0.6815286624203821
week5-m4-f10-seed29,M4,29,I,quarter,Q4,609,0.39078713247330227,16,Permanent crops,63,546,0.17398013960352623,0.0
week5-m4-f10-seed29,M4,29,I,quarter,Q4,609,0.39078713247330227,17,"Transitional woodland, shrub",64,545,0.16870746364635059,0.125
week5-m4-f10-seed29,M4,29,I,quarter,Q4,609,0.39078713247330227,18,Urban fabric,199,410,0.705513772472629,0.5276381909547738
week5-m4-f10-seed29,M4,29,I,country,Austria,752,0.401222571694309,0,Agro-forestry areas,0,752,,
week5-m4-f10-seed29,M4,29,I,country,Austria,752,0.401222571694309,1,Arable land,499,253,0.8901883287561242,0.9278557114228457
week5-m4-f10-seed29,M4,29,I,country,Austria,752,0.401222571694309,2,"Beaches, dunes, sands",0,752,,
week5-m4-f10-seed29,M4,29,I,country,Austria,752,0.401222571694309,3,Broad-leaved forest,424,328,0.7542922473580526,0.7405660377358491
week5-m4-f10-seed29,M4,29,I,country,Austria,752,0.401222571694309,4,Coastal wetlands,0,752,,
week5-m4-f10-seed29,M4,29,I,country,Austria,752,0.401222571694309,5,Complex cultivation patterns,288,464,0.577831928570043,0.7465277777777778
week5-m4-f10-seed29,M4,29,I,country,Austria,752,0.401222571694309,6,Coniferous forest,136,616,0.638265902636661,0.7279411764705882
week5-m4-f10-seed29,M4,29,I,country,Austria,752,0.401222571694309,7,Industrial or commercial units,16,736,0.3726452353010778,0.375
week5-m4-f10-seed29,M4,29,I,country,Austria,752,0.401222571694309,8,Inland waters,52,700,0.2952184411182067,0.11538461538461539
week5-m4-f10-seed29,M4,29,I,country,Austria,752,0.401222571694309,9,Inland wetlands,36,716,0.0905112729655541,0.027777777777777776
week5-m4-f10-seed29,M4,29,I,country,Austria,752,0.401222571694309,10,"Land principally occupied by agriculture, with significant areas of natural vegetation",193,559,0.32179788037371393,0.6113989637305699
week5-m4-f10-seed29,M4,29,I,country,Austria,752,0.401222571694309,11,Marine waters,0,752,,
week5-m4-f10-seed29,M4,29,I,country,Austria,752,0.401222571694309,12,Mixed forest,311,441,0.6029604530409051,0.5241157556270096
week5-m4-f10-seed29,M4,29,I,country,Austria,752,0.401222571694309,13,"Moors, heathland and sclerophyllous vegetation",2,750,0.04816017316017316,0.0
week5-m4-f10-seed29,M4,29,I,country,Austria,752,0.401222571694309,14,Natural grassland and sparsely vegetated areas,30,722,0.2966747573578626,0.3
week5-m4-f10-seed29,M4,29,I,country,Austria,752,0.401222571694309,15,Pastures,171,581,0.39173555953222017,0.7134502923976608
week5-m4-f10-seed29,M4,29,I,country,Austria,752,0.401222571694309,16,Permanent crops,108,644,0.13795741625980049,0.0
week5-m4-f10-seed29,M4,29,I,country,Austria,752,0.401222571694309,17,"Transitional woodland, shrub",42,710,0.10450268850749535,0.2857142857142857
week5-m4-f10-seed29,M4,29,I,country,Austria,752,0.401222571694309,18,Urban fabric,235,517,0.49559629047674464,0.5787234042553191
week5-m4-f10-seed29,M4,29,I,country,Belgium,376,0.38480616054027417,0,Agro-forestry areas,0,376,,
week5-m4-f10-seed29,M4,29,I,country,Belgium,376,0.38480616054027417,1,Arable land,12,364,0.1900881871173438,0.8333333333333334
week5-m4-f10-seed29,M4,29,I,country,Belgium,376,0.38480616054027417,2,"Beaches, dunes, sands",0,376,,
week5-m4-f10-seed29,M4,29,I,country,Belgium,376,0.38480616054027417,3,Broad-leaved forest,94,282,0.29916203883047865,0.6382978723404256
week5-m4-f10-seed29,M4,29,I,country,Belgium,376,0.38480616054027417,4,Coastal wetlands,0,376,,
week5-m4-f10-seed29,M4,29,I,country,Belgium,376,0.38480616054027417,5,Complex cultivation patterns,74,302,0.3438233534377623,0.6216216216216216
week5-m4-f10-seed29,M4,29,I,country,Belgium,376,0.38480616054027417,6,Coniferous forest,184,192,0.8668142972439824,0.8260869565217391
week5-m4-f10-seed29,M4,29,I,country,Belgium,376,0.38480616054027417,7,Industrial or commercial units,26,350,0.42620250137855525,0.3076923076923077
week5-m4-f10-seed29,M4,29,I,country,Belgium,376,0.38480616054027417,8,Inland waters,9,367,0.04276910157517351,0.0
week5-m4-f10-seed29,M4,29,I,country,Belgium,376,0.38480616054027417,9,Inland wetlands,52,324,0.11643310987966018,0.0
week5-m4-f10-seed29,M4,29,I,country,Belgium,376,0.38480616054027417,10,"Land principally occupied by agriculture, with significant areas of natural vegetation",79,297,0.30811689262372266,0.4050632911392405
week5-m4-f10-seed29,M4,29,I,country,Belgium,376,0.38480616054027417,11,Marine waters,0,376,,
week5-m4-f10-seed29,M4,29,I,country,Belgium,376,0.38480616054027417,12,Mixed forest,198,178,0.7946533688996636,0.8333333333333334
week5-m4-f10-seed29,M4,29,I,country,Belgium,376,0.38480616054027417,13,"Moors, heathland and sclerophyllous vegetation",22,354,0.09335990417927574,0.0
week5-m4-f10-seed29,M4,29,I,country,Belgium,376,0.38480616054027417,14,Natural grassland and sparsely vegetated areas,5,371,0.028024020184173624,0.4
week5-m4-f10-seed29,M4,29,I,country,Belgium,376,0.38480616054027417,15,Pastures,239,137,0.8557674181843088,0.7907949790794979
week5-m4-f10-seed29,M4,29,I,country,Belgium,376,0.38480616054027417,16,Permanent crops,0,376,,
week5-m4-f10-seed29,M4,29,I,country,Belgium,376,0.38480616054027417,17,"Transitional woodland, shrub",71,305,0.15807092041101684,0.028169014084507043
week5-m4-f10-seed29,M4,29,I,country,Belgium,376,0.38480616054027417,18,Urban fabric,196,180,0.8640011336187213,0.49489795918367346
week5-m4-f10-seed29,M4,29,I,country,Ireland,744,0.31273328870406114,0,Agro-forestry areas,0,744,,
week5-m4-f10-seed29,M4,29,I,country,Ireland,744,0.31273328870406114,1,Arable land,19,725,0.17485679248715488,0.631578947368421
week5-m4-f10-seed29,M4,29,I,country,Ireland,744,0.31273328870406114,2,"Beaches, dunes, sands",4,740,0.08774744347499765,0.0
week5-m4-f10-seed29,M4,29,I,country,Ireland,744,0.31273328870406114,3,Broad-leaved forest,2,742,0.009193137979151276,1.0
week5-m4-f10-seed29,M4,29,I,country,Ireland,744,0.31273328870406114,4,Coastal wetlands,1,743,0.0035335689045936395,0.0
week5-m4-f10-seed29,M4,29,I,country,Ireland,744,0.31273328870406114,5,Complex cultivation patterns,11,733,0.06877447852849768,0.45454545454545453
week5-m4-f10-seed29,M4,29,I,country,Ireland,744,0.31273328870406114,6,Coniferous forest,70,674,0.47878372210566705,0.2714285714285714
week5-m4-f10-seed29,M4,29,I,country,Ireland,744,0.31273328870406114,7,Industrial or commercial units,8,736,0.2770515349670468,0.25
week5-m4-f10-seed29,M4,29,I,country,Ireland,744,0.31273328870406114,8,Inland waters,23,721,0.17739082376518847,0.391304347826087
week5-m4-f10-seed29,M4,29,I,country,Ireland,744,0.31273328870406114,9,Inland wetlands,134,610,0.37423976773469175,0.0
week5-m4-f10-seed29,M4,29,I,country,Ireland,744,0.31273328870406114,10,"Land principally occupied by agriculture, with significant areas of natural vegetation",171,573,0.34453783051589576,0.2222222222222222
week5-m4-f10-seed29,M4,29,I,country,Ireland,744,0.31273328870406114,11,Marine waters,258,486,0.9743417944039727,0.8488372093023255
week5-m4-f10-seed29,M4,29,I,country,Ireland,744,0.31273328870406114,12,Mixed forest,25,719,0.07967285477544739,0.48
week5-m4-f10-seed29,M4,29,I,country,Ireland,744,0.31273328870406114,13,"Moors, heathland and sclerophyllous vegetation",76,668,0.08633748076565055,0.0
week5-m4-f10-seed29,M4,29,I,country,Ireland,744,0.31273328870406114,14,Natural grassland and sparsely vegetated areas,28,716,0.06962088268348063,0.0
week5-m4-f10-seed29,M4,29,I,country,Ireland,744,0.31273328870406114,15,Pastures,474,270,0.9730033929601553,0.8924050632911392
week5-m4-f10-seed29,M4,29,I,country,Ireland,744,0.31273328870406114,16,Permanent crops,0,744,,
week5-m4-f10-seed29,M4,29,I,country,Ireland,744,0.31273328870406114,17,"Transitional woodland, shrub",47,697,0.10087189773823234,0.2978723404255319
week5-m4-f10-seed29,M4,29,I,country,Ireland,744,0.31273328870406114,18,Urban fabric,55,689,0.5023229391506839,0.43636363636363634
week5-m4-f10-seed29,M4,29,I,country,Lithuania,752,0.43518717639582266,0,Agro-forestry areas,0,752,,
week5-m4-f10-seed29,M4,29,I,country,Lithuania,752,0.43518717639582266,1,Arable land,174,578,0.6431022834018331,0.7241379310344828
week5-m4-f10-seed29,M4,29,I,country,Lithuania,752,0.43518717639582266,2,"Beaches, dunes, sands",20,732,0.02832233822985104,0.0
week5-m4-f10-seed29,M4,29,I,country,Lithuania,752,0.43518717639582266,3,Broad-leaved forest,156,596,0.4807375038159387,0.8076923076923077
week5-m4-f10-seed29,M4,29,I,country,Lithuania,752,0.43518717639582266,4,Coastal wetlands,0,752,,
week5-m4-f10-seed29,M4,29,I,country,Lithuania,752,0.43518717639582266,5,Complex cultivation patterns,199,553,0.5375306941969208,0.4120603015075377
week5-m4-f10-seed29,M4,29,I,country,Lithuania,752,0.43518717639582266,6,Coniferous forest,179,573,0.8188899984649646,0.8324022346368715
week5-m4-f10-seed29,M4,29,I,country,Lithuania,752,0.43518717639582266,7,Industrial or commercial units,11,741,0.2649137456179765,0.18181818181818182
week5-m4-f10-seed29,M4,29,I,country,Lithuania,752,0.43518717639582266,8,Inland waters,109,643,0.4117087289641865,0.27522935779816515
week5-m4-f10-seed29,M4,29,I,country,Lithuania,752,0.43518717639582266,9,Inland wetlands,33,719,0.08938647742855159,0.0
week5-m4-f10-seed29,M4,29,I,country,Lithuania,752,0.43518717639582266,10,"Land principally occupied by agriculture, with significant areas of natural vegetation",216,536,0.6064599131986265,0.3611111111111111
week5-m4-f10-seed29,M4,29,I,country,Lithuania,752,0.43518717639582266,11,Marine waters,359,393,0.9880164295648801,0.9080779944289693
week5-m4-f10-seed29,M4,29,I,country,Lithuania,752,0.43518717639582266,12,Mixed forest,248,504,0.7926284005503442,0.7258064516129032
week5-m4-f10-seed29,M4,29,I,country,Lithuania,752,0.43518717639582266,13,"Moors, heathland and sclerophyllous vegetation",7,745,0.015379462033744084,0.0
week5-m4-f10-seed29,M4,29,I,country,Lithuania,752,0.43518717639582266,14,Natural grassland and sparsely vegetated areas,4,748,0.0064790085778563865,0.0
week5-m4-f10-seed29,M4,29,I,country,Lithuania,752,0.43518717639582266,15,Pastures,180,572,0.541453395881818,0.4777777777777778
week5-m4-f10-seed29,M4,29,I,country,Lithuania,752,0.43518717639582266,16,Permanent crops,3,749,0.009792090748466587,0.0
week5-m4-f10-seed29,M4,29,I,country,Lithuania,752,0.43518717639582266,17,"Transitional woodland, shrub",126,626,0.3793532009924296,0.3888888888888889
week5-m4-f10-seed29,M4,29,I,country,Lithuania,752,0.43518717639582266,18,Urban fabric,48,704,0.377163488894626,0.3541666666666667
week5-m4-f10-seed29,M4,29,I,country,Serbia,376,0.3201309288166211,0,Agro-forestry areas,0,376,,
week5-m4-f10-seed29,M4,29,I,country,Serbia,376,0.3201309288166211,1,Arable land,332,44,0.9445769978422799,0.9759036144578314
week5-m4-f10-seed29,M4,29,I,country,Serbia,376,0.3201309288166211,2,"Beaches, dunes, sands",0,376,,
week5-m4-f10-seed29,M4,29,I,country,Serbia,376,0.3201309288166211,3,Broad-leaved forest,42,334,0.514829094913986,0.7142857142857143
week5-m4-f10-seed29,M4,29,I,country,Serbia,376,0.3201309288166211,4,Coastal wetlands,0,376,,
week5-m4-f10-seed29,M4,29,I,country,Serbia,376,0.3201309288166211,5,Complex cultivation patterns,93,283,0.3954832413866451,0.4838709677419355
week5-m4-f10-seed29,M4,29,I,country,Serbia,376,0.3201309288166211,6,Coniferous forest,11,365,0.2471205659577338,0.09090909090909091
week5-m4-f10-seed29,M4,29,I,country,Serbia,376,0.3201309288166211,7,Industrial or commercial units,26,350,0.26482948802196166,0.11538461538461539
week5-m4-f10-seed29,M4,29,I,country,Serbia,376,0.3201309288166211,8,Inland waters,15,361,0.4295919239493722,0.3333333333333333
week5-m4-f10-seed29,M4,29,I,country,Serbia,376,0.3201309288166211,9,Inland wetlands,18,358,0.11300322054869388,0.0
week5-m4-f10-seed29,M4,29,I,country,Serbia,376,0.3201309288166211,10,"Land principally occupied by agriculture, with significant areas of natural vegetation",35,341,0.19088193817928142,0.4
week5-m4-f10-seed29,M4,29,I,country,Serbia,376,0.3201309288166211,11,Marine waters,0,376,,
week5-m4-f10-seed29,M4,29,I,country,Serbia,376,0.3201309288166211,12,Mixed forest,30,346,0.17096491197138663,0.0
week5-m4-f10-seed29,M4,29,I,country,Serbia,376,0.3201309288166211,13,"Moors, heathland and sclerophyllous vegetation",0,376,,
week5-m4-f10-seed29,M4,29,I,country,Serbia,376,0.3201309288166211,14,Natural grassland and sparsely vegetated areas,3,373,0.025547235023041473,0.0
week5-m4-f10-seed29,M4,29,I,country,Serbia,376,0.3201309288166211,15,Pastures,36,340,0.1577098052515003,0.19444444444444445
week5-m4-f10-seed29,M4,29,I,country,Serbia,376,0.3201309288166211,16,Permanent crops,40,336,0.16174399317801944,0.0
week5-m4-f10-seed29,M4,29,I,country,Serbia,376,0.3201309288166211,17,"Transitional woodland, shrub",40,336,0.24725385563758753,0.2
week5-m4-f10-seed29,M4,29,I,country,Serbia,376,0.3201309288166211,18,Urban fabric,79,297,0.6182967315712057,0.620253164556962
week5-m4-f10-seed29,M4,29,I,source_distance,Q1,1117,0.42646999133933006,0,Agro-forestry areas,0,1117,,
week5-m4-f10-seed29,M4,29,I,source_distance,Q1,1117,0.42646999133933006,1,Arable land,274,843,0.9499700726602102,0.9562043795620438
week5-m4-f10-seed29,M4,29,I,source_distance,Q1,1117,0.42646999133933006,2,"Beaches, dunes, sands",3,1114,0.04594606535557875,0.0
week5-m4-f10-seed29,M4,29,I,source_distance,Q1,1117,0.42646999133933006,3,Broad-leaved forest,75,1042,0.38348213951969207,0.6933333333333334
week5-m4-f10-seed29,M4,29,I,source_distance,Q1,1117,0.42646999133933006,4,Coastal wetlands,0,1117,,
week5-m4-f10-seed29,M4,29,I,source_distance,Q1,1117,0.42646999133933006,5,Complex cultivation patterns,98,1019,0.38299197754618586,0.42857142857142855
week5-m4-f10-seed29,M4,29,I,source_distance,Q1,1117,0.42646999133933006,6,Coniferous forest,122,995,0.8964149872336888,0.9344262295081968
week5-m4-f10-seed29,M4,29,I,source_distance,Q1,1117,0.42646999133933006,7,Industrial or commercial units,17,1100,0.25694817305065987,0.17647058823529413
week5-m4-f10-seed29,M4,29,I,source_distance,Q1,1117,0.42646999133933006,8,Inland waters,23,1094,0.10736694207817295,0.08695652173913043
week5-m4-f10-seed29,M4,29,I,source_distance,Q1,1117,0.42646999133933006,9,Inland wetlands,24,1093,0.05895394125574797,0.0
week5-m4-f10-seed29,M4,29,I,source_distance,Q1,1117,0.42646999133933006,10,"Land principally occupied by agriculture, with significant areas of natural vegetation",113,1004,0.23806951188814046,0.1504424778761062
week5-m4-f10-seed29,M4,29,I,source_distance,Q1,1117,0.42646999133933006,11,Marine waters,519,598,0.9989242039246699,0.9980732177263969
week5-m4-f10-seed29,M4,29,I,source_distance,Q1,1117,0.42646999133933006,12,Mixed forest,131,986,0.7031247638055182,0.8091603053435115
week5-m4-f10-seed29,M4,29,I,source_distance,Q1,1117,0.42646999133933006,13,"Moors, heathland and sclerophyllous vegetation",3,1114,0.010982553265706843,0.0
week5-m4-f10-seed29,M4,29,I,source_distance,Q1,1117,0.42646999133933006,14,Natural grassland and sparsely vegetated areas,6,1111,0.1907338303616889,0.16666666666666666
week5-m4-f10-seed29,M4,29,I,source_distance,Q1,1117,0.42646999133933006,15,Pastures,226,891,0.8939058928402634,0.8495575221238938
week5-m4-f10-seed29,M4,29,I,source_distance,Q1,1117,0.42646999133933006,16,Permanent crops,24,1093,0.109948478113209,0.0
week5-m4-f10-seed29,M4,29,I,source_distance,Q1,1117,0.42646999133933006,17,"Transitional woodland, shrub",55,1062,0.136967674446944,0.2
week5-m4-f10-seed29,M4,29,I,source_distance,Q1,1117,0.42646999133933006,18,Urban fabric,81,1036,0.5047347194387822,0.35802469135802467
week5-m4-f10-seed29,M4,29,I,source_distance,Q2,631,0.44229270930010645,0,Agro-forestry areas,0,631,,
week5-m4-f10-seed29,M4,29,I,source_distance,Q2,631,0.44229270930010645,1,Arable land,233,398,0.7645349978465124,0.8626609442060086
week5-m4-f10-seed29,M4,29,I,source_distance,Q2,631,0.44229270930010645,2,"Beaches, dunes, sands",3,628,0.004693254962775986,0.0
week5-m4-f10-seed29,M4,29,I,source_distance,Q2,631,0.44229270930010645,3,Broad-leaved forest,207,424,0.5559883261219096,0.7391304347826086
week5-m4-f10-seed29,M4,29,I,source_distance,Q2,631,0.44229270930010645,4,Coastal wetlands,0,631,,
week5-m4-f10-seed29,M4,29,I,source_distance,Q2,631,0.44229270930010645,5,Complex cultivation patterns,173,458,0.45921912451501906,0.5722543352601156
week5-m4-f10-seed29,M4,29,I,source_distance,Q2,631,0.44229270930010645,6,Coniferous forest,171,460,0.8123259288527527,0.8245614035087719
week5-m4-f10-seed29,M4,29,I,source_distance,Q2,631,0.44229270930010645,7,Industrial or commercial units,21,610,0.42915872552053796,0.2857142857142857
week5-m4-f10-seed29,M4,29,I,source_distance,Q2,631,0.44229270930010645,8,Inland waters,53,578,0.4365945918075617,0.24528301886792453
week5-m4-f10-seed29,M4,29,I,source_distance,Q2,631,0.44229270930010645,9,Inland wetlands,58,573,0.11371862451032787,0.0
week5-m4-f10-seed29,M4,29,I,source_distance,Q2,631,0.44229270930010645,10,"Land principally occupied by agriculture, with significant areas of natural vegetation",211,420,0.35988362736775176,0.36492890995260663
week5-m4-f10-seed29,M4,29,I,source_distance,Q2,631,0.44229270930010645,11,Marine waters,15,616,0.7744076707992545,0.6666666666666666
week5-m4-f10-seed29,M4,29,I,source_distance,Q2,631,0.44229270930010645,12,Mixed forest,225,406,0.6783518226298432,0.7155555555555555
week5-m4-f10-seed29,M4,29,I,source_distance,Q2,631,0.44229270930010645,13,"Moors, heathland and sclerophyllous vegetation",20,611,0.040772896711976085,0.0
week5-m4-f10-seed29,M4,29,I,source_distance,Q2,631,0.44229270930010645,14,Natural grassland and sparsely vegetated areas,18,613,0.09259426567469392,0.3333333333333333
week5-m4-f10-seed29,M4,29,I,source_distance,Q2,631,0.44229270930010645,15,Pastures,298,333,0.8021053009368955,0.7114093959731543
week5-m4-f10-seed29,M4,29,I,source_distance,Q2,631,0.44229270930010645,16,Permanent crops,28,603,0.058716569241237734,0.0
week5-m4-f10-seed29,M4,29,I,source_distance,Q2,631,0.44229270930010645,17,"Transitional woodland, shrub",88,543,0.17097812965690384,0.3068181818181818
week5-m4-f10-seed29,M4,29,I,source_distance,Q2,631,0.44229270930010645,18,Urban fabric,142,489,0.527332746608525,0.5633802816901409
week5-m4-f10-seed29,M4,29,I,source_distance,Q3,566,0.4186184545976316,0,Agro-forestry areas,0,566,,
week5-m4-f10-seed29,M4,29,I,source_distance,Q3,566,0.4186184545976316,1,Arable land,225,341,0.7378601813827572,0.8977777777777778
week5-m4-f10-seed29,M4,29,I,source_distance,Q3,566,0.4186184545976316,2,"Beaches, dunes, sands",3,563,0.06336805555555555,0.0
week5-m4-f10-seed29,M4,29,I,source_distance,Q3,566,0.4186184545976316,3,Broad-leaved forest,194,372,0.5012481655170138,0.7680412371134021
week5-m4-f10-seed29,M4,29,I,source_distance,Q3,566,0.4186184545976316,4,Coastal wetlands,1,565,0.0070921985815602835,0.0
week5-m4-f10-seed29,M4,29,I,source_distance,Q3,566,0.4186184545976316,5,Complex cultivation patterns,196,370,0.5486557988112776,0.6683673469387755
week5-m4-f10-seed29,M4,29,I,source_distance,Q3,566,0.4186184545976316,6,Coniferous forest,129,437,0.562743441068646,0.6201550387596899
week5-m4-f10-seed29,M4,29,I,source_distance,Q3,566,0.4186184545976316,7,Industrial or commercial units,19,547,0.28965165547153243,0.2631578947368421
week5-m4-f10-seed29,M4,29,I,source_distance,Q3,566,0.4186184545976316,8,Inland waters,32,534,0.3534575957412962,0.28125
week5-m4-f10-seed29,M4,29,I,source_distance,Q3,566,0.4186184545976316,9,Inland wetlands,71,495,0.17288278657462694,0.0
week5-m4-f10-seed29,M4,29,I,source_distance,Q3,566,0.4186184545976316,10,"Land principally occupied by agriculture, with significant areas of natural vegetation",173,393,0.4023869942526133,0.5549132947976878
week5-m4-f10-seed29,M4,29,I,source_distance,Q3,566,0.4186184545976316,11,Marine waters,25,541,0.7027394031067817,0.36
week5-m4-f10-seed29,M4,29,I,source_distance,Q3,566,0.4186184545976316,12,Mixed forest,210,356,0.5980980838844997,0.638095238095238
week5-m4-f10-seed29,M4,29,I,source_distance,Q3,566,0.4186184545976316,13,"Moors, heathland and sclerophyllous vegetation",32,534,0.09426117280031744,0.0
week5-m4-f10-seed29,M4,29,I,source_distance,Q3,566,0.4186184545976316,14,Natural grassland and sparsely vegetated areas,20,546,0.09810874906072496,0.15
week5-m4-f10-seed29,M4,29,I,source_distance,Q3,566,0.4186184545976316,15,Pastures,289,277,0.7523879789427487,0.7370242214532872
week5-m4-f10-seed29,M4,29,I,source_distance,Q3,566,0.4186184545976316,16,Permanent crops,42,524,0.10592720644641064,0.0
week5-m4-f10-seed29,M4,29,I,source_distance,Q3,566,0.4186184545976316,17,"Transitional woodland, shrub",82,484,0.16738822254870708,0.24390243902439024
week5-m4-f10-seed29,M4,29,I,source_distance,Q3,566,0.4186184545976316,18,Urban fabric,187,379,0.6100978379521516,0.5187165775401069
week5-m4-f10-seed29,M4,29,I,source_distance,Q4,686,0.3861377434344702,0,Agro-forestry areas,0,686,,
week5-m4-f10-seed29,M4,29,I,source_distance,Q4,686,0.3861377434344702,1,Arable land,304,382,0.7883041177315835,0.8881578947368421
week5-m4-f10-seed29,M4,29,I,source_distance,Q4,686,0.3861377434344702,2,"Beaches, dunes, sands",15,671,0.05361455627284298,0.0
week5-m4-f10-seed29,M4,29,I,source_distance,Q4,686,0.3861377434344702,3,Broad-leaved forest,242,444,0.5252034094706983,0.7355371900826446
week5-m4-f10-seed29,M4,29,I,source_distance,Q4,686,0.3861377434344702,4,Coastal wetlands,0,686,,
week5-m4-f10-seed29,M4,29,I,source_distance,Q4,686,0.3861377434344702,5,Complex cultivation patterns,198,488,0.45002238484230195,0.6111111111111112
week5-m4-f10-seed29,M4,29,I,source_distance,Q4,686,0.3861377434344702,6,Coniferous forest,158,528,0.5553671853214277,0.5379746835443038
week5-m4-f10-seed29,M4,29,I,source_distance,Q4,686,0.3861377434344702,7,Industrial or commercial units,30,656,0.2957909135952941,0.23333333333333334
week5-m4-f10-seed29,M4,29,I,source_distance,Q4,686,0.3861377434344702,8,Inland waters,100,586,0.31260003358689964,0.26
week5-m4-f10-seed29,M4,29,I,source_distance,Q4,686,0.3861377434344702,9,Inland wetlands,120,566,0.19968054056515344,0.008333333333333333
week5-m4-f10-seed29,M4,29,I,source_distance,Q4,686,0.3861377434344702,10,"Land principally occupied by agriculture, with significant areas of natural vegetation",197,489,0.3412678259091002,0.45685279187817257
week5-m4-f10-seed29,M4,29,I,source_distance,Q4,686,0.3861377434344702,11,Marine waters,58,628,0.48573506237744274,0.13793103448275862
week5-m4-f10-seed29,M4,29,I,source_distance,Q4,686,0.3861377434344702,12,Mixed forest,246,440,0.5416639917498522,0.483739837398374
week5-m4-f10-seed29,M4,29,I,source_distance,Q4,686,0.3861377434344702,13,"Moors, heathland and sclerophyllous vegetation",52,634,0.09333897508164636,0.0
week5-m4-f10-seed29,M4,29,I,source_distance,Q4,686,0.3861377434344702,14,Natural grassland and sparsely vegetated areas,26,660,0.05319418941060245,0.038461538461538464
week5-m4-f10-seed29,M4,29,I,source_distance,Q4,686,0.3861377434344702,15,Pastures,287,399,0.6621898555886986,0.7317073170731707
week5-m4-f10-seed29,M4,29,I,source_distance,Q4,686,0.3861377434344702,16,Permanent crops,57,629,0.09886981735517737,0.0
week5-m4-f10-seed29,M4,29,I,source_distance,Q4,686,0.3861377434344702,17,"Transitional woodland, shrub",101,585,0.1990449727742871,0.26732673267326734
week5-m4-f10-seed29,M4,29,I,source_distance,Q4,686,0.3861377434344702,18,Urban fabric,203,483,0.5759306195913577,0.5763546798029556
week5-m4-f10-seed29,M4,29,Finland,label_count,1,970,0.33959967344548553,0,Agro-forestry areas,0,970,,
week5-m4-f10-seed29,M4,29,Finland,label_count,1,970,0.33959967344548553,1,Arable land,1,969,0.1,1.0
week5-m4-f10-seed29,M4,29,Finland,label_count,1,970,0.33959967344548553,2,"Beaches, dunes, sands",0,970,,
week5-m4-f10-seed29,M4,29,Finland,label_count,1,970,0.33959967344548553,3,Broad-leaved forest,0,970,,
week5-m4-f10-seed29,M4,29,Finland,label_count,1,970,0.33959967344548553,4,Coastal wetlands,0,970,,
week5-m4-f10-seed29,M4,29,Finland,label_count,1,970,0.33959967344548553,5,Complex cultivation patterns,0,970,,
week5-m4-f10-seed29,M4,29,Finland,label_count,1,970,0.33959967344548553,6,Coniferous forest,160,810,0.7845362223624466,0.54375
week5-m4-f10-seed29,M4,29,Finland,label_count,1,970,0.33959967344548553,7,Industrial or commercial units,0,970,,
week5-m4-f10-seed29,M4,29,Finland,label_count,1,970,0.33959967344548553,8,Inland waters,51,919,0.05169724467512786,0.0
week5-m4-f10-seed29,M4,29,Finland,label_count,1,970,0.33959967344548553,9,Inland wetlands,0,970,,
week5-m4-f10-seed29,M4,29,Finland,label_count,1,970,0.33959967344548553,10,"Land principally occupied by agriculture, with significant areas of natural vegetation",0,970,,
week5-m4-f10-seed29,M4,29,Finland,label_count,1,970,0.33959967344548553,11,Marine waters,752,218,0.9591968214653411,0.7473404255319149
week5-m4-f10-seed29,M4,29,Finland,label_count,1,970,0.33959967344548553,12,Mixed forest,5,965,0.017167752169997344,0.0
week5-m4-f10-seed29,M4,29,Finland,label_count,1,970,0.33959967344548553,13,"Moors, heathland and sclerophyllous vegetation",0,970,,
week5-m4-f10-seed29,M4,29,Finland,label_count,1,970,0.33959967344548553,14,Natural grassland and sparsely vegetated areas,0,970,,
week5-m4-f10-seed29,M4,29,Finland,label_count,1,970,0.33959967344548553,15,Pastures,0,970,,
week5-m4-f10-seed29,M4,29,Finland,label_count,1,970,0.33959967344548553,16,Permanent crops,0,970,,
week5-m4-f10-seed29,M4,29,Finland,label_count,1,970,0.33959967344548553,17,"Transitional woodland, shrub",0,970,,
week5-m4-f10-seed29,M4,29,Finland,label_count,1,970,0.33959967344548553,18,Urban fabric,1,969,0.125,1.0
week5-m4-f10-seed29,M4,29,Finland,label_count,2,933,0.2659754294042758,0,Agro-forestry areas,0,933,,
week5-m4-f10-seed29,M4,29,Finland,label_count,2,933,0.2659754294042758,1,Arable land,24,909,0.380538287513637,0.625
week5-m4-f10-seed29,M4,29,Finland,label_count,2,933,0.2659754294042758,2,"Beaches, dunes, sands",1,932,0.019230769230769232,0.0
week5-m4-f10-seed29,M4,29,Finland,label_count,2,933,0.2659754294042758,3,Broad-leaved forest,13,920,0.009545562363450003,0.23076923076923078
week5-m4-f10-seed29,M4,29,Finland,label_count,2,933,0.2659754294042758,4,Coastal wetlands,1,932,0.00145985401459854,0.0
week5-m4-f10-seed29,M4,29,Finland,label_count,2,933,0.2659754294042758,5,Complex cultivation patterns,2,931,0.004866457995384861,0.0
week5-m4-f10-seed29,M4,29,Finland,label_count,2,933,0.2659754294042758,6,Coniferous forest,756,177,0.8787242731357666,0.42724867724867727
week5-m4-f10-seed29,M4,29,Finland,label_count,2,933,0.2659754294042758,7,Industrial or commercial units,2,931,0.07045454545454546,0.5
week5-m4-f10-seed29,M4,29,Finland,label_count,2,933,0.2659754294042758,8,Inland waters,146,787,0.4254500259957327,0.1232876712328767
week5-m4-f10-seed29,M4,29,Finland,label_count,2,933,0.2659754294042758,9,Inland wetlands,124,809,0.18385032964178835,0.0
week5-m4-f10-seed29,M4,29,Finland,label_count,2,933,0.2659754294042758,10,"Land principally occupied by agriculture, with significant areas of natural vegetation",21,912,0.05213188503587548,0.38095238095238093
week5-m4-f10-seed29,M4,29,Finland,label_count,2,933,0.2659754294042758,11,Marine waters,70,863,0.5941472963632365,0.5142857142857142
week5-m4-f10-seed29,M4,29,Finland,label_count,2,933,0.2659754294042758,12,Mixed forest,381,552,0.41641954214178234,0.3805774278215223
week5-m4-f10-seed29,M4,29,Finland,label_count,2,933,0.2659754294042758,13,"Moors, heathland and sclerophyllous vegetation",3,930,0.0023674628845036065,0.0
week5-m4-f10-seed29,M4,29,Finland,label_count,2,933,0.2659754294042758,14,Natural grassland and sparsely vegetated areas,0,933,,
week5-m4-f10-seed29,M4,29,Finland,label_count,2,933,0.2659754294042758,15,Pastures,0,933,,
week5-m4-f10-seed29,M4,29,Finland,label_count,2,933,0.2659754294042758,16,Permanent crops,0,933,,
week5-m4-f10-seed29,M4,29,Finland,label_count,2,933,0.2659754294042758,17,"Transitional woodland, shrub",316,617,0.3892124830053872,0.22468354430379747
week5-m4-f10-seed29,M4,29,Finland,label_count,2,933,0.2659754294042758,18,Urban fabric,6,927,0.04997243072449555,0.3333333333333333
week5-m4-f10-seed29,M4,29,Finland,label_count,3,1161,0.29156797349689306,0,Agro-forestry areas,0,1161,,
week5-m4-f10-seed29,M4,29,Finland,label_count,3,1161,0.29156797349689306,1,Arable land,125,1036,0.4138207799049917,0.672
week5-m4-f10-seed29,M4,29,Finland,label_count,3,1161,0.29156797349689306,2,"Beaches, dunes, sands",0,1161,,
week5-m4-f10-seed29,M4,29,Finland,label_count,3,1161,0.29156797349689306,3,Broad-leaved forest,55,1106,0.08405606640187659,0.8363636363636363
week5-m4-f10-seed29,M4,29,Finland,label_count,3,1161,0.29156797349689306,4,Coastal wetlands,0,1161,,
week5-m4-f10-seed29,M4,29,Finland,label_count,3,1161,0.29156797349689306,5,Complex cultivation patterns,5,1156,0.004587370914791614,0.0
week5-m4-f10-seed29,M4,29,Finland,label_count,3,1161,0.29156797349689306,6,Coniferous forest,1016,145,0.903016016861107,0.46948818897637795
week5-m4-f10-seed29,M4,29,Finland,label_count,3,1161,0.29156797349689306,7,Industrial or commercial units,11,1150,0.16562134480356105,0.45454545454545453
week5-m4-f10-seed29,M4,29,Finland,label_count,3,1161,0.29156797349689306,8,Inland waters,341,820,0.5427693130758302,0.1436950146627566
week5-m4-f10-seed29,M4,29,Finland,label_count,3,1161,0.29156797349689306,9,Inland wetlands,205,956,0.16121055087303612,0.0
week5-m4-f10-seed29,M4,29,Finland,label_count,3,1161,0.29156797349689306,10,"Land principally occupied by agriculture, with significant areas of natural vegetation",135,1026,0.12930720583609007,0.2814814814814815
week5-m4-f10-seed29,M4,29,Finland,label_count,3,1161,0.29156797349689306,11,Marine waters,40,1121,0.1588584603975284,0.05
week5-m4-f10-seed29,M4,29,Finland,label_count,3,1161,0.29156797349689306,12,Mixed forest,861,300,0.7587538121336642,0.4796747967479675
week5-m4-f10-seed29,M4,29,Finland,label_count,3,1161,0.29156797349689306,13,"Moors, heathland and sclerophyllous vegetation",9,1152,0.005770695517718234,0.0
week5-m4-f10-seed29,M4,29,Finland,label_count,3,1161,0.29156797349689306,14,Natural grassland and sparsely vegetated areas,1,1160,0.001697792869269949,0.0
week5-m4-f10-seed29,M4,29,Finland,label_count,3,1161,0.29156797349689306,15,Pastures,0,1161,,
week5-m4-f10-seed29,M4,29,Finland,label_count,3,1161,0.29156797349689306,16,Permanent crops,0,1161,,
week5-m4-f10-seed29,M4,29,Finland,label_count,3,1161,0.29156797349689306,17,"Transitional woodland, shrub",652,509,0.6196060154388382,0.2223926380368098
week5-m4-f10-seed29,M4,29,Finland,label_count,3,1161,0.29156797349689306,18,Urban fabric,27,1134,0.13287620392820004,0.5185185185185185
week5-m4-f10-seed29,M4,29,Finland,label_count,4+,936,0.32544296673118667,0,Agro-forestry areas,0,936,,
week5-m4-f10-seed29,M4,29,Finland,label_count,4+,936,0.32544296673118667,1,Arable land,307,629,0.5962600753851129,0.6677524429967426
week5-m4-f10-seed29,M4,29,Finland,label_count,4+,936,0.32544296673118667,2,"Beaches, dunes, sands",0,936,,
week5-m4-f10-seed29,M4,29,Finland,label_count,4+,936,0.32544296673118667,3,Broad-leaved forest,161,775,0.21596627955259717,0.7453416149068323
week5-m4-f10-seed29,M4,29,Finland,label_count,4+,936,0.32544296673118667,4,Coastal wetlands,9,927,0.03270861790012745,0.0
week5-m4-f10-seed29,M4,29,Finland,label_count,4+,936,0.32544296673118667,5,Complex cultivation patterns,14,922,0.010541410555071492,0.0
week5-m4-f10-seed29,M4,29,Finland,label_count,4+,936,0.32544296673118667,6,Coniferous forest,844,92,0.9285533852229181,0.5545023696682464
week5-m4-f10-seed29,M4,29,Finland,label_count,4+,936,0.32544296673118667,7,Industrial or commercial units,19,917,0.04668675068350261,0.05263157894736842
week5-m4-f10-seed29,M4,29,Finland,label_count,4+,936,0.32544296673118667,8,Inland waters,447,489,0.7044768667465001,0.1767337807606264
week5-m4-f10-seed29,M4,29,Finland,label_count,4+,936,0.32544296673118667,9,Inland wetlands,201,735,0.1946127823140166,0.0
week5-m4-f10-seed29,M4,29,Finland,label_count,4+,936,0.32544296673118667,10,"Land principally occupied by agriculture, with significant areas of natural vegetation",432,504,0.5495432017665273,0.3472222222222222
week5-m4-f10-seed29,M4,29,Finland,label_count,4+,936,0.32544296673118667,11,Marine waters,30,906,0.06567075921298904,0.0
week5-m4-f10-seed29,M4,29,Finland,label_count,4+,936,0.32544296673118667,12,Mixed forest,835,101,0.9154143787629935,0.578443113772455
week5-m4-f10-seed29,M4,29,Finland,label_count,4+,936,0.32544296673118667,13,"Moors, heathland and sclerophyllous vegetation",14,922,0.010015134958622298,0.0
week5-m4-f10-seed29,M4,29,Finland,label_count,4+,936,0.32544296673118667,14,Natural grassland and sparsely vegetated areas,1,935,0.002770083102493075,0.0
week5-m4-f10-seed29,M4,29,Finland,label_count,4+,936,0.32544296673118667,15,Pastures,3,933,0.006699982554330798,0.6666666666666666
week5-m4-f10-seed29,M4,29,Finland,label_count,4+,936,0.32544296673118667,16,Permanent crops,1,935,0.01639344262295082,0.0
week5-m4-f10-seed29,M4,29,Finland,label_count,4+,936,0.32544296673118667,17,"Transitional woodland, shrub",606,330,0.7078554459402653,0.19636963696369636
week5-m4-f10-seed29,M4,29,Finland,label_count,4+,936,0.32544296673118667,18,Urban fabric,82,854,0.23562748831809607,0.4024390243902439
week5-m4-f10-seed29,M4,29,Finland,quarter,Q1,320,0.32658532810565394,0,Agro-forestry areas,0,320,,
week5-m4-f10-seed29,M4,29,Finland,quarter,Q1,320,0.32658532810565394,1,Arable land,20,300,0.05168577542124412,0.45
week5-m4-f10-seed29,M4,29,Finland,quarter,Q1,320,0.32658532810565394,2,"Beaches, dunes, sands",0,320,,
week5-m4-f10-seed29,M4,29,Finland,quarter,Q1,320,0.32658532810565394,3,Broad-leaved forest,22,298,0.10983989027435256,1.0
week5-m4-f10-seed29,M4,29,Finland,quarter,Q1,320,0.32658532810565394,4,Coastal wetlands,0,320,,
week5-m4-f10-seed29,M4,29,Finland,quarter,Q1,320,0.32658532810565394,5,Complex cultivation patterns,1,319,0.003436426116838488,0.0
week5-m4-f10-seed29,M4,29,Finland,quarter,Q1,320,0.32658532810565394,6,Coniferous forest,297,23,0.9637697348562747,0.0
week5-m4-f10-seed29,M4,29,Finland,quarter,Q1,320,0.32658532810565394,7,Industrial or commercial units,0,320,,
week5-m4-f10-seed29,M4,29,Finland,quarter,Q1,320,0.32658532810565394,8,Inland waters,62,258,0.16324611957928098,0.0
week5-m4-f10-seed29,M4,29,Finland,quarter,Q1,320,0.32658532810565394,9,Inland wetlands,9,311,0.028479157293948582,0.0
week5-m4-f10-seed29,M4,29,Finland,quarter,Q1,320,0.32658532810565394,10,"Land principally occupied by agriculture, with significant areas of natural vegetation",43,277,0.16410810431717504,1.0
week5-m4-f10-seed29,M4,29,Finland,quarter,Q1,320,0.32658532810565394,11,Marine waters,14,306,0.8124280372722417,0.7142857142857143
week5-m4-f10-seed29,M4,29,Finland,quarter,Q1,320,0.32658532810565394,12,Mixed forest,250,70,0.7945653833032046,0.0
week5-m4-f10-seed29,M4,29,Finland,quarter,Q1,320,0.32658532810565394,13,"Moors, heathland and sclerophyllous vegetation",0,320,,
week5-m4-f10-seed29,M4,29,Finland,quarter,Q1,320,0.32658532810565394,14,Natural grassland and sparsely vegetated areas,0,320,,
week5-m4-f10-seed29,M4,29,Finland,quarter,Q1,320,0.32658532810565394,15,Pastures,0,320,,
week5-m4-f10-seed29,M4,29,Finland,quarter,Q1,320,0.32658532810565394,16,Permanent crops,0,320,,
week5-m4-f10-seed29,M4,29,Finland,quarter,Q1,320,0.32658532810565394,17,"Transitional woodland, shrub",138,182,0.451057010198582,0.36231884057971014
week5-m4-f10-seed29,M4,29,Finland,quarter,Q1,320,0.32658532810565394,18,Urban fabric,3,317,0.049822970529050666,0.0
week5-m4-f10-seed29,M4,29,Finland,quarter,Q2,1987,0.31506046438567076,0,Agro-forestry areas,0,1987,,
week5-m4-f10-seed29,M4,29,Finland,quarter,Q2,1987,0.31506046438567076,1,Arable land,284,1703,0.48016727403838694,0.6690140845070423
week5-m4-f10-seed29,M4,29,Finland,quarter,Q2,1987,0.31506046438567076,2,"Beaches, dunes, sands",0,1987,,
week5-m4-f10-seed29,M4,29,Finland,quarter,Q2,1987,0.31506046438567076,3,Broad-leaved forest,115,1872,0.06840811824981471,0.6434782608695652
week5-m4-f10-seed29,M4,29,Finland,quarter,Q2,1987,0.31506046438567076,4,Coastal wetlands,6,1981,0.017658293536655063,0.0
week5-m4-f10-seed29,M4,29,Finland,quarter,Q2,1987,0.31506046438567076,5,Complex cultivation patterns,20,1967,0.009185301535919293,0.0
week5-m4-f10-seed29,M4,29,Finland,quarter,Q2,1987,0.31506046438567076,6,Coniferous forest,1225,762,0.799711615239704,0.44081632653061226
week5-m4-f10-seed29,M4,29,Finland,quarter,Q2,1987,0.31506046438567076,7,Industrial or commercial units,24,1963,0.04282525185954857,0.25
week5-m4-f10-seed29,M4,29,Finland,quarter,Q2,1987,0.31506046438567076,8,Inland waters,520,1467,0.6224429961313892,0.2326923076923077
week5-m4-f10-seed29,M4,29,Finland,quarter,Q2,1987,0.31506046438567076,9,Inland wetlands,196,1791,0.08338413287679726,0.0
week5-m4-f10-seed29,M4,29,Finland,quarter,Q2,1987,0.31506046438567076,10,"Land principally occupied by agriculture, with significant areas of natural vegetation",358,1629,0.2432593342761303,0.2541899441340782
week5-m4-f10-seed29,M4,29,Finland,quarter,Q2,1987,0.31506046438567076,11,Marine waters,525,1462,0.8336341093882568,0.6304761904761905
week5-m4-f10-seed29,M4,29,Finland,quarter,Q2,1987,0.31506046438567076,12,Mixed forest,1140,847,0.796395910238829,0.4710526315789474
week5-m4-f10-seed29,M4,29,Finland,quarter,Q2,1987,0.31506046438567076,13,"Moors, heathland and sclerophyllous vegetation",0,1987,,
week5-m4-f10-seed29,M4,29,Finland,quarter,Q2,1987,0.31506046438567076,14,Natural grassland and sparsely vegetated areas,1,1986,0.0015105740181268882,0.0
week5-m4-f10-seed29,M4,29,Finland,quarter,Q2,1987,0.31506046438567076,15,Pastures,2,1985,0.003579548357431155,0.5
week5-m4-f10-seed29,M4,29,Finland,quarter,Q2,1987,0.31506046438567076,16,Permanent crops,1,1986,0.006944444444444444,0.0
week5-m4-f10-seed29,M4,29,Finland,quarter,Q2,1987,0.31506046438567076,17,"Transitional woodland, shrub",749,1238,0.5822475130815625,0.24032042723631508
week5-m4-f10-seed29,M4,29,Finland,quarter,Q2,1987,0.31506046438567076,18,Urban fabric,85,1902,0.15221084204871974,0.5058823529411764
week5-m4-f10-seed29,M4,29,Finland,quarter,Q3,1441,0.37507800490022,0,Agro-forestry areas,0,1441,,
week5-m4-f10-seed29,M4,29,Finland,quarter,Q3,1441,0.37507800490022,1,Arable land,146,1295,0.5175081384656828,0.6986301369863014
week5-m4-f10-seed29,M4,29,Finland,quarter,Q3,1441,0.37507800490022,2,"Beaches, dunes, sands",0,1441,,
week5-m4-f10-seed29,M4,29,Finland,quarter,Q3,1441,0.37507800490022,3,Broad-leaved forest,79,1362,0.10204991919449123,0.8354430379746836
week5-m4-f10-seed29,M4,29,Finland,quarter,Q3,1441,0.37507800490022,4,Coastal wetlands,4,1437,0.016605060017751305,0.0
week5-m4-f10-seed29,M4,29,Finland,quarter,Q3,1441,0.37507800490022,5,Complex cultivation patterns,0,1441,,
week5-m4-f10-seed29,M4,29,Finland,quarter,Q3,1441,0.37507800490022,6,Coniferous forest,1158,283,0.9525209519459599,0.697754749568221
week5-m4-f10-seed29,M4,29,Finland,quarter,Q3,1441,0.37507800490022,7,Industrial or commercial units,7,1434,0.3233835059500406,0.14285714285714285
week5-m4-f10-seed29,M4,29,Finland,quarter,Q3,1441,0.37507800490022,8,Inland waters,340,1101,0.5191414402396409,0.07058823529411765
week5-m4-f10-seed29,M4,29,Finland,quarter,Q3,1441,0.37507800490022,9,Inland wetlands,323,1118,0.24868989623871907,0.0
week5-m4-f10-seed29,M4,29,Finland,quarter,Q3,1441,0.37507800490022,10,"Land principally occupied by agriculture, with significant areas of natural vegetation",161,1280,0.38427820876029195,0.2981366459627329
week5-m4-f10-seed29,M4,29,Finland,quarter,Q3,1441,0.37507800490022,11,Marine waters,202,1239,0.888379702438099,0.6237623762376238
week5-m4-f10-seed29,M4,29,Finland,quarter,Q3,1441,0.37507800490022,12,Mixed forest,588,853,0.6235852352437948,0.8316326530612245
week5-m4-f10-seed29,M4,29,Finland,quarter,Q3,1441,0.37507800490022,13,"Moors, heathland and sclerophyllous vegetation",26,1415,0.011721060973362408,0.0
week5-m4-f10-seed29,M4,29,Finland,quarter,Q3,1441,0.37507800490022,14,Natural grassland and sparsely vegetated areas,1,1440,0.002183406113537118,0.0
week5-m4-f10-seed29,M4,29,Finland,quarter,Q3,1441,0.37507800490022,15,Pastures,1,1440,0.002105263157894737,1.0
week5-m4-f10-seed29,M4,29,Finland,quarter,Q3,1441,0.37507800490022,16,Permanent crops,0,1441,,
week5-m4-f10-seed29,M4,29,Finland,quarter,Q3,1441,0.37507800490022,17,"Transitional woodland, shrub",652,789,0.4949297841242498,0.15950920245398773
week5-m4-f10-seed29,M4,29,Finland,quarter,Q3,1441,0.37507800490022,18,Urban fabric,25,1416,0.18061555575731564,0.24
week5-m4-f10-seed29,M4,29,Finland,quarter,Q4,252,0.33781170540881117,0,Agro-forestry areas,0,252,,
week5-m4-f10-seed29,M4,29,Finland,quarter,Q4,252,0.33781170540881117,1,Arable land,7,245,0.08274561134625288,0.5714285714285714
week5-m4-f10-seed29,M4,29,Finland,quarter,Q4,252,0.33781170540881117,2,"Beaches, dunes, sands",1,251,0.06666666666666667,0.0
week5-m4-f10-seed29,M4,29,Finland,quarter,Q4,252,0.33781170540881117,3,Broad-leaved forest,13,239,0.20289986156317955,0.5384615384615384
week5-m4-f10-seed29,M4,29,Finland,quarter,Q4,252,0.33781170540881117,4,Coastal wetlands,0,252,,
week5-m4-f10-seed29,M4,29,Finland,quarter,Q4,252,0.33781170540881117,5,Complex cultivation patterns,0,252,,
week5-m4-f10-seed29,M4,29,Finland,quarter,Q4,252,0.33781170540881117,6,Coniferous forest,96,156,0.7143066210309769,0.07291666666666667
week5-m4-f10-seed29,M4,29,Finland,quarter,Q4,252,0.33781170540881117,7,Industrial or commercial units,1,251,0.05555555555555555,0.0
week5-m4-f10-seed29,M4,29,Finland,quarter,Q4,252,0.33781170540881117,8,Inland waters,63,189,0.24665312511062346,0.015873015873015872
week5-m4-f10-seed29,M4,29,Finland,quarter,Q4,252,0.33781170540881117,9,Inland wetlands,2,250,0.008775946275946276,0.0
week5-m4-f10-seed29,M4,29,Finland,quarter,Q4,252,0.33781170540881117,10,"Land principally occupied by agriculture, with significant areas of natural vegetation",26,226,0.2706535434490525,0.5384615384615384
week5-m4-f10-seed29,M4,29,Finland,quarter,Q4,252,0.33781170540881117,11,Marine waters,151,101,0.9802259667631701,0.8807947019867549
week5-m4-f10-seed29,M4,29,Finland,quarter,Q4,252,0.33781170540881117,12,Mixed forest,104,148,0.7955353259492614,0.14423076923076922
week5-m4-f10-seed29,M4,29,Finland,quarter,Q4,252,0.33781170540881117,13,"Moors, heathland and sclerophyllous vegetation",0,252,,
week5-m4-f10-seed29,M4,29,Finland,quarter,Q4,252,0.33781170540881117,14,Natural grassland and sparsely vegetated areas,0,252,,
week5-m4-f10-seed29,M4,29,Finland,quarter,Q4,252,0.33781170540881117,15,Pastures,0,252,,
week5-m4-f10-seed29,M4,29,Finland,quarter,Q4,252,0.33781170540881117,16,Permanent crops,0,252,,
week5-m4-f10-seed29,M4,29,Finland,quarter,Q4,252,0.33781170540881117,17,"Transitional woodland, shrub",35,217,0.3127132617669576,0.02857142857142857
week5-m4-f10-seed29,M4,29,Finland,quarter,Q4,252,0.33781170540881117,18,Urban fabric,3,249,0.04586394068594716,0.3333333333333333
week5-m4-f10-seed29,M4,29,Finland,country,Finland,4000,0.2894357741396475,0,Agro-forestry areas,0,4000,,
week5-m4-f10-seed29,M4,29,Finland,country,Finland,4000,0.2894357741396475,1,Arable land,457,3543,0.45653835917961444,0.6673960612691466
week5-m4-f10-seed29,M4,29,Finland,country,Finland,4000,0.2894357741396475,2,"Beaches, dunes, sands",1,3999,0.0026041666666666665,0.0
week5-m4-f10-seed29,M4,29,Finland,country,Finland,4000,0.2894357741396475,3,Broad-leaved forest,229,3771,0.08021979614461892,0.7379912663755459
week5-m4-f10-seed29,M4,29,Finland,country,Finland,4000,0.2894357741396475,4,Coastal wetlands,10,3990,0.010324797472816564,0.0
week5-m4-f10-seed29,M4,29,Finland,country,Finland,4000,0.2894357741396475,5,Complex cultivation patterns,21,3979,0.0049674811201929365,0.0
week5-m4-f10-seed29,M4,29,Finland,country,Finland,4000,0.2894357741396475,6,Coniferous forest,2776,1224,0.8753734768915716,0.4881123919308357
week5-m4-f10-seed29,M4,29,Finland,country,Finland,4000,0.2894357741396475,7,Industrial or commercial units,32,3968,0.07701303345385951,0.21875
week5-m4-f10-seed29,M4,29,Finland,country,Finland,4000,0.2894357741396475,8,Inland waters,985,3015,0.5301454165272059,0.14822335025380712
week5-m4-f10-seed29,M4,29,Finland,country,Finland,4000,0.2894357741396475,9,Inland wetlands,530,3470,0.14400440824911825,0.0
week5-m4-f10-seed29,M4,29,Finland,country,Finland,4000,0.2894357741396475,10,"Land principally occupied by agriculture, with significant areas of natural vegetation",588,3412,0.24500313093877316,0.3333333333333333
week5-m4-f10-seed29,M4,29,Finland,country,Finland,4000,0.2894357741396475,11,Marine waters,892,3108,0.887352720818792,0.672645739910314
week5-m4-f10-seed29,M4,29,Finland,country,Finland,4000,0.2894357741396475,12,Mixed forest,2082,1918,0.6553044311214106,0.5
week5-m4-f10-seed29,M4,29,Finland,country,Finland,4000,0.2894357741396475,13,"Moors, heathland and sclerophyllous vegetation",26,3974,0.004144871850789294,0.0
week5-m4-f10-seed29,M4,29,Finland,country,Finland,4000,0.2894357741396475,14,Natural grassland and sparsely vegetated areas,2,3998,0.000990573455084294,0.0
week5-m4-f10-seed29,M4,29,Finland,country,Finland,4000,0.2894357741396475,15,Pastures,3,3997,0.002077835819366425,0.6666666666666666
week5-m4-f10-seed29,M4,29,Finland,country,Finland,4000,0.2894357741396475,16,Permanent crops,1,3999,0.00625,0.0
week5-m4-f10-seed29,M4,29,Finland,country,Finland,4000,0.2894357741396475,17,"Transitional woodland, shrub",1574,2426,0.5179724979014189,0.2128335451080051
week5-m4-f10-seed29,M4,29,Finland,country,Finland,4000,0.2894357741396475,18,Urban fabric,116,3884,0.14361435276254306,0.43103448275862066
week5-m4-f10-seed29,M4,29,Finland,source_distance,Q1,967,0.3432772354578023,0,Agro-forestry areas,0,967,,
week5-m4-f10-seed29,M4,29,Finland,source_distance,Q1,967,0.3432772354578023,1,Arable land,27,940,0.2674418149828304,0.48148148148148145
week5-m4-f10-seed29,M4,29,Finland,source_distance,Q1,967,0.3432772354578023,2,"Beaches, dunes, sands",1,966,0.003105590062111801,0.0
week5-m4-f10-seed29,M4,29,Finland,source_distance,Q1,967,0.3432772354578023,3,Broad-leaved forest,36,931,0.11677079744800678,0.6388888888888888
week5-m4-f10-seed29,M4,29,Finland,source_distance,Q1,967,0.3432772354578023,4,Coastal wetlands,1,966,0.0022172949002217295,0.0
week5-m4-f10-seed29,M4,29,Finland,source_distance,Q1,967,0.3432772354578023,5,Complex cultivation patterns,5,962,0.014573676994835482,0.0
week5-m4-f10-seed29,M4,29,Finland,source_distance,Q1,967,0.3432772354578023,6,Coniferous forest,345,622,0.8562032904120607,0.5391304347826087
week5-m4-f10-seed29,M4,29,Finland,source_distance,Q1,967,0.3432772354578023,7,Industrial or commercial units,3,964,0.4216417910447761,0.3333333333333333
week5-m4-f10-seed29,M4,29,Finland,source_distance,Q1,967,0.3432772354578023,8,Inland waters,132,835,0.29516902829364344,0.007575757575757576
week5-m4-f10-seed29,M4,29,Finland,source_distance,Q1,967,0.3432772354578023,9,Inland wetlands,75,892,0.06452008975584114,0.0
week5-m4-f10-seed29,M4,29,Finland,source_distance,Q1,967,0.3432772354578023,10,"Land principally occupied by agriculture, with significant areas of natural vegetation",40,927,0.14951741826075815,0.15
week5-m4-f10-seed29,M4,29,Finland,source_distance,Q1,967,0.3432772354578023,11,Marine waters,561,406,0.9591353180820629,0.9928698752228164
week5-m4-f10-seed29,M4,29,Finland,source_distance,Q1,967,0.3432772354578023,12,Mixed forest,213,754,0.5945907281111887,0.5539906103286385
week5-m4-f10-seed29,M4,29,Finland,source_distance,Q1,967,0.3432772354578023,13,"Moors, heathland and sclerophyllous vegetation",10,957,0.007738210669782979,0.0
week5-m4-f10-seed29,M4,29,Finland,source_distance,Q1,967,0.3432772354578023,14,Natural grassland and sparsely vegetated areas,0,967,,
week5-m4-f10-seed29,M4,29,Finland,source_distance,Q1,967,0.3432772354578023,15,Pastures,0,967,,
week5-m4-f10-seed29,M4,29,Finland,source_distance,Q1,967,0.3432772354578023,16,Permanent crops,0,967,,
week5-m4-f10-seed29,M4,29,Finland,source_distance,Q1,967,0.3432772354578023,17,"Transitional woodland, shrub",184,783,0.4386933855952202,0.21739130434782608
week5-m4-f10-seed29,M4,29,Finland,source_distance,Q1,967,0.3432772354578023,18,Urban fabric,5,962,0.2766085113004241,0.4
week5-m4-f10-seed29,M4,29,Finland,source_distance,Q2,958,0.3099576276591079,0,Agro-forestry areas,0,958,,
week5-m4-f10-seed29,M4,29,Finland,source_distance,Q2,958,0.3099576276591079,1,Arable land,99,859,0.35738931425128884,0.6060606060606061
week5-m4-f10-seed29,M4,29,Finland,source_distance,Q2,958,0.3099576276591079,2,"Beaches, dunes, sands",0,958,,
week5-m4-f10-seed29,M4,29,Finland,source_distance,Q2,958,0.3099576276591079,3,Broad-leaved forest,60,898,0.07092448039626288,0.7833333333333333
week5-m4-f10-seed29,M4,29,Finland,source_distance,Q2,958,0.3099576276591079,4,Coastal wetlands,1,957,0.00684931506849315,0.0
week5-m4-f10-seed29,M4,29,Finland,source_distance,Q2,958,0.3099576276591079,5,Complex cultivation patterns,4,954,0.005025983630953114,0.0
week5-m4-f10-seed29,M4,29,Finland,source_distance,Q2,958,0.3099576276591079,6,Coniferous forest,838,120,0.917981638830348,0.4797136038186158
week5-m4-f10-seed29,M4,29,Finland,source_distance,Q2,958,0.3099576276591079,7,Industrial or commercial units,10,948,0.052978337011799805,0.0
week5-m4-f10-seed29,M4,29,Finland,source_distance,Q2,958,0.3099576276591079,8,Inland waters,217,741,0.47857734122299167,0.1152073732718894
week5-m4-f10-seed29,M4,29,Finland,source_distance,Q2,958,0.3099576276591079,9,Inland wetlands,166,792,0.14773366288263134,0.0
week5-m4-f10-seed29,M4,29,Finland,source_distance,Q2,958,0.3099576276591079,10,"Land principally occupied by agriculture, with significant areas of natural vegetation",131,827,0.19249810222700925,0.31297709923664124
week5-m4-f10-seed29,M4,29,Finland,source_distance,Q2,958,0.3099576276591079,11,Marine waters,47,911,0.7371125499138971,0.7446808510638298
week5-m4-f10-seed29,M4,29,Finland,source_distance,Q2,958,0.3099576276591079,12,Mixed forest,568,390,0.6372968813570604,0.5052816901408451
week5-m4-f10-seed29,M4,29,Finland,source_distance,Q2,958,0.3099576276591079,13,"Moors, heathland and sclerophyllous vegetation",9,949,0.006229384212234559,0.0
week5-m4-f10-seed29,M4,29,Finland,source_distance,Q2,958,0.3099576276591079,14,Natural grassland and sparsely vegetated areas,1,957,0.002178649237472767,0.0
week5-m4-f10-seed29,M4,29,Finland,source_distance,Q2,958,0.3099576276591079,15,Pastures,0,958,,
week5-m4-f10-seed29,M4,29,Finland,source_distance,Q2,958,0.3099576276591079,16,Permanent crops,0,958,,
week5-m4-f10-seed29,M4,29,Finland,source_distance,Q2,958,0.3099576276591079,17,"Transitional woodland, shrub",492,466,0.5828459637994851,0.17886178861788618
week5-m4-f10-seed29,M4,29,Finland,source_distance,Q2,958,0.3099576276591079,18,Urban fabric,25,933,0.15063449825407604,0.28
week5-m4-f10-seed29,M4,29,Finland,source_distance,Q3,1016,0.26209579001636657,0,Agro-forestry areas,0,1016,,
week5-m4-f10-seed29,M4,29,Finland,source_distance,Q3,1016,0.26209579001636657,1,Arable land,128,888,0.44616600421257924,0.6953125
week5-m4-f10-seed29,M4,29,Finland,source_distance,Q3,1016,0.26209579001636657,2,"Beaches, dunes, sands",0,1016,,
week5-m4-f10-seed29,M4,29,Finland,source_distance,Q3,1016,0.26209579001636657,3,Broad-leaved forest,71,945,0.08689413972407177,0.7887323943661971
week5-m4-f10-seed29,M4,29,Finland,source_distance,Q3,1016,0.26209579001636657,4,Coastal wetlands,1,1015,0.0029239766081871343,0.0
week5-m4-f10-seed29,M4,29,Finland,source_distance,Q3,1016,0.26209579001636657,5,Complex cultivation patterns,11,1005,0.011023732381002195,0.0
week5-m4-f10-seed29,M4,29,Finland,source_distance,Q3,1016,0.26209579001636657,6,Coniferous forest,866,150,0.8850055891237887,0.40993071593533487
week5-m4-f10-seed29,M4,29,Finland,source_distance,Q3,1016,0.26209579001636657,7,Industrial or commercial units,7,1009,0.03893345788632786,0.14285714285714285
week5-m4-f10-seed29,M4,29,Finland,source_distance,Q3,1016,0.26209579001636657,8,Inland waters,274,742,0.5490926248451938,0.1678832116788321
week5-m4-f10-seed29,M4,29,Finland,source_distance,Q3,1016,0.26209579001636657,9,Inland wetlands,155,861,0.1848185408169608,0.0
week5-m4-f10-seed29,M4,29,Finland,source_distance,Q3,1016,0.26209579001636657,10,"Land principally occupied by agriculture, with significant areas of natural vegetation",168,848,0.22780668235757423,0.44047619047619047
week5-m4-f10-seed29,M4,29,Finland,source_distance,Q3,1016,0.26209579001636657,11,Marine waters,50,966,0.34311856502052274,0.12
week5-m4-f10-seed29,M4,29,Finland,source_distance,Q3,1016,0.26209579001636657,12,Mixed forest,685,331,0.6930541469297193,0.41605839416058393
week5-m4-f10-seed29,M4,29,Finland,source_distance,Q3,1016,0.26209579001636657,13,"Moors, heathland and sclerophyllous vegetation",5,1011,0.004220961750003281,0.0
week5-m4-f10-seed29,M4,29,Finland,source_distance,Q3,1016,0.26209579001636657,14,Natural grassland and sparsely vegetated areas,1,1015,0.0019193857965451055,0.0
week5-m4-f10-seed29,M4,29,Finland,source_distance,Q3,1016,0.26209579001636657,15,Pastures,2,1014,0.010033444816053512,1.0
week5-m4-f10-seed29,M4,29,Finland,source_distance,Q3,1016,0.26209579001636657,16,Permanent crops,1,1015,0.017857142857142856,0.0
week5-m4-f10-seed29,M4,29,Finland,source_distance,Q3,1016,0.26209579001636657,17,"Transitional woodland, shrub",513,503,0.5767107442452217,0.2884990253411306
week5-m4-f10-seed29,M4,29,Finland,source_distance,Q3,1016,0.26209579001636657,18,Urban fabric,34,982,0.11687747749915808,0.35294117647058826
week5-m4-f10-seed29,M4,29,Finland,source_distance,Q4,1059,0.34658363890676797,0,Agro-forestry areas,0,1059,,
week5-m4-f10-seed29,M4,29,Finland,source_distance,Q4,1059,0.34658363890676797,1,Arable land,203,856,0.5573847119681102,0.7044334975369458
week5-m4-f10-seed29,M4,29,Finland,source_distance,Q4,1059,0.34658363890676797,2,"Beaches, dunes, sands",0,1059,,
week5-m4-f10-seed29,M4,29,Finland,source_distance,Q4,1059,0.34658363890676797,3,Broad-leaved forest,62,997,0.07140560504992483,0.6935483870967742
week5-m4-f10-seed29,M4,29,Finland,source_distance,Q4,1059,0.34658363890676797,4,Coastal wetlands,7,1052,0.027909516020784616,0.0
week5-m4-f10-seed29,M4,29,Finland,source_distance,Q4,1059,0.34658363890676797,5,Complex cultivation patterns,1,1058,0.0012091898428053204,0.0
week5-m4-f10-seed29,M4,29,Finland,source_distance,Q4,1059,0.34658363890676797,6,Coniferous forest,727,332,0.8668524123715389,0.5667125171939478
week5-m4-f10-seed29,M4,29,Finland,source_distance,Q4,1059,0.34658363890676797,7,Industrial or commercial units,12,1047,0.07853027623247466,0.4166666666666667
week5-m4-f10-seed29,M4,29,Finland,source_distance,Q4,1059,0.34658363890676797,8,Inland waters,362,697,0.6375283769371493,0.20441988950276244
week5-m4-f10-seed29,M4,29,Finland,source_distance,Q4,1059,0.34658363890676797,9,Inland wetlands,134,925,0.18697328970692612,0.0
week5-m4-f10-seed29,M4,29,Finland,source_distance,Q4,1059,0.34658363890676797,10,"Land principally occupied by agriculture, with significant areas of natural vegetation",249,810,0.37161801700121894,0.30120481927710846
week5-m4-f10-seed29,M4,29,Finland,source_distance,Q4,1059,0.34658363890676797,11,Marine waters,234,825,0.7405751422295845,0.008547008547008548
week5-m4-f10-seed29,M4,29,Finland,source_distance,Q4,1059,0.34658363890676797,12,Mixed forest,616,443,0.7260398496460578,0.5698051948051948
week5-m4-f10-seed29,M4,29,Finland,source_distance,Q4,1059,0.34658363890676797,13,"Moors, heathland and sclerophyllous vegetation",2,1057,0.0018086193258324765,0.0
week5-m4-f10-seed29,M4,29,Finland,source_distance,Q4,1059,0.34658363890676797,14,Natural grassland and sparsely vegetated areas,0,1059,,
week5-m4-f10-seed29,M4,29,Finland,source_distance,Q4,1059,0.34658363890676797,15,Pastures,1,1058,0.001610305958132045,0.0
week5-m4-f10-seed29,M4,29,Finland,source_distance,Q4,1059,0.34658363890676797,16,Permanent crops,0,1059,,
week5-m4-f10-seed29,M4,29,Finland,source_distance,Q4,1059,0.34658363890676797,17,"Transitional woodland, shrub",385,674,0.43122040236887776,0.15324675324675324
week5-m4-f10-seed29,M4,29,Finland,source_distance,Q4,1059,0.34658363890676797,18,Urban fabric,52,1007,0.17941474605611876,0.5576923076923077
week5-m4-f10-seed29,M4,29,Portugal,label_count,1,599,0.24670025000764315,0,Agro-forestry areas,44,555,0.18634305519715583,0.0
week5-m4-f10-seed29,M4,29,Portugal,label_count,1,599,0.24670025000764315,1,Arable land,63,536,0.6627573411246656,0.8888888888888888
week5-m4-f10-seed29,M4,29,Portugal,label_count,1,599,0.24670025000764315,2,"Beaches, dunes, sands",0,599,,
week5-m4-f10-seed29,M4,29,Portugal,label_count,1,599,0.24670025000764315,3,Broad-leaved forest,28,571,0.18999419049523553,0.5357142857142857
week5-m4-f10-seed29,M4,29,Portugal,label_count,1,599,0.24670025000764315,4,Coastal wetlands,2,597,0.020958512160228898,0.0
week5-m4-f10-seed29,M4,29,Portugal,label_count,1,599,0.24670025000764315,5,Complex cultivation patterns,3,596,0.06156066156066156,0.6666666666666666
week5-m4-f10-seed29,M4,29,Portugal,label_count,1,599,0.24670025000764315,6,Coniferous forest,1,598,0.013157894736842105,0.0
week5-m4-f10-seed29,M4,29,Portugal,label_count,1,599,0.24670025000764315,7,Industrial or commercial units,0,599,,
week5-m4-f10-seed29,M4,29,Portugal,label_count,1,599,0.24670025000764315,8,Inland waters,0,599,,
week5-m4-f10-seed29,M4,29,Portugal,label_count,1,599,0.24670025000764315,9,Inland wetlands,0,599,,
week5-m4-f10-seed29,M4,29,Portugal,label_count,1,599,0.24670025000764315,10,"Land principally occupied by agriculture, with significant areas of natural vegetation",2,597,0.008221877624862699,0.0
week5-m4-f10-seed29,M4,29,Portugal,label_count,1,599,0.24670025000764315,11,Marine waters,416,183,0.9996527601914725,0.9927884615384616
week5-m4-f10-seed29,M4,29,Portugal,label_count,1,599,0.24670025000764315,12,Mixed forest,6,593,0.1562256617051138,0.5
week5-m4-f10-seed29,M4,29,Portugal,label_count,1,599,0.24670025000764315,13,"Moors, heathland and sclerophyllous vegetation",8,591,0.27915908568082476,0.25
week5-m4-f10-seed29,M4,29,Portugal,label_count,1,599,0.24670025000764315,14,Natural grassland and sparsely vegetated areas,0,599,,
week5-m4-f10-seed29,M4,29,Portugal,label_count,1,599,0.24670025000764315,15,Pastures,1,598,0.04,1.0
week5-m4-f10-seed29,M4,29,Portugal,label_count,1,599,0.24670025000764315,16,Permanent crops,10,589,0.23843953254755842,0.0
week5-m4-f10-seed29,M4,29,Portugal,label_count,1,599,0.24670025000764315,17,"Transitional woodland, shrub",15,584,0.06453374441683722,0.2
week5-m4-f10-seed29,M4,29,Portugal,label_count,1,599,0.24670025000764315,18,Urban fabric,0,599,,
week5-m4-f10-seed29,M4,29,Portugal,label_count,2,772,0.2438951533133884,0,Agro-forestry areas,241,531,0.285331345240097,0.0
week5-m4-f10-seed29,M4,29,Portugal,label_count,2,772,0.2438951533133884,1,Arable land,282,490,0.48712148497696656,0.7588652482269503
week5-m4-f10-seed29,M4,29,Portugal,label_count,2,772,0.2438951533133884,2,"Beaches, dunes, sands",8,764,0.27956956029245184,0.0
week5-m4-f10-seed29,M4,29,Portugal,label_count,2,772,0.2438951533133884,3,Broad-leaved forest,235,537,0.4177916578268149,0.5617021276595745
week5-m4-f10-seed29,M4,29,Portugal,label_count,2,772,0.2438951533133884,4,Coastal wetlands,7,765,0.01648136431162931,0.0
week5-m4-f10-seed29,M4,29,Portugal,label_count,2,772,0.2438951533133884,5,Complex cultivation patterns,66,706,0.16324802083984394,0.3484848484848485
week5-m4-f10-seed29,M4,29,Portugal,label_count,2,772,0.2438951533133884,6,Coniferous forest,35,737,0.06042535534899078,0.2857142857142857
week5-m4-f10-seed29,M4,29,Portugal,label_count,2,772,0.2438951533133884,7,Industrial or commercial units,7,765,0.14989141781436072,0.0
week5-m4-f10-seed29,M4,29,Portugal,label_count,2,772,0.2438951533133884,8,Inland waters,13,759,0.03219206978117433,0.0
week5-m4-f10-seed29,M4,29,Portugal,label_count,2,772,0.2438951533133884,9,Inland wetlands,0,772,,
week5-m4-f10-seed29,M4,29,Portugal,label_count,2,772,0.2438951533133884,10,"Land principally occupied by agriculture, with significant areas of natural vegetation",45,727,0.12441633170304396,0.4
week5-m4-f10-seed29,M4,29,Portugal,label_count,2,772,0.2438951533133884,11,Marine waters,23,749,0.8328717453418224,0.6086956521739131
week5-m4-f10-seed29,M4,29,Portugal,label_count,2,772,0.2438951533133884,12,Mixed forest,40,732,0.09639567279886604,0.275
week5-m4-f10-seed29,M4,29,Portugal,label_count,2,772,0.2438951533133884,13,"Moors, heathland and sclerophyllous vegetation",61,711,0.12442731551883109,0.01639344262295082
week5-m4-f10-seed29,M4,29,Portugal,label_count,2,772,0.2438951533133884,14,Natural grassland and sparsely vegetated areas,0,772,,
week5-m4-f10-seed29,M4,29,Portugal,label_count,2,772,0.2438951533133884,15,Pastures,79,693,0.10982958768462356,0.25316455696202533
week5-m4-f10-seed29,M4,29,Portugal,label_count,2,772,0.2438951533133884,16,Permanent crops,147,625,0.4431683944189522,0.0
week5-m4-f10-seed29,M4,29,Portugal,label_count,2,772,0.2438951533133884,17,"Transitional woodland, shrub",240,532,0.3095457240736604,0.17083333333333334
week5-m4-f10-seed29,M4,29,Portugal,label_count,2,772,0.2438951533133884,18,Urban fabric,15,757,0.06320736825948695,0.26666666666666666
week5-m4-f10-seed29,M4,29,Portugal,label_count,3,1160,0.25120714726864024,0,Agro-forestry areas,466,694,0.3457118505431911,0.0
week5-m4-f10-seed29,M4,29,Portugal,label_count,3,1160,0.25120714726864024,1,Arable land,498,662,0.4665266529321473,0.6767068273092369
week5-m4-f10-seed29,M4,29,Portugal,label_count,3,1160,0.25120714726864024,2,"Beaches, dunes, sands",11,1149,0.42187957559487227,0.0
week5-m4-f10-seed29,M4,29,Portugal,label_count,3,1160,0.25120714726864024,3,Broad-leaved forest,505,655,0.49133580428179,0.5346534653465347
week5-m4-f10-seed29,M4,29,Portugal,label_count,3,1160,0.25120714726864024,4,Coastal wetlands,10,1150,0.014699493570321553,0.0
week5-m4-f10-seed29,M4,29,Portugal,label_count,3,1160,0.25120714726864024,5,Complex cultivation patterns,182,978,0.2051068056777145,0.2857142857142857
week5-m4-f10-seed29,M4,29,Portugal,label_count,3,1160,0.25120714726864024,6,Coniferous forest,92,1068,0.10729598427897245,0.2826086956521739
week5-m4-f10-seed29,M4,29,Portugal,label_count,3,1160,0.25120714726864024,7,Industrial or commercial units,12,1148,0.02815838623679869,0.0
week5-m4-f10-seed29,M4,29,Portugal,label_count,3,1160,0.25120714726864024,8,Inland waters,55,1105,0.14405455053980126,0.10909090909090909
week5-m4-f10-seed29,M4,29,Portugal,label_count,3,1160,0.25120714726864024,9,Inland wetlands,1,1159,0.1111111111111111,0.0
week5-m4-f10-seed29,M4,29,Portugal,label_count,3,1160,0.25120714726864024,10,"Land principally occupied by agriculture, with significant areas of natural vegetation",198,962,0.275961648905577,0.3434343434343434
week5-m4-f10-seed29,M4,29,Portugal,label_count,3,1160,0.25120714726864024,11,Marine waters,21,1139,0.5604059756534617,0.14285714285714285
week5-m4-f10-seed29,M4,29,Portugal,label_count,3,1160,0.25120714726864024,12,Mixed forest,143,1017,0.16131063197161014,0.25874125874125875
week5-m4-f10-seed29,M4,29,Portugal,label_count,3,1160,0.25120714726864024,13,"Moors, heathland and sclerophyllous vegetation",186,974,0.20298453986108403,0.026881720430107527
week5-m4-f10-seed29,M4,29,Portugal,label_count,3,1160,0.25120714726864024,14,Natural grassland and sparsely vegetated areas,11,1149,0.013560029257695266,0.45454545454545453
week5-m4-f10-seed29,M4,29,Portugal,label_count,3,1160,0.25120714726864024,15,Pastures,176,984,0.25291527134204345,0.38636363636363635
week5-m4-f10-seed29,M4,29,Portugal,label_count,3,1160,0.25120714726864024,16,Permanent crops,294,866,0.4209695196774133,0.0
week5-m4-f10-seed29,M4,29,Portugal,label_count,3,1160,0.25120714726864024,17,"Transitional woodland, shrub",570,590,0.4698749126712891,0.1824561403508772
week5-m4-f10-seed29,M4,29,Portugal,label_count,3,1160,0.25120714726864024,18,Urban fabric,49,1111,0.1077425318997346,0.20408163265306123
week5-m4-f10-seed29,M4,29,Portugal,label_count,4+,1469,0.3158960795656689,0,Agro-forestry areas,657,812,0.39336029483151275,0.0
week5-m4-f10-seed29,M4,29,Portugal,label_count,4+,1469,0.3158960795656689,1,Arable land,803,666,0.5527871742154092,0.7135740971357409
week5-m4-f10-seed29,M4,29,Portugal,label_count,4+,1469,0.3158960795656689,2,"Beaches, dunes, sands",27,1442,0.032406416903340896,0.0
week5-m4-f10-seed29,M4,29,Portugal,label_count,4+,1469,0.3158960795656689,3,Broad-leaved forest,820,649,0.6314160648667949,0.5073170731707317
week5-m4-f10-seed29,M4,29,Portugal,label_count,4+,1469,0.3158960795656689,4,Coastal wetlands,26,1443,0.023926114657506367,0.0
week5-m4-f10-seed29,M4,29,Portugal,label_count,4+,1469,0.3158960795656689,5,Complex cultivation patterns,565,904,0.4741247557122993,0.31504424778761064
week5-m4-f10-seed29,M4,29,Portugal,label_count,4+,1469,0.3158960795656689,6,Coniferous forest,257,1212,0.25971263681894347,0.35797665369649806
week5-m4-f10-seed29,M4,29,Portugal,label_count,4+,1469,0.3158960795656689,7,Industrial or commercial units,76,1393,0.1281353074047936,0.05263157894736842
week5-m4-f10-seed29,M4,29,Portugal,label_count,4+,1469,0.3158960795656689,8,Inland waters,138,1331,0.19843242839902392,0.06521739130434782
week5-m4-f10-seed29,M4,29,Portugal,label_count,4+,1469,0.3158960795656689,9,Inland wetlands,3,1466,0.028065098549680048,0.0
week5-m4-f10-seed29,M4,29,Portugal,label_count,4+,1469,0.3158960795656689,10,"Land principally occupied by agriculture, with significant areas of natural vegetation",518,951,0.4251680832752404,0.26833976833976836
week5-m4-f10-seed29,M4,29,Portugal,label_count,4+,1469,0.3158960795656689,11,Marine waters,38,1431,0.14229050129455914,0.02631578947368421
week5-m4-f10-seed29,M4,29,Portugal,label_count,4+,1469,0.3158960795656689,12,Mixed forest,398,1071,0.3355070371899822,0.17839195979899497
week5-m4-f10-seed29,M4,29,Portugal,label_count,4+,1469,0.3158960795656689,13,"Moors, heathland and sclerophyllous vegetation",252,1217,0.18899571762023012,0.015873015873015872
week5-m4-f10-seed29,M4,29,Portugal,label_count,4+,1469,0.3158960795656689,14,Natural grassland and sparsely vegetated areas,39,1430,0.0235014719936236,0.07692307692307693
week5-m4-f10-seed29,M4,29,Portugal,label_count,4+,1469,0.3158960795656689,15,Pastures,323,1146,0.2640741831942478,0.26006191950464397
week5-m4-f10-seed29,M4,29,Portugal,label_count,4+,1469,0.3158960795656689,16,Permanent crops,512,957,0.42475309614266793,0.0
week5-m4-f10-seed29,M4,29,Portugal,label_count,4+,1469,0.3158960795656689,17,"Transitional woodland, shrub",927,542,0.6658014413527,0.18015102481121897
week5-m4-f10-seed29,M4,29,Portugal,label_count,4+,1469,0.3158960795656689,18,Urban fabric,261,1208,0.3115722750205067,0.20306513409961685
week5-m4-f10-seed29,M4,29,Portugal,quarter,Q1,803,0.305944696974776,0,Agro-forestry areas,289,514,0.4744235993082856,0.0
week5-m4-f10-seed29,M4,29,Portugal,quarter,Q1,803,0.305944696974776,1,Arable land,335,468,0.5296977993330829,0.7910447761194029
week5-m4-f10-seed29,M4,29,Portugal,quarter,Q1,803,0.305944696974776,2,"Beaches, dunes, sands",7,796,0.10004802013901345,0.0
week5-m4-f10-seed29,M4,29,Portugal,quarter,Q1,803,0.305944696974776,3,Broad-leaved forest,289,514,0.5149764615145176,0.5397923875432526
week5-m4-f10-seed29,M4,29,Portugal,quarter,Q1,803,0.305944696974776,4,Coastal wetlands,9,794,0.01145265832507375,0.0
week5-m4-f10-seed29,M4,29,Portugal,quarter,Q1,803,0.305944696974776,5,Complex cultivation patterns,133,670,0.30980577365780293,0.42105263157894735
week5-m4-f10-seed29,M4,29,Portugal,quarter,Q1,803,0.305944696974776,6,Coniferous forest,54,749,0.11947733680504515,0.3148148148148148
week5-m4-f10-seed29,M4,29,Portugal,quarter,Q1,803,0.305944696974776,7,Industrial or commercial units,14,789,0.13183205904389894,0.14285714285714285
week5-m4-f10-seed29,M4,29,Portugal,quarter,Q1,803,0.305944696974776,8,Inland waters,35,768,0.23946343620647131,0.17142857142857143
week5-m4-f10-seed29,M4,29,Portugal,quarter,Q1,803,0.305944696974776,9,Inland wetlands,1,802,0.043478260869565216,0.0
week5-m4-f10-seed29,M4,29,Portugal,quarter,Q1,803,0.305944696974776,10,"Land principally occupied by agriculture, with significant areas of natural vegetation",147,656,0.2867471499639021,0.32653061224489793
week5-m4-f10-seed29,M4,29,Portugal,quarter,Q1,803,0.305944696974776,11,Marine waters,140,663,0.9546122150662589,0.8785714285714286
week5-m4-f10-seed29,M4,29,Portugal,quarter,Q1,803,0.305944696974776,12,Mixed forest,61,742,0.08813388375929342,0.18032786885245902
week5-m4-f10-seed29,M4,29,Portugal,quarter,Q1,803,0.305944696974776,13,"Moors, heathland and sclerophyllous vegetation",150,653,0.2789708558640371,0.0
week5-m4-f10-seed29,M4,29,Portugal,quarter,Q1,803,0.305944696974776,14,Natural grassland and sparsely vegetated areas,4,799,0.006213873067701653,0.0
week5-m4-f10-seed29,M4,29,Portugal,quarter,Q1,803,0.305944696974776,15,Pastures,128,675,0.27558453651024206,0.6171875
week5-m4-f10-seed29,M4,29,Portugal,quarter,Q1,803,0.305944696974776,16,Permanent crops,165,638,0.4614460846010249,0.0
week5-m4-f10-seed29,M4,29,Portugal,quarter,Q1,803,0.305944696974776,17,"Transitional woodland, shrub",334,469,0.42902633770682996,0.12574850299401197
week5-m4-f10-seed29,M4,29,Portugal,quarter,Q1,803,0.305944696974776,18,Urban fabric,47,756,0.22564908762674207,0.5106382978723404
week5-m4-f10-seed29,M4,29,Portugal,quarter,Q2,654,0.3290295784335974,0,Agro-forestry areas,275,379,0.5224590163335999,0.0
week5-m4-f10-seed29,M4,29,Portugal,quarter,Q2,654,0.3290295784335974,1,Arable land,286,368,0.436232461264608,0.7272727272727273
week5-m4-f10-seed29,M4,29,Portugal,quarter,Q2,654,0.3290295784335974,2,"Beaches, dunes, sands",6,648,0.08582136360990396,0.0
week5-m4-f10-seed29,M4,29,Portugal,quarter,Q2,654,0.3290295784335974,3,Broad-leaved forest,282,372,0.4594991381477555,0.1773049645390071
week5-m4-f10-seed29,M4,29,Portugal,quarter,Q2,654,0.3290295784335974,4,Coastal wetlands,2,652,0.02110249784668389,0.0
week5-m4-f10-seed29,M4,29,Portugal,quarter,Q2,654,0.3290295784335974,5,Complex cultivation patterns,139,515,0.28311767909350605,0.26618705035971224
week5-m4-f10-seed29,M4,29,Portugal,quarter,Q2,654,0.3290295784335974,6,Coniferous forest,86,568,0.21678587839708024,0.16279069767441862
week5-m4-f10-seed29,M4,29,Portugal,quarter,Q2,654,0.3290295784335974,7,Industrial or commercial units,24,630,0.17969232195117388,0.08333333333333333
week5-m4-f10-seed29,M4,29,Portugal,quarter,Q2,654,0.3290295784335974,8,Inland waters,43,611,0.2270113023068552,0.06976744186046512
week5-m4-f10-seed29,M4,29,Portugal,quarter,Q2,654,0.3290295784335974,9,Inland wetlands,0,654,,
week5-m4-f10-seed29,M4,29,Portugal,quarter,Q2,654,0.3290295784335974,10,"Land principally occupied by agriculture, with significant areas of natural vegetation",110,544,0.3064408975088398,0.21818181818181817
week5-m4-f10-seed29,M4,29,Portugal,quarter,Q2,654,0.3290295784335974,11,Marine waters,42,612,0.9343144010696158,0.8571428571428571
week5-m4-f10-seed29,M4,29,Portugal,quarter,Q2,654,0.3290295784335974,12,Mixed forest,145,509,0.27006161447678034,0.04827586206896552
week5-m4-f10-seed29,M4,29,Portugal,quarter,Q2,654,0.3290295784335974,13,"Moors, heathland and sclerophyllous vegetation",38,616,0.049840734802372694,0.0
week5-m4-f10-seed29,M4,29,Portugal,quarter,Q2,654,0.3290295784335974,14,Natural grassland and sparsely vegetated areas,12,642,0.1446385495897136,0.16666666666666666
week5-m4-f10-seed29,M4,29,Portugal,quarter,Q2,654,0.3290295784335974,15,Pastures,120,534,0.3248135735418835,0.725
week5-m4-f10-seed29,M4,29,Portugal,quarter,Q2,654,0.3290295784335974,16,Permanent crops,188,466,0.4523077638836816,0.0
week5-m4-f10-seed29,M4,29,Portugal,quarter,Q2,654,0.3290295784335974,17,"Transitional woodland, shrub",272,382,0.46711622726629165,0.10294117647058823
week5-m4-f10-seed29,M4,29,Portugal,quarter,Q2,654,0.3290295784335974,18,Urban fabric,70,584,0.1835711332038034,0.18571428571428572
week5-m4-f10-seed29,M4,29,Portugal,quarter,Q3,668,0.3054204509810924,0,Agro-forestry areas,288,380,0.28107766132081646,0.0
week5-m4-f10-seed29,M4,29,Portugal,quarter,Q3,668,0.3054204509810924,1,Arable land,304,364,0.5014713603403506,0.9572368421052632
week5-m4-f10-seed29,M4,29,Portugal,quarter,Q3,668,0.3054204509810924,2,"Beaches, dunes, sands",9,659,0.07554289932152197,0.0
week5-m4-f10-seed29,M4,29,Portugal,quarter,Q3,668,0.3054204509810924,3,Broad-leaved forest,275,393,0.5341394177237251,0.4
week5-m4-f10-seed29,M4,29,Portugal,quarter,Q3,668,0.3054204509810924,4,Coastal wetlands,8,660,0.04691318647680183,0.0
week5-m4-f10-seed29,M4,29,Portugal,quarter,Q3,668,0.3054204509810924,5,Complex cultivation patterns,161,507,0.37823730613926826,0.2360248447204969
week5-m4-f10-seed29,M4,29,Portugal,quarter,Q3,668,0.3054204509810924,6,Coniferous forest,79,589,0.20711124685988308,0.0759493670886076
week5-m4-f10-seed29,M4,29,Portugal,quarter,Q3,668,0.3054204509810924,7,Industrial or commercial units,16,652,0.031211677903857024,0.0
week5-m4-f10-seed29,M4,29,Portugal,quarter,Q3,668,0.3054204509810924,8,Inland waters,43,625,0.18601408042038461,0.11627906976744186
week5-m4-f10-seed29,M4,29,Portugal,quarter,Q3,668,0.3054204509810924,9,Inland wetlands,1,667,0.3333333333333333,0.0
week5-m4-f10-seed29,M4,29,Portugal,quarter,Q3,668,0.3054204509810924,10,"Land principally occupied by agriculture, with significant areas of natural vegetation",111,557,0.22788552299723538,0.17117117117117117
week5-m4-f10-seed29,M4,29,Portugal,quarter,Q3,668,0.3054204509810924,11,Marine waters,48,620,0.9300513942662297,0.7708333333333334
week5-m4-f10-seed29,M4,29,Portugal,quarter,Q3,668,0.3054204509810924,12,Mixed forest,134,534,0.27471169441959875,0.022388059701492536
week5-m4-f10-seed29,M4,29,Portugal,quarter,Q3,668,0.3054204509810924,13,"Moors, heathland and sclerophyllous vegetation",37,631,0.06078421586903754,0.0
week5-m4-f10-seed29,M4,29,Portugal,quarter,Q3,668,0.3054204509810924,14,Natural grassland and sparsely vegetated areas,10,658,0.015653636447007582,0.0
week5-m4-f10-seed29,M4,29,Portugal,quarter,Q3,668,0.3054204509810924,15,Pastures,114,554,0.13327457616592253,0.008771929824561403
week5-m4-f10-seed29,M4,29,Portugal,quarter,Q3,668,0.3054204509810924,16,Permanent crops,198,470,0.41686602540464723,0.0
week5-m4-f10-seed29,M4,29,Portugal,quarter,Q3,668,0.3054204509810924,17,"Transitional woodland, shrub",260,408,0.4925543165248438,0.16923076923076924
week5-m4-f10-seed29,M4,29,Portugal,quarter,Q3,668,0.3054204509810924,18,Urban fabric,62,606,0.16342741088215376,0.0967741935483871
week5-m4-f10-seed29,M4,29,Portugal,quarter,Q4,1875,0.29783151401804236,0,Agro-forestry areas,556,1319,0.24869814498959866,0.0
week5-m4-f10-seed29,M4,29,Portugal,quarter,Q4,1875,0.29783151401804236,1,Arable land,721,1154,0.6077186486848277,0.5769764216366158
week5-m4-f10-seed29,M4,29,Portugal,quarter,Q4,1875,0.29783151401804236,2,"Beaches, dunes, sands",24,1851,0.07411896338435486,0.0
week5-m4-f10-seed29,M4,29,Portugal,quarter,Q4,1875,0.29783151401804236,3,Broad-leaved forest,742,1133,0.54573930261356,0.6967654986522911
week5-m4-f10-seed29,M4,29,Portugal,quarter,Q4,1875,0.29783151401804236,4,Coastal wetlands,26,1849,0.061208910461202255,0.0
week5-m4-f10-seed29,M4,29,Portugal,quarter,Q4,1875,0.29783151401804236,5,Complex cultivation patterns,383,1492,0.311989493951906,0.3237597911227154
week5-m4-f10-seed29,M4,29,Portugal,quarter,Q4,1875,0.29783151401804236,6,Coniferous forest,166,1709,0.18938970498801933,0.5481927710843374
week5-m4-f10-seed29,M4,29,Portugal,quarter,Q4,1875,0.29783151401804236,7,Industrial or commercial units,41,1834,0.07297282175244704,0.0
week5-m4-f10-seed29,M4,29,Portugal,quarter,Q4,1875,0.29783151401804236,8,Inland waters,85,1790,0.049676489899185015,0.011764705882352941
week5-m4-f10-seed29,M4,29,Portugal,quarter,Q4,1875,0.29783151401804236,9,Inland wetlands,2,1873,0.002001543738604098,0.0
week5-m4-f10-seed29,M4,29,Portugal,quarter,Q4,1875,0.29783151401804236,10,"Land principally occupied by agriculture, with significant areas of natural vegetation",395,1480,0.30543565159866964,0.3392405063291139
week5-m4-f10-seed29,M4,29,Portugal,quarter,Q4,1875,0.29783151401804236,11,Marine waters,268,1607,0.9684655778693569,0.8768656716417911
week5-m4-f10-seed29,M4,29,Portugal,quarter,Q4,1875,0.29783151401804236,12,Mixed forest,247,1628,0.28900335031672364,0.4089068825910931
week5-m4-f10-seed29,M4,29,Portugal,quarter,Q4,1875,0.29783151401804236,13,"Moors, heathland and sclerophyllous vegetation",282,1593,0.19376975092089346,0.0425531914893617
week5-m4-f10-seed29,M4,29,Portugal,quarter,Q4,1875,0.29783151401804236,14,Natural grassland and sparsely vegetated areas,24,1851,0.012296846750810322,0.25
week5-m4-f10-seed29,M4,29,Portugal,quarter,Q4,1875,0.29783151401804236,15,Pastures,217,1658,0.09006837186972744,0.027649769585253458
week5-m4-f10-seed29,M4,29,Portugal,quarter,Q4,1875,0.29783151401804236,16,Permanent crops,412,1463,0.36762889039411284,0.0
week5-m4-f10-seed29,M4,29,Portugal,quarter,Q4,1875,0.29783151401804236,17,"Transitional woodland, shrub",886,989,0.512828855145821,0.22686230248307
week5-m4-f10-seed29,M4,29,Portugal,quarter,Q4,1875,0.29783151401804236,18,Urban fabric,146,1729,0.24631892379401338,0.1643835616438356
week5-m4-f10-seed29,M4,29,Portugal,country,Portugal,4000,0.28837518019743236,0,Agro-forestry areas,1408,2592,0.3407674900356687,0.0
week5-m4-f10-seed29,M4,29,Portugal,country,Portugal,4000,0.28837518019743236,1,Arable land,1646,2354,0.5110677903644862,0.7168894289185905
week5-m4-f10-seed29,M4,29,Portugal,country,Portugal,4000,0.28837518019743236,2,"Beaches, dunes, sands",46,3954,0.04678506776354846,0.0
week5-m4-f10-seed29,M4,29,Portugal,country,Portugal,4000,0.28837518019743236,3,Broad-leaved forest,1588,2412,0.5127222646737366,0.52455919395466
week5-m4-f10-seed29,M4,29,Portugal,country,Portugal,4000,0.28837518019743236,4,Coastal wetlands,45,3955,0.01651218950908206,0.0
week5-m4-f10-seed29,M4,29,Portugal,country,Portugal,4000,0.28837518019743236,5,Complex cultivation patterns,816,3184,0.3052487460773088,0.3125
week5-m4-f10-seed29,M4,29,Portugal,country,Portugal,4000,0.28837518019743236,6,Coniferous forest,385,3615,0.15638931475933943,0.33246753246753247
week5-m4-f10-seed29,M4,29,Portugal,country,Portugal,4000,0.28837518019743236,7,Industrial or commercial units,95,3905,0.08325345263492005,0.042105263157894736
week5-m4-f10-seed29,M4,29,Portugal,country,Portugal,4000,0.28837518019743236,8,Inland waters,206,3794,0.1166624462778226,0.07281553398058252
week5-m4-f10-seed29,M4,29,Portugal,country,Portugal,4000,0.28837518019743236,9,Inland wetlands,4,3996,0.021414698926805108,0.0
week5-m4-f10-seed29,M4,29,Portugal,country,Portugal,4000,0.28837518019743236,10,"Land principally occupied by agriculture, with significant areas of natural vegetation",763,3237,0.28888557273719906,0.2948885976408912
week5-m4-f10-seed29,M4,29,Portugal,country,Portugal,4000,0.28837518019743236,11,Marine waters,498,3502,0.948671042825645,0.8654618473895582
week5-m4-f10-seed29,M4,29,Portugal,country,Portugal,4000,0.28837518019743236,12,Mixed forest,587,3413,0.20613586391166125,0.20783645655877342
week5-m4-f10-seed29,M4,29,Portugal,country,Portugal,4000,0.28837518019743236,13,"Moors, heathland and sclerophyllous vegetation",507,3493,0.17490359550403828,0.023668639053254437
week5-m4-f10-seed29,M4,29,Portugal,country,Portugal,4000,0.28837518019743236,14,Natural grassland and sparsely vegetated areas,50,3950,0.012732981298230493,0.16
week5-m4-f10-seed29,M4,29,Portugal,country,Portugal,4000,0.28837518019743236,15,Pastures,579,3421,0.1994135891286371,0.2987910189982729
week5-m4-f10-seed29,M4,29,Portugal,country,Portugal,4000,0.28837518019743236,16,Permanent crops,963,3037,0.4059495136963054,0.0
week5-m4-f10-seed29,M4,29,Portugal,country,Portugal,4000,0.28837518019743236,17,"Transitional woodland, shrub",1752,2248,0.48204992055310086,0.1797945205479452
week5-m4-f10-seed29,M4,29,Portugal,country,Portugal,4000,0.28837518019743236,18,Urban fabric,325,3675,0.1885020897896816,0.20615384615384616
week5-m4-f10-seed29,M4,29,Portugal,source_distance,Q1,649,0.2831101028982602,0,Agro-forestry areas,76,573,0.15016567313190973,0.0
week5-m4-f10-seed29,M4,29,Portugal,source_distance,Q1,649,0.2831101028982602,1,Arable land,96,553,0.5347377694663085,0.8541666666666666
week5-m4-f10-seed29,M4,29,Portugal,source_distance,Q1,649,0.2831101028982602,2,"Beaches, dunes, sands",8,641,0.09309664198207653,0.0
week5-m4-f10-seed29,M4,29,Portugal,source_distance,Q1,649,0.2831101028982602,3,Broad-leaved forest,101,548,0.4489082499467547,0.15841584158415842
week5-m4-f10-seed29,M4,29,Portugal,source_distance,Q1,649,0.2831101028982602,4,Coastal wetlands,2,647,0.006689342403628118,0.0
week5-m4-f10-seed29,M4,29,Portugal,source_distance,Q1,649,0.2831101028982602,5,Complex cultivation patterns,50,599,0.2784049304528322,0.14
week5-m4-f10-seed29,M4,29,Portugal,source_distance,Q1,649,0.2831101028982602,6,Coniferous forest,38,611,0.23419455613456341,0.39473684210526316
week5-m4-f10-seed29,M4,29,Portugal,source_distance,Q1,649,0.2831101028982602,7,Industrial or commercial units,5,644,0.023072286134683095,0.0
week5-m4-f10-seed29,M4,29,Portugal,source_distance,Q1,649,0.2831101028982602,8,Inland waters,8,641,0.012311101150393683,0.0
week5-m4-f10-seed29,M4,29,Portugal,source_distance,Q1,649,0.2831101028982602,9,Inland wetlands,0,649,,
week5-m4-f10-seed29,M4,29,Portugal,source_distance,Q1,649,0.2831101028982602,10,"Land principally occupied by agriculture, with significant areas of natural vegetation",51,598,0.2986519953894319,0.1568627450980392
week5-m4-f10-seed29,M4,29,Portugal,source_distance,Q1,649,0.2831101028982602,11,Marine waters,419,230,0.9999943175360837,0.9976133651551312
week5-m4-f10-seed29,M4,29,Portugal,source_distance,Q1,649,0.2831101028982602,12,Mixed forest,49,600,0.2187901960902664,0.22448979591836735
week5-m4-f10-seed29,M4,29,Portugal,source_distance,Q1,649,0.2831101028982602,13,"Moors, heathland and sclerophyllous vegetation",28,621,0.0899086718763413,0.0
week5-m4-f10-seed29,M4,29,Portugal,source_distance,Q1,649,0.2831101028982602,14,Natural grassland and sparsely vegetated areas,3,646,0.013429415650961604,0.0
week5-m4-f10-seed29,M4,29,Portugal,source_distance,Q1,649,0.2831101028982602,15,Pastures,30,619,0.168565450538526,0.1
week5-m4-f10-seed29,M4,29,Portugal,source_distance,Q1,649,0.2831101028982602,16,Permanent crops,73,576,0.4764373007904425,0.0
week5-m4-f10-seed29,M4,29,Portugal,source_distance,Q1,649,0.2831101028982602,17,"Transitional woodland, shrub",111,538,0.3519620104023709,0.06306306306306306
week5-m4-f10-seed29,M4,29,Portugal,source_distance,Q1,649,0.2831101028982602,18,Urban fabric,21,628,0.09728329191394337,0.0
week5-m4-f10-seed29,M4,29,Portugal,source_distance,Q2,751,0.2926201296590776,0,Agro-forestry areas,253,498,0.31625506163236045,0.0
week5-m4-f10-seed29,M4,29,Portugal,source_distance,Q2,751,0.2926201296590776,1,Arable land,334,417,0.5026888969277749,0.7874251497005988
week5-m4-f10-seed29,M4,29,Portugal,source_distance,Q2,751,0.2926201296590776,2,"Beaches, dunes, sands",5,746,0.05705347379879515,0.0
week5-m4-f10-seed29,M4,29,Portugal,source_distance,Q2,751,0.2926201296590776,3,Broad-leaved forest,316,435,0.4857104527457217,0.2879746835443038
week5-m4-f10-seed29,M4,29,Portugal,source_distance,Q2,751,0.2926201296590776,4,Coastal wetlands,6,745,0.012386846294924314,0.0
week5-m4-f10-seed29,M4,29,Portugal,source_distance,Q2,751,0.2926201296590776,5,Complex cultivation patterns,191,560,0.29516049551269574,0.19895287958115182
week5-m4-f10-seed29,M4,29,Portugal,source_distance,Q2,751,0.2926201296590776,6,Coniferous forest,89,662,0.17269218022338562,0.30337078651685395
week5-m4-f10-seed29,M4,29,Portugal,source_distance,Q2,751,0.2926201296590776,7,Industrial or commercial units,17,734,0.03667282953087086,0.0
week5-m4-f10-seed29,M4,29,Portugal,source_distance,Q2,751,0.2926201296590776,8,Inland waters,32,719,0.10864943127954696,0.0625
week5-m4-f10-seed29,M4,29,Portugal,source_distance,Q2,751,0.2926201296590776,9,Inland wetlands,0,751,,
week5-m4-f10-seed29,M4,29,Portugal,source_distance,Q2,751,0.2926201296590776,10,"Land principally occupied by agriculture, with significant areas of natural vegetation",166,585,0.25803199823712675,0.1686746987951807
week5-m4-f10-seed29,M4,29,Portugal,source_distance,Q2,751,0.2926201296590776,11,Marine waters,18,733,0.7586849552653199,0.6666666666666666
week5-m4-f10-seed29,M4,29,Portugal,source_distance,Q2,751,0.2926201296590776,12,Mixed forest,143,608,0.23831683929371808,0.25874125874125875
week5-m4-f10-seed29,M4,29,Portugal,source_distance,Q2,751,0.2926201296590776,13,"Moors, heathland and sclerophyllous vegetation",82,669,0.1561860275096996,0.036585365853658534
week5-m4-f10-seed29,M4,29,Portugal,source_distance,Q2,751,0.2926201296590776,14,Natural grassland and sparsely vegetated areas,17,734,0.025770166388085696,0.17647058823529413
week5-m4-f10-seed29,M4,29,Portugal,source_distance,Q2,751,0.2926201296590776,15,Pastures,109,642,0.22266345607852525,0.3211009174311927
week5-m4-f10-seed29,M4,29,Portugal,source_distance,Q2,751,0.2926201296590776,16,Permanent crops,234,517,0.4569863097057971,0.0
week5-m4-f10-seed29,M4,29,Portugal,source_distance,Q2,751,0.2926201296590776,17,"Transitional woodland, shrub",354,397,0.4857371697413764,0.11299435028248588
week5-m4-f10-seed29,M4,29,Portugal,source_distance,Q2,751,0.2926201296590776,18,Urban fabric,76,675,0.18535073644651895,0.2236842105263158
week5-m4-f10-seed29,M4,29,Portugal,source_distance,Q3,856,0.24540908227602645,0,Agro-forestry areas,336,520,0.38610581299838825,0.0
week5-m4-f10-seed29,M4,29,Portugal,source_distance,Q3,856,0.24540908227602645,1,Arable land,386,470,0.49760847011170317,0.7357512953367875
week5-m4-f10-seed29,M4,29,Portugal,source_distance,Q3,856,0.24540908227602645,2,"Beaches, dunes, sands",6,850,0.0625998435844282,0.0
week5-m4-f10-seed29,M4,29,Portugal,source_distance,Q3,856,0.24540908227602645,3,Broad-leaved forest,397,459,0.5206528740272135,0.42317380352644834
week5-m4-f10-seed29,M4,29,Portugal,source_distance,Q3,856,0.24540908227602645,4,Coastal wetlands,8,848,0.015201522353243378,0.0
week5-m4-f10-seed29,M4,29,Portugal,source_distance,Q3,856,0.24540908227602645,5,Complex cultivation patterns,202,654,0.35534221961161605,0.40594059405940597
week5-m4-f10-seed29,M4,29,Portugal,source_distance,Q3,856,0.24540908227602645,6,Coniferous forest,88,768,0.11932197288219458,0.2840909090909091
week5-m4-f10-seed29,M4,29,Portugal,source_distance,Q3,856,0.24540908227602645,7,Industrial or commercial units,15,841,0.05089956645996544,0.0
week5-m4-f10-seed29,M4,29,Portugal,source_distance,Q3,856,0.24540908227602645,8,Inland waters,42,814,0.1026928816308357,0.07142857142857142
week5-m4-f10-seed29,M4,29,Portugal,source_distance,Q3,856,0.24540908227602645,9,Inland wetlands,1,855,0.0016286644951140066,0.0
week5-m4-f10-seed29,M4,29,Portugal,source_distance,Q3,856,0.24540908227602645,10,"Land principally occupied by agriculture, with significant areas of natural vegetation",179,677,0.2743482586322848,0.26256983240223464
week5-m4-f10-seed29,M4,29,Portugal,source_distance,Q3,856,0.24540908227602645,11,Marine waters,8,848,0.3037685574119563,0.125
week5-m4-f10-seed29,M4,29,Portugal,source_distance,Q3,856,0.24540908227602645,12,Mixed forest,154,702,0.20043607955355228,0.16883116883116883
week5-m4-f10-seed29,M4,29,Portugal,source_distance,Q3,856,0.24540908227602645,13,"Moors, heathland and sclerophyllous vegetation",103,753,0.15703397912052816,0.06796116504854369
week5-m4-f10-seed29,M4,29,Portugal,source_distance,Q3,856,0.24540908227602645,14,Natural grassland and sparsely vegetated areas,9,847,0.009943210521762124,0.1111111111111111
week5-m4-f10-seed29,M4,29,Portugal,source_distance,Q3,856,0.24540908227602645,15,Pastures,131,725,0.20977520691330578,0.3511450381679389
week5-m4-f10-seed29,M4,29,Portugal,source_distance,Q3,856,0.24540908227602645,16,Permanent crops,234,622,0.4109283816662629,0.0
week5-m4-f10-seed29,M4,29,Portugal,source_distance,Q3,856,0.24540908227602645,17,"Transitional woodland, shrub",419,437,0.46273436665037376,0.19331742243436753
week5-m4-f10-seed29,M4,29,Portugal,source_distance,Q3,856,0.24540908227602645,18,Urban fabric,81,775,0.24943062672775493,0.2222222222222222
week5-m4-f10-seed29,M4,29,Portugal,source_distance,Q4,1744,0.25797521854834193,0,Agro-forestry areas,743,1001,0.3544148917469212,0.0
week5-m4-f10-seed29,M4,29,Portugal,source_distance,Q4,1744,0.25797521854834193,1,Arable land,830,914,0.513373568698447,0.6638554216867469
week5-m4-f10-seed29,M4,29,Portugal,source_distance,Q4,1744,0.25797521854834193,2,"Beaches, dunes, sands",27,1717,0.07633462918733142,0.0
week5-m4-f10-seed29,M4,29,Portugal,source_distance,Q4,1744,0.25797521854834193,3,Broad-leaved forest,774,970,0.537244977521117,0.7209302325581395
week5-m4-f10-seed29,M4,29,Portugal,source_distance,Q4,1744,0.25797521854834193,4,Coastal wetlands,29,1715,0.02260118167853537,0.0
week5-m4-f10-seed29,M4,29,Portugal,source_distance,Q4,1744,0.25797521854834193,5,Complex cultivation patterns,373,1371,0.304869972150357,0.34316353887399464
week5-m4-f10-seed29,M4,29,Portugal,source_distance,Q4,1744,0.25797521854834193,6,Coniferous forest,170,1574,0.15240950085830002,0.3588235294117647
week5-m4-f10-seed29,M4,29,Portugal,source_distance,Q4,1744,0.25797521854834193,7,Industrial or commercial units,58,1686,0.13935654245916046,0.06896551724137931
week5-m4-f10-seed29,M4,29,Portugal,source_distance,Q4,1744,0.25797521854834193,8,Inland waters,124,1620,0.16660651724882772,0.08064516129032258
week5-m4-f10-seed29,M4,29,Portugal,source_distance,Q4,1744,0.25797521854834193,9,Inland wetlands,3,1741,0.04190326445043426,0.0
week5-m4-f10-seed29,M4,29,Portugal,source_distance,Q4,1744,0.25797521854834193,10,"Land principally occupied by agriculture, with significant areas of natural vegetation",367,1377,0.3179575564488213,0.3869209809264305
week5-m4-f10-seed29,M4,29,Portugal,source_distance,Q4,1744,0.25797521854834193,11,Marine waters,53,1691,0.27639194902937086,0.0
week5-m4-f10-seed29,M4,29,Portugal,source_distance,Q4,1744,0.25797521854834193,12,Mixed forest,241,1503,0.20442474967927035,0.1991701244813278
week5-m4-f10-seed29,M4,29,Portugal,source_distance,Q4,1744,0.25797521854834193,13,"Moors, heathland and sclerophyllous vegetation",294,1450,0.19887118360613487,0.006802721088435374
week5-m4-f10-seed29,M4,29,Portugal,source_distance,Q4,1744,0.25797521854834193,14,Natural grassland and sparsely vegetated areas,21,1723,0.012200964116693191,0.19047619047619047
week5-m4-f10-seed29,M4,29,Portugal,source_distance,Q4,1744,0.25797521854834193,15,Pastures,309,1435,0.20428248273986263,0.28802588996763756
week5-m4-f10-seed29,M4,29,Portugal,source_distance,Q4,1744,0.25797521854834193,16,Permanent crops,422,1322,0.37629053343266533,0.0
week5-m4-f10-seed29,M4,29,Portugal,source_distance,Q4,1744,0.25797521854834193,17,"Transitional woodland, shrub",868,876,0.4999354414217472,0.2154377880184332
week5-m4-f10-seed29,M4,29,Portugal,source_distance,Q4,1744,0.25797521854834193,18,Urban fabric,147,1597,0.18148429291226215,0.21768707482993196
week5-m4-f10-seed43,M4,43,I,label_count,1,946,0.5238853793905526,0,Agro-forestry areas,0,946,,
week5-m4-f10-seed43,M4,43,I,label_count,1,946,0.5238853793905526,1,Arable land,210,736,0.5208815482471668,0.9857142857142858
week5-m4-f10-seed43,M4,43,I,label_count,1,946,0.5238853793905526,2,"Beaches, dunes, sands",0,946,,
week5-m4-f10-seed43,M4,43,I,label_count,1,946,0.5238853793905526,3,Broad-leaved forest,1,945,1.0,1.0
week5-m4-f10-seed43,M4,43,I,label_count,1,946,0.5238853793905526,4,Coastal wetlands,0,946,,
week5-m4-f10-seed43,M4,43,I,label_count,1,946,0.5238853793905526,5,Complex cultivation patterns,1,945,0.003861003861003861,0.0
week5-m4-f10-seed43,M4,43,I,label_count,1,946,0.5238853793905526,6,Coniferous forest,16,930,0.9163003754286649,1.0
week5-m4-f10-seed43,M4,43,I,label_count,1,946,0.5238853793905526,7,Industrial or commercial units,0,946,,
week5-m4-f10-seed43,M4,43,I,label_count,1,946,0.5238853793905526,8,Inland waters,4,942,0.026731546079138215,0.25
week5-m4-f10-seed43,M4,43,I,label_count,1,946,0.5238853793905526,9,Inland wetlands,14,932,0.08250664418687823,0.0
week5-m4-f10-seed43,M4,43,I,label_count,1,946,0.5238853793905526,10,"Land principally occupied by agriculture, with significant areas of natural vegetation",0,946,,
week5-m4-f10-seed43,M4,43,I,label_count,1,946,0.5238853793905526,11,Marine waters,543,403,0.9993468058889768,0.9484346224677717
week5-m4-f10-seed43,M4,43,I,label_count,1,946,0.5238853793905526,12,Mixed forest,2,944,0.34090909090909094,1.0
week5-m4-f10-seed43,M4,43,I,label_count,1,946,0.5238853793905526,13,"Moors, heathland and sclerophyllous vegetation",2,944,0.013606202937448743,0.0
week5-m4-f10-seed43,M4,43,I,label_count,1,946,0.5238853793905526,14,Natural grassland and sparsely vegetated areas,0,946,,
week5-m4-f10-seed43,M4,43,I,label_count,1,946,0.5238853793905526,15,Pastures,152,794,0.85859595575771,0.868421052631579
week5-m4-f10-seed43,M4,43,I,label_count,1,946,0.5238853793905526,16,Permanent crops,0,946,,
week5-m4-f10-seed43,M4,43,I,label_count,1,946,0.5238853793905526,17,"Transitional woodland, shrub",0,946,,
week5-m4-f10-seed43,M4,43,I,label_count,1,946,0.5238853793905526,18,Urban fabric,1,945,1.0,1.0
week5-m4-f10-seed43,M4,43,I,label_count,2,495,0.3377712845834504,0,Agro-forestry areas,0,495,,
week5-m4-f10-seed43,M4,43,I,label_count,2,495,0.3377712845834504,1,Arable land,157,338,0.517762023151887,0.9936305732484076
week5-m4-f10-seed43,M4,43,I,label_count,2,495,0.3377712845834504,2,"Beaches, dunes, sands",5,490,0.07810815874179895,0.0
week5-m4-f10-seed43,M4,43,I,label_count,2,495,0.3377712845834504,3,Broad-leaved forest,62,433,0.527261530876839,0.7258064516129032
week5-m4-f10-seed43,M4,43,I,label_count,2,495,0.3377712845834504,4,Coastal wetlands,0,495,,
week5-m4-f10-seed43,M4,43,I,label_count,2,495,0.3377712845834504,5,Complex cultivation patterns,42,453,0.11632216419630839,0.5476190476190477
week5-m4-f10-seed43,M4,43,I,label_count,2,495,0.3377712845834504,6,Coniferous forest,70,425,0.8223551817391823,0.8571428571428571
week5-m4-f10-seed43,M4,43,I,label_count,2,495,0.3377712845834504,7,Industrial or commercial units,17,478,0.17434912187648724,0.11764705882352941
week5-m4-f10-seed43,M4,43,I,label_count,2,495,0.3377712845834504,8,Inland waters,28,467,0.1848074714775018,0.07142857142857142
week5-m4-f10-seed43,M4,43,I,label_count,2,495,0.3377712845834504,9,Inland wetlands,65,430,0.25160826232786276,0.015384615384615385
week5-m4-f10-seed43,M4,43,I,label_count,2,495,0.3377712845834504,10,"Land principally occupied by agriculture, with significant areas of natural vegetation",118,377,0.16439405396916643,0.059322033898305086
week5-m4-f10-seed43,M4,43,I,label_count,2,495,0.3377712845834504,11,Marine waters,13,482,0.759467952665635,0.7692307692307693
week5-m4-f10-seed43,M4,43,I,label_count,2,495,0.3377712845834504,12,Mixed forest,64,431,0.4918240124374601,0.640625
week5-m4-f10-seed43,M4,43,I,label_count,2,495,0.3377712845834504,13,"Moors, heathland and sclerophyllous vegetation",20,475,0.046466223192065226,0.0
week5-m4-f10-seed43,M4,43,I,label_count,2,495,0.3377712845834504,14,Natural grassland and sparsely vegetated areas,7,488,0.02351442830951154,0.0
week5-m4-f10-seed43,M4,43,I,label_count,2,495,0.3377712845834504,15,Pastures,217,278,0.7369028784221792,0.8617511520737328
week5-m4-f10-seed43,M4,43,I,label_count,2,495,0.3377712845834504,16,Permanent crops,15,480,0.11398396163652451,0.0
week5-m4-f10-seed43,M4,43,I,label_count,2,495,0.3377712845834504,17,"Transitional woodland, shrub",25,470,0.05486257808981582,0.24
week5-m4-f10-seed43,M4,43,I,label_count,2,495,0.3377712845834504,18,Urban fabric,65,430,0.4184587089667803,0.49230769230769234
week5-m4-f10-seed43,M4,43,I,label_count,3,645,0.398920124514471,0,Agro-forestry areas,0,645,,
week5-m4-f10-seed43,M4,43,I,label_count,3,645,0.398920124514471,1,Arable land,215,430,0.625569891830729,0.9255813953488372
week5-m4-f10-seed43,M4,43,I,label_count,3,645,0.398920124514471,2,"Beaches, dunes, sands",9,636,0.1791196500342527,0.0
week5-m4-f10-seed43,M4,43,I,label_count,3,645,0.398920124514471,3,Broad-leaved forest,176,469,0.5129945183739312,0.7556818181818182
week5-m4-f10-seed43,M4,43,I,label_count,3,645,0.398920124514471,4,Coastal wetlands,0,645,,
week5-m4-f10-seed43,M4,43,I,label_count,3,645,0.398920124514471,5,Complex cultivation patterns,165,480,0.4126455758558218,0.7212121212121212
week5-m4-f10-seed43,M4,43,I,label_count,3,645,0.398920124514471,6,Coniferous forest,187,458,0.7915811343922713,0.7379679144385026
week5-m4-f10-seed43,M4,43,I,label_count,3,645,0.398920124514471,7,Industrial or commercial units,18,627,0.2428105750856654,0.3888888888888889
week5-m4-f10-seed43,M4,43,I,label_count,3,645,0.398920124514471,8,Inland waters,38,607,0.22672968727669027,0.21052631578947367
week5-m4-f10-seed43,M4,43,I,label_count,3,645,0.398920124514471,9,Inland wetlands,81,564,0.18042490435058445,0.024691358024691357
week5-m4-f10-seed43,M4,43,I,label_count,3,645,0.398920124514471,10,"Land principally occupied by agriculture, with significant areas of natural vegetation",158,487,0.2662011492805272,0.3860759493670886
week5-m4-f10-seed43,M4,43,I,label_count,3,645,0.398920124514471,11,Marine waters,34,611,0.709143370923372,0.47058823529411764
week5-m4-f10-seed43,M4,43,I,label_count,3,645,0.398920124514471,12,Mixed forest,227,418,0.6161071548960233,0.7048458149779736
week5-m4-f10-seed43,M4,43,I,label_count,3,645,0.398920124514471,13,"Moors, heathland and sclerophyllous vegetation",33,612,0.047033681539775704,0.0
week5-m4-f10-seed43,M4,43,I,label_count,3,645,0.398920124514471,14,Natural grassland and sparsely vegetated areas,21,624,0.09893127208873619,0.09523809523809523
week5-m4-f10-seed43,M4,43,I,label_count,3,645,0.398920124514471,15,Pastures,262,383,0.6966439682140192,0.8206106870229007
week5-m4-f10-seed43,M4,43,I,label_count,3,645,0.398920124514471,16,Permanent crops,35,610,0.061656416035621296,0.0
week5-m4-f10-seed43,M4,43,I,label_count,3,645,0.398920124514471,17,"Transitional woodland, shrub",85,560,0.19179336038735578,0.3764705882352941
week5-m4-f10-seed43,M4,43,I,label_count,3,645,0.398920124514471,18,Urban fabric,191,454,0.702455331700412,0.6701570680628273
week5-m4-f10-seed43,M4,43,I,label_count,4+,914,0.4373520798849041,0,Agro-forestry areas,0,914,,
week5-m4-f10-seed43,M4,43,I,label_count,4+,914,0.4373520798849041,1,Arable land,454,460,0.7324606966520342,0.8788546255506607
week5-m4-f10-seed43,M4,43,I,label_count,4+,914,0.4373520798849041,2,"Beaches, dunes, sands",10,904,0.07167265649090518,0.0
week5-m4-f10-seed43,M4,43,I,label_count,4+,914,0.4373520798849041,3,Broad-leaved forest,479,435,0.6841414406247708,0.6617954070981211
week5-m4-f10-seed43,M4,43,I,label_count,4+,914,0.4373520798849041,4,Coastal wetlands,1,913,0.0010976948408342481,0.0
week5-m4-f10-seed43,M4,43,I,label_count,4+,914,0.4373520798849041,5,Complex cultivation patterns,457,457,0.610046343738583,0.6849015317286652
week5-m4-f10-seed43,M4,43,I,label_count,4+,914,0.4373520798849041,6,Coniferous forest,307,607,0.6880098143796766,0.6612377850162866
week5-m4-f10-seed43,M4,43,I,label_count,4+,914,0.4373520798849041,7,Industrial or commercial units,52,862,0.31741167830127187,0.17307692307692307
week5-m4-f10-seed43,M4,43,I,label_count,4+,914,0.4373520798849041,8,Inland waters,138,776,0.3523098227153434,0.2028985507246377
week5-m4-f10-seed43,M4,43,I,label_count,4+,914,0.4373520798849041,9,Inland wetlands,113,801,0.16539046666424861,0.017699115044247787
week5-m4-f10-seed43,M4,43,I,label_count,4+,914,0.4373520798849041,10,"Land principally occupied by agriculture, with significant areas of natural vegetation",418,496,0.5251264613865477,0.5047846889952153
week5-m4-f10-seed43,M4,43,I,label_count,4+,914,0.4373520798849041,11,Marine waters,27,887,0.15192783510265961,0.07407407407407407
week5-m4-f10-seed43,M4,43,I,label_count,4+,914,0.4373520798849041,12,Mixed forest,519,395,0.7206318300551336,0.6069364161849711
week5-m4-f10-seed43,M4,43,I,label_count,4+,914,0.4373520798849041,13,"Moors, heathland and sclerophyllous vegetation",52,862,0.04909993003873559,0.0
week5-m4-f10-seed43,M4,43,I,label_count,4+,914,0.4373520798849041,14,Natural grassland and sparsely vegetated areas,42,872,0.04368972544678856,0.023809523809523808
week5-m4-f10-seed43,M4,43,I,label_count,4+,914,0.4373520798849041,15,Pastures,469,445,0.7471174413578576,0.7633262260127932
week5-m4-f10-seed43,M4,43,I,label_count,4+,914,0.4373520798849041,16,Permanent crops,101,813,0.12268914153181341,0.0
week5-m4-f10-seed43,M4,43,I,label_count,4+,914,0.4373520798849041,17,"Transitional woodland, shrub",216,698,0.3956253196824118,0.37962962962962965
week5-m4-f10-seed43,M4,43,I,label_count,4+,914,0.4373520798849041,18,Urban fabric,356,558,0.691955330480589,0.6067415730337079
week5-m4-f10-seed43,M4,43,I,quarter,Q1,81,0.41306234483804083,0,Agro-forestry areas,0,81,,
week5-m4-f10-seed43,M4,43,I,quarter,Q1,81,0.41306234483804083,1,Arable land,52,29,0.6427986340359103,0.25
week5-m4-f10-seed43,M4,43,I,quarter,Q1,81,0.41306234483804083,2,"Beaches, dunes, sands",0,81,,
week5-m4-f10-seed43,M4,43,I,quarter,Q1,81,0.41306234483804083,3,Broad-leaved forest,35,46,0.3196679810818194,0.6571428571428571
week5-m4-f10-seed43,M4,43,I,quarter,Q1,81,0.41306234483804083,4,Coastal wetlands,0,81,,
week5-m4-f10-seed43,M4,43,I,quarter,Q1,81,0.41306234483804083,5,Complex cultivation patterns,62,19,0.7754258887543524,0.22580645161290322
week5-m4-f10-seed43,M4,43,I,quarter,Q1,81,0.41306234483804083,6,Coniferous forest,16,65,0.2777628911831339,0.875
week5-m4-f10-seed43,M4,43,I,quarter,Q1,81,0.41306234483804083,7,Industrial or commercial units,1,80,0.3333333333333333,0.0
week5-m4-f10-seed43,M4,43,I,quarter,Q1,81,0.41306234483804083,8,Inland waters,20,61,0.45402593161201626,0.0
week5-m4-f10-seed43,M4,43,I,quarter,Q1,81,0.41306234483804083,9,Inland wetlands,5,76,0.0657711038961039,0.0
week5-m4-f10-seed43,M4,43,I,quarter,Q1,81,0.41306234483804083,10,"Land principally occupied by agriculture, with significant areas of natural vegetation",48,33,0.5910437700407168,0.25
week5-m4-f10-seed43,M4,43,I,quarter,Q1,81,0.41306234483804083,11,Marine waters,0,81,,
week5-m4-f10-seed43,M4,43,I,quarter,Q1,81,0.41306234483804083,12,Mixed forest,39,42,0.5588906769278186,0.02564102564102564
week5-m4-f10-seed43,M4,43,I,quarter,Q1,81,0.41306234483804083,13,"Moors, heathland and sclerophyllous vegetation",0,81,,
week5-m4-f10-seed43,M4,43,I,quarter,Q1,81,0.41306234483804083,14,Natural grassland and sparsely vegetated areas,0,81,,
week5-m4-f10-seed43,M4,43,I,quarter,Q1,81,0.41306234483804083,15,Pastures,55,26,0.7159199099437716,0.3090909090909091
week5-m4-f10-seed43,M4,43,I,quarter,Q1,81,0.41306234483804083,16,Permanent crops,2,79,0.025657894736842105,0.0
week5-m4-f10-seed43,M4,43,I,quarter,Q1,81,0.41306234483804083,17,"Transitional woodland, shrub",18,63,0.30330606175377417,0.0
week5-m4-f10-seed43,M4,43,I,quarter,Q1,81,0.41306234483804083,18,Urban fabric,14,67,0.30620640559493767,0.14285714285714285
week5-m4-f10-seed43,M4,43,I,quarter,Q2,391,0.40818638265167967,0,Agro-forestry areas,0,391,,
week5-m4-f10-seed43,M4,43,I,quarter,Q2,391,0.40818638265167967,1,Arable land,151,240,0.6293545164027244,0.9867549668874173
week5-m4-f10-seed43,M4,43,I,quarter,Q2,391,0.40818638265167967,2,"Beaches, dunes, sands",0,391,,
week5-m4-f10-seed43,M4,43,I,quarter,Q2,391,0.40818638265167967,3,Broad-leaved forest,153,238,0.6463869591929091,0.7647058823529411
week5-m4-f10-seed43,M4,43,I,quarter,Q2,391,0.40818638265167967,4,Coastal wetlands,0,391,,
week5-m4-f10-seed43,M4,43,I,quarter,Q2,391,0.40818638265167967,5,Complex cultivation patterns,127,264,0.38814969310400105,0.7244094488188977
week5-m4-f10-seed43,M4,43,I,quarter,Q2,391,0.40818638265167967,6,Coniferous forest,129,262,0.8073213260405835,0.7751937984496124
week5-m4-f10-seed43,M4,43,I,quarter,Q2,391,0.40818638265167967,7,Industrial or commercial units,16,375,0.40910103922634455,0.25
week5-m4-f10-seed43,M4,43,I,quarter,Q2,391,0.40818638265167967,8,Inland waters,19,372,0.2666432584181585,0.2631578947368421
week5-m4-f10-seed43,M4,43,I,quarter,Q2,391,0.40818638265167967,9,Inland wetlands,33,358,0.07422707080526485,0.0
week5-m4-f10-seed43,M4,43,I,quarter,Q2,391,0.40818638265167967,10,"Land principally occupied by agriculture, with significant areas of natural vegetation",91,300,0.2628061236867941,0.32967032967032966
week5-m4-f10-seed43,M4,43,I,quarter,Q2,391,0.40818638265167967,11,Marine waters,0,391,,
week5-m4-f10-seed43,M4,43,I,quarter,Q2,391,0.40818638265167967,12,Mixed forest,190,201,0.7319547004235211,0.6578947368421053
week5-m4-f10-seed43,M4,43,I,quarter,Q2,391,0.40818638265167967,13,"Moors, heathland and sclerophyllous vegetation",12,379,0.05224698814866038,0.0
week5-m4-f10-seed43,M4,43,I,quarter,Q2,391,0.40818638265167967,14,Natural grassland and sparsely vegetated areas,6,385,0.1892772307820126,0.16666666666666666
week5-m4-f10-seed43,M4,43,I,quarter,Q2,391,0.40818638265167967,15,Pastures,157,234,0.7494888468193028,0.8471337579617835
week5-m4-f10-seed43,M4,43,I,quarter,Q2,391,0.40818638265167967,16,Permanent crops,29,362,0.09717736594745012,0.0
week5-m4-f10-seed43,M4,43,I,quarter,Q2,391,0.40818638265167967,17,"Transitional woodland, shrub",54,337,0.16635034361649517,0.05555555555555555
week5-m4-f10-seed43,M4,43,I,quarter,Q2,391,0.40818638265167967,18,Urban fabric,164,227,0.6523102771609728,0.7621951219512195
week5-m4-f10-seed43,M4,43,I,quarter,Q3,1919,0.4155857522148765,0,Agro-forestry areas,0,1919,,
week5-m4-f10-seed43,M4,43,I,quarter,Q3,1919,0.4155857522148765,1,Arable land,474,1445,0.40632126605386387,0.9535864978902954
week5-m4-f10-seed43,M4,43,I,quarter,Q3,1919,0.4155857522148765,2,"Beaches, dunes, sands",24,1895,0.054789532195381956,0.0
week5-m4-f10-seed43,M4,43,I,quarter,Q3,1919,0.4155857522148765,3,Broad-leaved forest,375,1544,0.5680817218752883,0.7146666666666667
week5-m4-f10-seed43,M4,43,I,quarter,Q3,1919,0.4155857522148765,4,Coastal wetlands,1,1918,0.0006844626967830253,0.0
week5-m4-f10-seed43,M4,43,I,quarter,Q3,1919,0.4155857522148765,5,Complex cultivation patterns,347,1572,0.4036607940752524,0.7982708933717579
week5-m4-f10-seed43,M4,43,I,quarter,Q3,1919,0.4155857522148765,6,Coniferous forest,313,1606,0.7394764656334643,0.7028753993610224
week5-m4-f10-seed43,M4,43,I,quarter,Q3,1919,0.4155857522148765,7,Industrial or commercial units,34,1885,0.25793852567931164,0.23529411764705882
week5-m4-f10-seed43,M4,43,I,quarter,Q3,1919,0.4155857522148765,8,Inland waters,140,1779,0.2473084808641398,0.24285714285714285
week5-m4-f10-seed43,M4,43,I,quarter,Q3,1919,0.4155857522148765,9,Inland wetlands,177,1742,0.2232215156389901,0.005649717514124294
week5-m4-f10-seed43,M4,43,I,quarter,Q3,1919,0.4155857522148765,10,"Land principally occupied by agriculture, with significant areas of natural vegetation",466,1453,0.4073562835723692,0.4356223175965665
week5-m4-f10-seed43,M4,43,I,quarter,Q3,1919,0.4155857522148765,11,Marine waters,617,1302,0.9799814379654848,0.880064829821718
week5-m4-f10-seed43,M4,43,I,quarter,Q3,1919,0.4155857522148765,12,Mixed forest,407,1512,0.6451004861841684,0.7199017199017199
week5-m4-f10-seed43,M4,43,I,quarter,Q3,1919,0.4155857522148765,13,"Moors, heathland and sclerophyllous vegetation",85,1834,0.061896270749308376,0.0
week5-m4-f10-seed43,M4,43,I,quarter,Q3,1919,0.4155857522148765,14,Natural grassland and sparsely vegetated areas,50,1869,0.08526131284641243,0.04
week5-m4-f10-seed43,M4,43,I,quarter,Q3,1919,0.4155857522148765,15,Pastures,731,1188,0.7343294420628685,0.8481532147742818
week5-m4-f10-seed43,M4,43,I,quarter,Q3,1919,0.4155857522148765,16,Permanent crops,57,1862,0.05928768034449248,0.0
week5-m4-f10-seed43,M4,43,I,quarter,Q3,1919,0.4155857522148765,17,"Transitional woodland, shrub",190,1729,0.2649132464392856,0.5
week5-m4-f10-seed43,M4,43,I,quarter,Q3,1919,0.4155857522148765,18,Urban fabric,236,1683,0.5652371054533236,0.6398305084745762
week5-m4-f10-seed43,M4,43,I,quarter,Q4,609,0.3769735331265799,0,Agro-forestry areas,0,609,,
week5-m4-f10-seed43,M4,43,I,quarter,Q4,609,0.3769735331265799,1,Arable land,359,250,0.8726497508222973,0.9665738161559888
week5-m4-f10-seed43,M4,43,I,quarter,Q4,609,0.3769735331265799,2,"Beaches, dunes, sands",0,609,,
week5-m4-f10-seed43,M4,43,I,quarter,Q4,609,0.3769735331265799,3,Broad-leaved forest,155,454,0.4199098627648698,0.567741935483871
week5-m4-f10-seed43,M4,43,I,quarter,Q4,609,0.3769735331265799,4,Coastal wetlands,0,609,,
week5-m4-f10-seed43,M4,43,I,quarter,Q4,609,0.3769735331265799,5,Complex cultivation patterns,129,480,0.45771134556812415,0.5581395348837209
week5-m4-f10-seed43,M4,43,I,quarter,Q4,609,0.3769735331265799,6,Coniferous forest,122,487,0.7296309546311492,0.680327868852459
week5-m4-f10-seed43,M4,43,I,quarter,Q4,609,0.3769735331265799,7,Industrial or commercial units,36,573,0.21381985271216258,0.16666666666666666
week5-m4-f10-seed43,M4,43,I,quarter,Q4,609,0.3769735331265799,8,Inland waters,29,580,0.13945400112668216,0.0
week5-m4-f10-seed43,M4,43,I,quarter,Q4,609,0.3769735331265799,9,Inland wetlands,58,551,0.13333422472599338,0.06896551724137931
week5-m4-f10-seed43,M4,43,I,quarter,Q4,609,0.3769735331265799,10,"Land principally occupied by agriculture, with significant areas of natural vegetation",89,520,0.24935244854298103,0.38202247191011235
week5-m4-f10-seed43,M4,43,I,quarter,Q4,609,0.3769735331265799,11,Marine waters,0,609,,
week5-m4-f10-seed43,M4,43,I,quarter,Q4,609,0.3769735331265799,12,Mixed forest,176,433,0.5517504852847268,0.5625
week5-m4-f10-seed43,M4,43,I,quarter,Q4,609,0.3769735331265799,13,"Moors, heathland and sclerophyllous vegetation",10,599,0.0380652051211756,0.0
week5-m4-f10-seed43,M4,43,I,quarter,Q4,609,0.3769735331265799,14,Natural grassland and sparsely vegetated areas,14,595,0.023981776860276843,0.0
week5-m4-f10-seed43,M4,43,I,quarter,Q4,609,0.3769735331265799,15,Pastures,157,452,0.7743353311157636,0.7770700636942676
week5-m4-f10-seed43,M4,43,I,quarter,Q4,609,0.3769735331265799,16,Permanent crops,63,546,0.18167065165532073,0.0
week5-m4-f10-seed43,M4,43,I,quarter,Q4,609,0.3769735331265799,17,"Transitional woodland, shrub",64,545,0.14355231627359968,0.34375
week5-m4-f10-seed43,M4,43,I,quarter,Q4,609,0.3769735331265799,18,Urban fabric,199,410,0.7253847896935756,0.49748743718592964
week5-m4-f10-seed43,M4,43,I,country,Austria,752,0.37334706127766554,0,Agro-forestry areas,0,752,,
week5-m4-f10-seed43,M4,43,I,country,Austria,752,0.37334706127766554,1,Arable land,499,253,0.8800259271405335,0.9639278557114228
week5-m4-f10-seed43,M4,43,I,country,Austria,752,0.37334706127766554,2,"Beaches, dunes, sands",0,752,,
week5-m4-f10-seed43,M4,43,I,country,Austria,752,0.37334706127766554,3,Broad-leaved forest,424,328,0.7313983773439989,0.7570754716981132
week5-m4-f10-seed43,M4,43,I,country,Austria,752,0.37334706127766554,4,Coastal wetlands,0,752,,
week5-m4-f10-seed43,M4,43,I,country,Austria,752,0.37334706127766554,5,Complex cultivation patterns,288,464,0.48050904550967466,0.6805555555555556
week5-m4-f10-seed43,M4,43,I,country,Austria,752,0.37334706127766554,6,Coniferous forest,136,616,0.6606373737183714,0.7058823529411765
week5-m4-f10-seed43,M4,43,I,country,Austria,752,0.37334706127766554,7,Industrial or commercial units,16,736,0.3439847487445479,0.375
week5-m4-f10-seed43,M4,43,I,country,Austria,752,0.37334706127766554,8,Inland waters,52,700,0.16488637248397792,0.1346153846153846
week5-m4-f10-seed43,M4,43,I,country,Austria,752,0.37334706127766554,9,Inland wetlands,36,716,0.11346790384646845,0.08333333333333333
week5-m4-f10-seed43,M4,43,I,country,Austria,752,0.37334706127766554,10,"Land principally occupied by agriculture, with significant areas of natural vegetation",193,559,0.339214607907428,0.47668393782383417
week5-m4-f10-seed43,M4,43,I,country,Austria,752,0.37334706127766554,11,Marine waters,0,752,,
week5-m4-f10-seed43,M4,43,I,country,Austria,752,0.37334706127766554,12,Mixed forest,311,441,0.5833948504353917,0.4533762057877814
week5-m4-f10-seed43,M4,43,I,country,Austria,752,0.37334706127766554,13,"Moors, heathland and sclerophyllous vegetation",2,750,0.00641025641025641,0.0
week5-m4-f10-seed43,M4,43,I,country,Austria,752,0.37334706127766554,14,Natural grassland and sparsely vegetated areas,30,722,0.12402327032415512,0.1
week5-m4-f10-seed43,M4,43,I,country,Austria,752,0.37334706127766554,15,Pastures,171,581,0.37876873261312277,0.7251461988304093
week5-m4-f10-seed43,M4,43,I,country,Austria,752,0.37334706127766554,16,Permanent crops,108,644,0.16199309118427505,0.0
week5-m4-f10-seed43,M4,43,I,country,Austria,752,0.37334706127766554,17,"Transitional woodland, shrub",42,710,0.10005648677297466,0.38095238095238093
week5-m4-f10-seed43,M4,43,I,country,Austria,752,0.37334706127766554,18,Urban fabric,235,517,0.5314348747298068,0.6
week5-m4-f10-seed43,M4,43,I,country,Belgium,376,0.4059632894720742,0,Agro-forestry areas,0,376,,
week5-m4-f10-seed43,M4,43,I,country,Belgium,376,0.4059632894720742,1,Arable land,12,364,0.09037351647741097,1.0
week5-m4-f10-seed43,M4,43,I,country,Belgium,376,0.4059632894720742,2,"Beaches, dunes, sands",0,376,,
week5-m4-f10-seed43,M4,43,I,country,Belgium,376,0.4059632894720742,3,Broad-leaved forest,94,282,0.40664265238429564,0.6276595744680851
week5-m4-f10-seed43,M4,43,I,country,Belgium,376,0.4059632894720742,4,Coastal wetlands,0,376,,
week5-m4-f10-seed43,M4,43,I,country,Belgium,376,0.4059632894720742,5,Complex cultivation patterns,74,302,0.5593188276216269,0.9594594594594594
week5-m4-f10-seed43,M4,43,I,country,Belgium,376,0.4059632894720742,6,Coniferous forest,184,192,0.8560004557031666,0.8043478260869565
week5-m4-f10-seed43,M4,43,I,country,Belgium,376,0.4059632894720742,7,Industrial or commercial units,26,350,0.3223433365050843,0.19230769230769232
week5-m4-f10-seed43,M4,43,I,country,Belgium,376,0.4059632894720742,8,Inland waters,9,367,0.04278009051668275,0.0
week5-m4-f10-seed43,M4,43,I,country,Belgium,376,0.4059632894720742,9,Inland wetlands,52,324,0.12806885419232228,0.0
week5-m4-f10-seed43,M4,43,I,country,Belgium,376,0.4059632894720742,10,"Land principally occupied by agriculture, with significant areas of natural vegetation",79,297,0.3022895672559848,0.45569620253164556
week5-m4-f10-seed43,M4,43,I,country,Belgium,376,0.4059632894720742,11,Marine waters,0,376,,
week5-m4-f10-seed43,M4,43,I,country,Belgium,376,0.4059632894720742,12,Mixed forest,198,178,0.7654624304795835,0.8888888888888888
week5-m4-f10-seed43,M4,43,I,country,Belgium,376,0.4059632894720742,13,"Moors, heathland and sclerophyllous vegetation",22,354,0.08183028466549193,0.0
week5-m4-f10-seed43,M4,43,I,country,Belgium,376,0.4059632894720742,14,Natural grassland and sparsely vegetated areas,5,371,0.01920996448398143,0.0
week5-m4-f10-seed43,M4,43,I,country,Belgium,376,0.4059632894720742,15,Pastures,239,137,0.9263703871625466,0.9121338912133892
week5-m4-f10-seed43,M4,43,I,country,Belgium,376,0.4059632894720742,16,Permanent crops,0,376,,
week5-m4-f10-seed43,M4,43,I,country,Belgium,376,0.4059632894720742,17,"Transitional woodland, shrub",71,305,0.2974159501604565,0.22535211267605634
week5-m4-f10-seed43,M4,43,I,country,Belgium,376,0.4059632894720742,18,Urban fabric,196,180,0.8853797350004048,0.673469387755102
week5-m4-f10-seed43,M4,43,I,country,Ireland,744,0.3628440365615526,0,Agro-forestry areas,0,744,,
week5-m4-f10-seed43,M4,43,I,country,Ireland,744,0.3628440365615526,1,Arable land,19,725,0.030031237018938155,1.0
week5-m4-f10-seed43,M4,43,I,country,Ireland,744,0.3628440365615526,2,"Beaches, dunes, sands",4,740,0.09890155728587319,0.0
week5-m4-f10-seed43,M4,43,I,country,Ireland,744,0.3628440365615526,3,Broad-leaved forest,2,742,0.007653938768489852,0.0
week5-m4-f10-seed43,M4,43,I,country,Ireland,744,0.3628440365615526,4,Coastal wetlands,1,743,0.0018796992481203006,0.0
week5-m4-f10-seed43,M4,43,I,country,Ireland,744,0.3628440365615526,5,Complex cultivation patterns,11,733,0.03481506520955729,0.9090909090909091
week5-m4-f10-seed43,M4,43,I,country,Ireland,744,0.3628440365615526,6,Coniferous forest,70,674,0.49191383162964714,0.18571428571428572
week5-m4-f10-seed43,M4,43,I,country,Ireland,744,0.3628440365615526,7,Industrial or commercial units,8,736,0.38442017509442505,0.25
week5-m4-f10-seed43,M4,43,I,country,Ireland,744,0.3628440365615526,8,Inland waters,23,721,0.4857289741461316,0.391304347826087
week5-m4-f10-seed43,M4,43,I,country,Ireland,744,0.3628440365615526,9,Inland wetlands,134,610,0.6189636923757939,0.007462686567164179
week5-m4-f10-seed43,M4,43,I,country,Ireland,744,0.3628440365615526,10,"Land principally occupied by agriculture, with significant areas of natural vegetation",171,573,0.32331647131945274,0.2222222222222222
week5-m4-f10-seed43,M4,43,I,country,Ireland,744,0.3628440365615526,11,Marine waters,258,486,0.9798712655506291,0.8992248062015504
week5-m4-f10-seed43,M4,43,I,country,Ireland,744,0.3628440365615526,12,Mixed forest,25,719,0.12123844652184161,0.56
week5-m4-f10-seed43,M4,43,I,country,Ireland,744,0.3628440365615526,13,"Moors, heathland and sclerophyllous vegetation",76,668,0.25915113487019653,0.0
week5-m4-f10-seed43,M4,43,I,country,Ireland,744,0.3628440365615526,14,Natural grassland and sparsely vegetated areas,28,716,0.1294611244872922,0.0
week5-m4-f10-seed43,M4,43,I,country,Ireland,744,0.3628440365615526,15,Pastures,474,270,0.8623974897748965,0.9050632911392406
week5-m4-f10-seed43,M4,43,I,country,Ireland,744,0.3628440365615526,16,Permanent crops,0,744,,
week5-m4-f10-seed43,M4,43,I,country,Ireland,744,0.3628440365615526,17,"Transitional woodland, shrub",47,697,0.1534037193411866,0.2765957446808511
week5-m4-f10-seed43,M4,43,I,country,Ireland,744,0.3628440365615526,18,Urban fabric,55,689,0.5602939823148108,0.6363636363636364
week5-m4-f10-seed43,M4,43,I,country,Lithuania,752,0.44276001873074133,0,Agro-forestry areas,0,752,,
week5-m4-f10-seed43,M4,43,I,country,Lithuania,752,0.44276001873074133,1,Arable land,174,578,0.7227910478754103,0.6954022988505747
week5-m4-f10-seed43,M4,43,I,country,Lithuania,752,0.44276001873074133,2,"Beaches, dunes, sands",20,732,0.0714735267013609,0.0
week5-m4-f10-seed43,M4,43,I,country,Lithuania,752,0.44276001873074133,3,Broad-leaved forest,156,596,0.3524383351519221,0.5897435897435898
week5-m4-f10-seed43,M4,43,I,country,Lithuania,752,0.44276001873074133,4,Coastal wetlands,0,752,,
week5-m4-f10-seed43,M4,43,I,country,Lithuania,752,0.44276001873074133,5,Complex cultivation patterns,199,553,0.6291333203286421,0.5979899497487438
week5-m4-f10-seed43,M4,43,I,country,Lithuania,752,0.44276001873074133,6,Coniferous forest,179,573,0.8645381407049276,0.8938547486033519
week5-m4-f10-seed43,M4,43,I,country,Lithuania,752,0.44276001873074133,7,Industrial or commercial units,11,741,0.26873704292147815,0.18181818181818182
week5-m4-f10-seed43,M4,43,I,country,Lithuania,752,0.44276001873074133,8,Inland waters,109,643,0.2914632280896831,0.1926605504587156
week5-m4-f10-seed43,M4,43,I,country,Lithuania,752,0.44276001873074133,9,Inland wetlands,33,719,0.06810841249844259,0.0
week5-m4-f10-seed43,M4,43,I,country,Lithuania,752,0.44276001873074133,10,"Land principally occupied by agriculture, with significant areas of natural vegetation",216,536,0.6409351024040352,0.47685185185185186
week5-m4-f10-seed43,M4,43,I,country,Lithuania,752,0.44276001873074133,11,Marine waters,359,393,0.9858885755434098,0.8662952646239555
week5-m4-f10-seed43,M4,43,I,country,Lithuania,752,0.44276001873074133,12,Mixed forest,248,504,0.7563733146344527,0.75
week5-m4-f10-seed43,M4,43,I,country,Lithuania,752,0.44276001873074133,13,"Moors, heathland and sclerophyllous vegetation",7,745,0.02176704651182845,0.0
week5-m4-f10-seed43,M4,43,I,country,Lithuania,752,0.44276001873074133,14,Natural grassland and sparsely vegetated areas,4,748,0.01039486253133574,0.0
week5-m4-f10-seed43,M4,43,I,country,Lithuania,752,0.44276001873074133,15,Pastures,180,572,0.6705204821230442,0.65
week5-m4-f10-seed43,M4,43,I,country,Lithuania,752,0.44276001873074133,16,Permanent crops,3,749,0.009731610621488264,0.0
week5-m4-f10-seed43,M4,43,I,country,Lithuania,752,0.44276001873074133,17,"Transitional woodland, shrub",126,626,0.3778533397511653,0.5555555555555556
week5-m4-f10-seed43,M4,43,I,country,Lithuania,752,0.44276001873074133,18,Urban fabric,48,704,0.41348643800059587,0.3333333333333333
week5-m4-f10-seed43,M4,43,I,country,Serbia,376,0.2865104183240636,0,Agro-forestry areas,0,376,,
week5-m4-f10-seed43,M4,43,I,country,Serbia,376,0.2865104183240636,1,Arable land,332,44,0.9043150767786291,0.9879518072289156
week5-m4-f10-seed43,M4,43,I,country,Serbia,376,0.2865104183240636,2,"Beaches, dunes, sands",0,376,,
week5-m4-f10-seed43,M4,43,I,country,Serbia,376,0.2865104183240636,3,Broad-leaved forest,42,334,0.4038846691560248,0.5714285714285714
week5-m4-f10-seed43,M4,43,I,country,Serbia,376,0.2865104183240636,4,Coastal wetlands,0,376,,
week5-m4-f10-seed43,M4,43,I,country,Serbia,376,0.2865104183240636,5,Complex cultivation patterns,93,283,0.4661202724880508,0.6344086021505376
week5-m4-f10-seed43,M4,43,I,country,Serbia,376,0.2865104183240636,6,Coniferous forest,11,365,0.07936735177118938,0.0
week5-m4-f10-seed43,M4,43,I,country,Serbia,376,0.2865104183240636,7,Industrial or commercial units,26,350,0.2073617576388292,0.11538461538461539
week5-m4-f10-seed43,M4,43,I,country,Serbia,376,0.2865104183240636,8,Inland waters,15,361,0.45546804962807896,0.13333333333333333
week5-m4-f10-seed43,M4,43,I,country,Serbia,376,0.2865104183240636,9,Inland wetlands,18,358,0.12107942487833534,0.05555555555555555
week5-m4-f10-seed43,M4,43,I,country,Serbia,376,0.2865104183240636,10,"Land principally occupied by agriculture, with significant areas of natural vegetation",35,341,0.1490731582794072,0.2857142857142857
week5-m4-f10-seed43,M4,43,I,country,Serbia,376,0.2865104183240636,11,Marine waters,0,376,,
week5-m4-f10-seed43,M4,43,I,country,Serbia,376,0.2865104183240636,12,Mixed forest,30,346,0.13645841464620576,0.03333333333333333
week5-m4-f10-seed43,M4,43,I,country,Serbia,376,0.2865104183240636,13,"Moors, heathland and sclerophyllous vegetation",0,376,,
week5-m4-f10-seed43,M4,43,I,country,Serbia,376,0.2865104183240636,14,Natural grassland and sparsely vegetated areas,3,373,0.010110275369144004,0.0
week5-m4-f10-seed43,M4,43,I,country,Serbia,376,0.2865104183240636,15,Pastures,36,340,0.18787231044651762,0.1111111111111111
week5-m4-f10-seed43,M4,43,I,country,Serbia,376,0.2865104183240636,16,Permanent crops,40,336,0.17410956554759432,0.0
week5-m4-f10-seed43,M4,43,I,country,Serbia,376,0.2865104183240636,17,"Transitional woodland, shrub",40,336,0.12822224669880655,0.125
week5-m4-f10-seed43,M4,43,I,country,Serbia,376,0.2865104183240636,18,Urban fabric,79,297,0.5877032832100767,0.6708860759493671
week5-m4-f10-seed43,M4,43,I,source_distance,Q1,1155,0.40459150949366385,0,Agro-forestry areas,0,1155,,
week5-m4-f10-seed43,M4,43,I,source_distance,Q1,1155,0.40459150949366385,1,Arable land,240,915,0.4065062898243827,0.9208333333333333
week5-m4-f10-seed43,M4,43,I,source_distance,Q1,1155,0.40459150949366385,2,"Beaches, dunes, sands",5,1150,0.027222553129598436,0.0
week5-m4-f10-seed43,M4,43,I,source_distance,Q1,1155,0.40459150949366385,3,Broad-leaved forest,99,1056,0.6109093653331713,0.797979797979798
week5-m4-f10-seed43,M4,43,I,source_distance,Q1,1155,0.40459150949366385,4,Coastal wetlands,0,1155,,
week5-m4-f10-seed43,M4,43,I,source_distance,Q1,1155,0.40459150949366385,5,Complex cultivation patterns,94,1061,0.23061977602758996,0.3617021276595745
week5-m4-f10-seed43,M4,43,I,source_distance,Q1,1155,0.40459150949366385,6,Coniferous forest,173,982,0.9239606014441473,0.9132947976878613
week5-m4-f10-seed43,M4,43,I,source_distance,Q1,1155,0.40459150949366385,7,Industrial or commercial units,17,1138,0.23390516426228414,0.17647058823529413
week5-m4-f10-seed43,M4,43,I,source_distance,Q1,1155,0.40459150949366385,8,Inland waters,43,1112,0.12379123174548826,0.0
week5-m4-f10-seed43,M4,43,I,source_distance,Q1,1155,0.40459150949366385,9,Inland wetlands,32,1123,0.12153772999812182,0.0625
week5-m4-f10-seed43,M4,43,I,source_distance,Q1,1155,0.40459150949366385,10,"Land principally occupied by agriculture, with significant areas of natural vegetation",148,1007,0.3007742607576809,0.1554054054054054
week5-m4-f10-seed43,M4,43,I,source_distance,Q1,1155,0.40459150949366385,11,Marine waters,530,625,0.9970614216141538,0.9773584905660377
week5-m4-f10-seed43,M4,43,I,source_distance,Q1,1155,0.40459150949366385,12,Mixed forest,186,969,0.7198976363763563,0.7688172043010753
week5-m4-f10-seed43,M4,43,I,source_distance,Q1,1155,0.40459150949366385,13,"Moors, heathland and sclerophyllous vegetation",8,1147,0.02164503973043317,0.0
week5-m4-f10-seed43,M4,43,I,source_distance,Q1,1155,0.40459150949366385,14,Natural grassland and sparsely vegetated areas,13,1142,0.021852964556957514,0.0
week5-m4-f10-seed43,M4,43,I,source_distance,Q1,1155,0.40459150949366385,15,Pastures,264,891,0.8744167608437428,0.8143939393939394
week5-m4-f10-seed43,M4,43,I,source_distance,Q1,1155,0.40459150949366385,16,Permanent crops,24,1131,0.14981775621939622,0.0
week5-m4-f10-seed43,M4,43,I,source_distance,Q1,1155,0.40459150949366385,17,"Transitional woodland, shrub",76,1079,0.2247375076808209,0.5526315789473685
week5-m4-f10-seed43,M4,43,I,source_distance,Q1,1155,0.40459150949366385,18,Urban fabric,78,1077,0.5120306454838949,0.4358974358974359
week5-m4-f10-seed43,M4,43,I,source_distance,Q2,598,0.407734728415008,0,Agro-forestry areas,0,598,,
week5-m4-f10-seed43,M4,43,I,source_distance,Q2,598,0.407734728415008,1,Arable land,223,375,0.5692474441721488,0.9192825112107623
week5-m4-f10-seed43,M4,43,I,source_distance,Q2,598,0.407734728415008,2,"Beaches, dunes, sands",6,592,0.19119656905249402,0.0
week5-m4-f10-seed43,M4,43,I,source_distance,Q2,598,0.407734728415008,3,Broad-leaved forest,174,424,0.48207602140241973,0.5402298850574713
week5-m4-f10-seed43,M4,43,I,source_distance,Q2,598,0.407734728415008,4,Coastal wetlands,1,597,0.0016806722689075631,0.0
week5-m4-f10-seed43,M4,43,I,source_distance,Q2,598,0.407734728415008,5,Complex cultivation patterns,180,418,0.48136471932078057,0.7444444444444445
week5-m4-f10-seed43,M4,43,I,source_distance,Q2,598,0.407734728415008,6,Coniferous forest,133,465,0.7090579971542575,0.7218045112781954
week5-m4-f10-seed43,M4,43,I,source_distance,Q2,598,0.407734728415008,7,Industrial or commercial units,23,575,0.2917502388332594,0.17391304347826086
week5-m4-f10-seed43,M4,43,I,source_distance,Q2,598,0.407734728415008,8,Inland waters,39,559,0.17772491763446147,0.1282051282051282
week5-m4-f10-seed43,M4,43,I,source_distance,Q2,598,0.407734728415008,9,Inland wetlands,58,540,0.13323142091795664,0.0
week5-m4-f10-seed43,M4,43,I,source_distance,Q2,598,0.407734728415008,10,"Land principally occupied by agriculture, with significant areas of natural vegetation",186,412,0.3828450961782786,0.43010752688172044
week5-m4-f10-seed43,M4,43,I,source_distance,Q2,598,0.407734728415008,11,Marine waters,24,574,0.7851451351871989,0.3333333333333333
week5-m4-f10-seed43,M4,43,I,source_distance,Q2,598,0.407734728415008,12,Mixed forest,196,402,0.6603950361139931,0.7448979591836735
week5-m4-f10-seed43,M4,43,I,source_distance,Q2,598,0.407734728415008,13,"Moors, heathland and sclerophyllous vegetation",19,579,0.03135970673487102,0.0
week5-m4-f10-seed43,M4,43,I,source_distance,Q2,598,0.407734728415008,14,Natural grassland and sparsely vegetated areas,15,583,0.09166265085234218,0.06666666666666667
week5-m4-f10-seed43,M4,43,I,source_distance,Q2,598,0.407734728415008,15,Pastures,318,280,0.8231467938593319,0.8176100628930818
week5-m4-f10-seed43,M4,43,I,source_distance,Q2,598,0.407734728415008,16,Permanent crops,33,565,0.08979945133336842,0.0
week5-m4-f10-seed43,M4,43,I,source_distance,Q2,598,0.407734728415008,17,"Transitional woodland, shrub",76,522,0.2048679928328667,0.3157894736842105
week5-m4-f10-seed43,M4,43,I,source_distance,Q2,598,0.407734728415008,18,Urban fabric,151,447,0.6100810321125931,0.6490066225165563
week5-m4-f10-seed43,M4,43,I,source_distance,Q3,549,0.41031636254950865,0,Agro-forestry areas,0,549,,
week5-m4-f10-seed43,M4,43,I,source_distance,Q3,549,0.41031636254950865,1,Arable land,247,302,0.7214322708604648,0.9149797570850202
week5-m4-f10-seed43,M4,43,I,source_distance,Q3,549,0.41031636254950865,2,"Beaches, dunes, sands",2,547,0.063894523326572,0.0
week5-m4-f10-seed43,M4,43,I,source_distance,Q3,549,0.41031636254950865,3,Broad-leaved forest,184,365,0.5591537779779836,0.6630434782608695
week5-m4-f10-seed43,M4,43,I,source_distance,Q3,549,0.41031636254950865,4,Coastal wetlands,0,549,,
week5-m4-f10-seed43,M4,43,I,source_distance,Q3,549,0.41031636254950865,5,Complex cultivation patterns,178,371,0.41161226464158845,0.702247191011236
week5-m4-f10-seed43,M4,43,I,source_distance,Q3,549,0.41031636254950865,6,Coniferous forest,116,433,0.620872739266829,0.6982758620689655
week5-m4-f10-seed43,M4,43,I,source_distance,Q3,549,0.41031636254950865,7,Industrial or commercial units,23,526,0.23301637383890456,0.21739130434782608
week5-m4-f10-seed43,M4,43,I,source_distance,Q3,549,0.41031636254950865,8,Inland waters,47,502,0.28711257235587834,0.3404255319148936
week5-m4-f10-seed43,M4,43,I,source_distance,Q3,549,0.41031636254950865,9,Inland wetlands,56,493,0.1629532135487158,0.017857142857142856
week5-m4-f10-seed43,M4,43,I,source_distance,Q3,549,0.41031636254950865,10,"Land principally occupied by agriculture, with significant areas of natural vegetation",175,374,0.4052244343073106,0.5257142857142857
week5-m4-f10-seed43,M4,43,I,source_distance,Q3,549,0.41031636254950865,11,Marine waters,26,523,0.733263054754887,0.3076923076923077
week5-m4-f10-seed43,M4,43,I,source_distance,Q3,549,0.41031636254950865,12,Mixed forest,198,351,0.6138931091869134,0.6515151515151515
week5-m4-f10-seed43,M4,43,I,source_distance,Q3,549,0.41031636254950865,13,"Moors, heathland and sclerophyllous vegetation",26,523,0.04872009417640482,0.0
week5-m4-f10-seed43,M4,43,I,source_distance,Q3,549,0.41031636254950865,14,Natural grassland and sparsely vegetated areas,17,532,0.055681663407553386,0.11764705882352941
week5-m4-f10-seed43,M4,43,I,source_distance,Q3,549,0.41031636254950865,15,Pastures,259,290,0.7677971016649232,0.8494208494208494
week5-m4-f10-seed43,M4,43,I,source_distance,Q3,549,0.41031636254950865,16,Permanent crops,45,504,0.10852721629851711,0.0
week5-m4-f10-seed43,M4,43,I,source_distance,Q3,549,0.41031636254950865,17,"Transitional woodland, shrub",68,481,0.16768342805408795,0.25
week5-m4-f10-seed43,M4,43,I,source_distance,Q3,549,0.41031636254950865,18,Urban fabric,178,371,0.6681184864511763,0.651685393258427
week5-m4-f10-seed43,M4,43,I,source_distance,Q4,698,0.37275262206090765,0,Agro-forestry areas,0,698,,
week5-m4-f10-seed43,M4,43,I,source_distance,Q4,698,0.37275262206090765,1,Arable land,326,372,0.7223047004048585,0.9478527607361963
week5-m4-f10-seed43,M4,43,I,source_distance,Q4,698,0.37275262206090765,2,"Beaches, dunes, sands",11,687,0.05704745577124541,0.0
week5-m4-f10-seed43,M4,43,I,source_distance,Q4,698,0.37275262206090765,3,Broad-leaved forest,261,437,0.5478872674653968,0.7701149425287356
week5-m4-f10-seed43,M4,43,I,source_distance,Q4,698,0.37275262206090765,4,Coastal wetlands,0,698,,
week5-m4-f10-seed43,M4,43,I,source_distance,Q4,698,0.37275262206090765,5,Complex cultivation patterns,213,485,0.43005627529349816,0.7605633802816901
week5-m4-f10-seed43,M4,43,I,source_distance,Q4,698,0.37275262206090765,6,Coniferous forest,158,540,0.5739451010951879,0.5189873417721519
week5-m4-f10-seed43,M4,43,I,source_distance,Q4,698,0.37275262206090765,7,Industrial or commercial units,24,674,0.2783766332463473,0.25
week5-m4-f10-seed43,M4,43,I,source_distance,Q4,698,0.37275262206090765,8,Inland waters,79,619,0.30072790435072705,0.22784810126582278
week5-m4-f10-seed43,M4,43,I,source_distance,Q4,698,0.37275262206090765,9,Inland wetlands,127,571,0.23736628798800874,0.015748031496062992
week5-m4-f10-seed43,M4,43,I,source_distance,Q4,698,0.37275262206090765,10,"Land principally occupied by agriculture, with significant areas of natural vegetation",185,513,0.33800119346584845,0.4540540540540541
week5-m4-f10-seed43,M4,43,I,source_distance,Q4,698,0.37275262206090765,11,Marine waters,37,661,0.4081138753203918,0.24324324324324326
week5-m4-f10-seed43,M4,43,I,source_distance,Q4,698,0.37275262206090765,12,Mixed forest,232,466,0.4916207347844837,0.43103448275862066
week5-m4-f10-seed43,M4,43,I,source_distance,Q4,698,0.37275262206090765,13,"Moors, heathland and sclerophyllous vegetation",54,644,0.05813857582958314,0.0
week5-m4-f10-seed43,M4,43,I,source_distance,Q4,698,0.37275262206090765,14,Natural grassland and sparsely vegetated areas,25,673,0.05158699020995287,0.0
week5-m4-f10-seed43,M4,43,I,source_distance,Q4,698,0.37275262206090765,15,Pastures,259,439,0.5964410064957977,0.7606177606177607
week5-m4-f10-seed43,M4,43,I,source_distance,Q4,698,0.37275262206090765,16,Permanent crops,49,649,0.08506148358377771,0.0
week5-m4-f10-seed43,M4,43,I,source_distance,Q4,698,0.37275262206090765,17,"Transitional woodland, shrub",106,592,0.24567724004993818,0.3490566037735849
week5-m4-f10-seed43,M4,43,I,source_distance,Q4,698,0.37275262206090765,18,Urban fabric,206,492,0.5987366833907238,0.6262135922330098
week5-m4-f10-seed43,M4,43,Finland,label_count,1,970,0.4936101577865844,0,Agro-forestry areas,0,970,,
week5-m4-f10-seed43,M4,43,Finland,label_count,1,970,0.4936101577865844,1,Arable land,1,969,1.0,1.0
week5-m4-f10-seed43,M4,43,Finland,label_count,1,970,0.4936101577865844,2,"Beaches, dunes, sands",0,970,,
week5-m4-f10-seed43,M4,43,Finland,label_count,1,970,0.4936101577865844,3,Broad-leaved forest,0,970,,
week5-m4-f10-seed43,M4,43,Finland,label_count,1,970,0.4936101577865844,4,Coastal wetlands,0,970,,
week5-m4-f10-seed43,M4,43,Finland,label_count,1,970,0.4936101577865844,5,Complex cultivation patterns,0,970,,
week5-m4-f10-seed43,M4,43,Finland,label_count,1,970,0.4936101577865844,6,Coniferous forest,160,810,0.9277938631161529,0.6125
week5-m4-f10-seed43,M4,43,Finland,label_count,1,970,0.4936101577865844,7,Industrial or commercial units,0,970,,
week5-m4-f10-seed43,M4,43,Finland,label_count,1,970,0.4936101577865844,8,Inland waters,51,919,0.052864606851459425,0.0
week5-m4-f10-seed43,M4,43,Finland,label_count,1,970,0.4936101577865844,9,Inland wetlands,0,970,,
week5-m4-f10-seed43,M4,43,Finland,label_count,1,970,0.4936101577865844,10,"Land principally occupied by agriculture, with significant areas of natural vegetation",0,970,,
week5-m4-f10-seed43,M4,43,Finland,label_count,1,970,0.4936101577865844,11,Marine waters,752,218,0.93511588567729,0.7087765957446809
week5-m4-f10-seed43,M4,43,Finland,label_count,1,970,0.4936101577865844,12,Mixed forest,5,965,0.03180208403235102,0.2
week5-m4-f10-seed43,M4,43,Finland,label_count,1,970,0.4936101577865844,13,"Moors, heathland and sclerophyllous vegetation",0,970,,
week5-m4-f10-seed43,M4,43,Finland,label_count,1,970,0.4936101577865844,14,Natural grassland and sparsely vegetated areas,0,970,,
week5-m4-f10-seed43,M4,43,Finland,label_count,1,970,0.4936101577865844,15,Pastures,0,970,,
week5-m4-f10-seed43,M4,43,Finland,label_count,1,970,0.4936101577865844,16,Permanent crops,0,970,,
week5-m4-f10-seed43,M4,43,Finland,label_count,1,970,0.4936101577865844,17,"Transitional woodland, shrub",0,970,,
week5-m4-f10-seed43,M4,43,Finland,label_count,1,970,0.4936101577865844,18,Urban fabric,1,969,0.014084507042253521,0.0
week5-m4-f10-seed43,M4,43,Finland,label_count,2,933,0.23297385472744564,0,Agro-forestry areas,0,933,,
week5-m4-f10-seed43,M4,43,Finland,label_count,2,933,0.23297385472744564,1,Arable land,24,909,0.19596341003581044,0.5833333333333334
week5-m4-f10-seed43,M4,43,Finland,label_count,2,933,0.23297385472744564,2,"Beaches, dunes, sands",1,932,0.011111111111111112,0.0
week5-m4-f10-seed43,M4,43,Finland,label_count,2,933,0.23297385472744564,3,Broad-leaved forest,13,920,0.010191766098249434,0.38461538461538464
week5-m4-f10-seed43,M4,43,Finland,label_count,2,933,0.23297385472744564,4,Coastal wetlands,1,932,0.0014144271570014145,0.0
week5-m4-f10-seed43,M4,43,Finland,label_count,2,933,0.23297385472744564,5,Complex cultivation patterns,2,931,0.002002734744136766,0.0
week5-m4-f10-seed43,M4,43,Finland,label_count,2,933,0.23297385472744564,6,Coniferous forest,756,177,0.9016134825215593,0.5013227513227513
week5-m4-f10-seed43,M4,43,Finland,label_count,2,933,0.23297385472744564,7,Industrial or commercial units,2,931,0.025402134097786272,0.0
week5-m4-f10-seed43,M4,43,Finland,label_count,2,933,0.23297385472744564,8,Inland waters,146,787,0.28996057546832515,0.0684931506849315
week5-m4-f10-seed43,M4,43,Finland,label_count,2,933,0.23297385472744564,9,Inland wetlands,124,809,0.14893698997739846,0.0
week5-m4-f10-seed43,M4,43,Finland,label_count,2,933,0.23297385472744564,10,"Land principally occupied by agriculture, with significant areas of natural vegetation",21,912,0.061291103771883876,0.19047619047619047
week5-m4-f10-seed43,M4,43,Finland,label_count,2,933,0.23297385472744564,11,Marine waters,70,863,0.5078530915582457,0.5142857142857142
week5-m4-f10-seed43,M4,43,Finland,label_count,2,933,0.23297385472744564,12,Mixed forest,381,552,0.4082356529965186,0.33070866141732286
week5-m4-f10-seed43,M4,43,Finland,label_count,2,933,0.23297385472744564,13,"Moors, heathland and sclerophyllous vegetation",3,930,0.0026742651814599208,0.0
week5-m4-f10-seed43,M4,43,Finland,label_count,2,933,0.23297385472744564,14,Natural grassland and sparsely vegetated areas,0,933,,
week5-m4-f10-seed43,M4,43,Finland,label_count,2,933,0.23297385472744564,15,Pastures,0,933,,
week5-m4-f10-seed43,M4,43,Finland,label_count,2,933,0.23297385472744564,16,Permanent crops,0,933,,
week5-m4-f10-seed43,M4,43,Finland,label_count,2,933,0.23297385472744564,17,"Transitional woodland, shrub",316,617,0.37383278236983275,0.23734177215189872
week5-m4-f10-seed43,M4,43,Finland,label_count,2,933,0.23297385472744564,18,Urban fabric,6,927,0.10070212263558677,0.3333333333333333
week5-m4-f10-seed43,M4,43,Finland,label_count,3,1161,0.28958576633736793,0,Agro-forestry areas,0,1161,,
week5-m4-f10-seed43,M4,43,Finland,label_count,3,1161,0.28958576633736793,1,Arable land,125,1036,0.33911062189181046,0.632
week5-m4-f10-seed43,M4,43,Finland,label_count,3,1161,0.28958576633736793,2,"Beaches, dunes, sands",0,1161,,
week5-m4-f10-seed43,M4,43,Finland,label_count,3,1161,0.28958576633736793,3,Broad-leaved forest,55,1106,0.060815784434068855,0.8363636363636363
week5-m4-f10-seed43,M4,43,Finland,label_count,3,1161,0.28958576633736793,4,Coastal wetlands,0,1161,,
week5-m4-f10-seed43,M4,43,Finland,label_count,3,1161,0.28958576633736793,5,Complex cultivation patterns,5,1156,0.0031855935104514303,0.0
week5-m4-f10-seed43,M4,43,Finland,label_count,3,1161,0.28958576633736793,6,Coniferous forest,1016,145,0.9196611856035991,0.5049212598425197
week5-m4-f10-seed43,M4,43,Finland,label_count,3,1161,0.28958576633736793,7,Industrial or commercial units,11,1150,0.14586684548764473,0.09090909090909091
week5-m4-f10-seed43,M4,43,Finland,label_count,3,1161,0.28958576633736793,8,Inland waters,341,820,0.4863044350205584,0.093841642228739
week5-m4-f10-seed43,M4,43,Finland,label_count,3,1161,0.28958576633736793,9,Inland wetlands,205,956,0.2101676919887584,0.004878048780487805
week5-m4-f10-seed43,M4,43,Finland,label_count,3,1161,0.28958576633736793,10,"Land principally occupied by agriculture, with significant areas of natural vegetation",135,1026,0.1888482294437023,0.2074074074074074
week5-m4-f10-seed43,M4,43,Finland,label_count,3,1161,0.28958576633736793,11,Marine waters,40,1121,0.1738905339781785,0.25
week5-m4-f10-seed43,M4,43,Finland,label_count,3,1161,0.28958576633736793,12,Mixed forest,861,300,0.7569125041425958,0.4332171893147503
week5-m4-f10-seed43,M4,43,Finland,label_count,3,1161,0.28958576633736793,13,"Moors, heathland and sclerophyllous vegetation",9,1152,0.005793028258921983,0.0
week5-m4-f10-seed43,M4,43,Finland,label_count,3,1161,0.28958576633736793,14,Natural grassland and sparsely vegetated areas,1,1160,0.0033112582781456954,0.0
week5-m4-f10-seed43,M4,43,Finland,label_count,3,1161,0.28958576633736793,15,Pastures,0,1161,,
week5-m4-f10-seed43,M4,43,Finland,label_count,3,1161,0.28958576633736793,16,Permanent crops,0,1161,,
week5-m4-f10-seed43,M4,43,Finland,label_count,3,1161,0.28958576633736793,17,"Transitional woodland, shrub",652,509,0.5865290197962785,0.23006134969325154
week5-m4-f10-seed43,M4,43,Finland,label_count,3,1161,0.28958576633736793,18,Urban fabric,27,1134,0.17380399688843676,0.4074074074074074
week5-m4-f10-seed43,M4,43,Finland,label_count,4+,936,0.3256722114579211,0,Agro-forestry areas,0,936,,
week5-m4-f10-seed43,M4,43,Finland,label_count,4+,936,0.3256722114579211,1,Arable land,307,629,0.5486691584462585,0.5798045602605864
week5-m4-f10-seed43,M4,43,Finland,label_count,4+,936,0.3256722114579211,2,"Beaches, dunes, sands",0,936,,
week5-m4-f10-seed43,M4,43,Finland,label_count,4+,936,0.3256722114579211,3,Broad-leaved forest,161,775,0.2173417528917305,0.7639751552795031
week5-m4-f10-seed43,M4,43,Finland,label_count,4+,936,0.3256722114579211,4,Coastal wetlands,9,927,0.050030975442961007,0.0
week5-m4-f10-seed43,M4,43,Finland,label_count,4+,936,0.3256722114579211,5,Complex cultivation patterns,14,922,0.009122831883834196,0.0
week5-m4-f10-seed43,M4,43,Finland,label_count,4+,936,0.3256722114579211,6,Coniferous forest,844,92,0.9278820928785281,0.5343601895734598
week5-m4-f10-seed43,M4,43,Finland,label_count,4+,936,0.3256722114579211,7,Industrial or commercial units,19,917,0.09595168006680563,0.05263157894736842
week5-m4-f10-seed43,M4,43,Finland,label_count,4+,936,0.3256722114579211,8,Inland waters,447,489,0.6428313020088833,0.17002237136465326
week5-m4-f10-seed43,M4,43,Finland,label_count,4+,936,0.3256722114579211,9,Inland wetlands,201,735,0.21102471538923684,0.004975124378109453
week5-m4-f10-seed43,M4,43,Finland,label_count,4+,936,0.3256722114579211,10,"Land principally occupied by agriculture, with significant areas of natural vegetation",432,504,0.6305828775864198,0.3333333333333333
week5-m4-f10-seed43,M4,43,Finland,label_count,4+,936,0.3256722114579211,11,Marine waters,30,906,0.05331962639284666,0.0
week5-m4-f10-seed43,M4,43,Finland,label_count,4+,936,0.3256722114579211,12,Mixed forest,835,101,0.9197780480999151,0.49700598802395207
week5-m4-f10-seed43,M4,43,Finland,label_count,4+,936,0.3256722114579211,13,"Moors, heathland and sclerophyllous vegetation",14,922,0.008981766454367105,0.0
week5-m4-f10-seed43,M4,43,Finland,label_count,4+,936,0.3256722114579211,14,Natural grassland and sparsely vegetated areas,1,935,0.0016207455429497568,0.0
week5-m4-f10-seed43,M4,43,Finland,label_count,4+,936,0.3256722114579211,15,Pastures,3,933,0.00514895403553881,0.3333333333333333
week5-m4-f10-seed43,M4,43,Finland,label_count,4+,936,0.3256722114579211,16,Permanent crops,1,935,0.05555555555555555,0.0
week5-m4-f10-seed43,M4,43,Finland,label_count,4+,936,0.3256722114579211,17,"Transitional woodland, shrub",606,330,0.6892393500013727,0.2524752475247525
week5-m4-f10-seed43,M4,43,Finland,label_count,4+,936,0.3256722114579211,18,Urban fabric,82,854,0.1937049260924944,0.2926829268292683
week5-m4-f10-seed43,M4,43,Finland,quarter,Q1,320,0.36115320285225644,0,Agro-forestry areas,0,320,,
week5-m4-f10-seed43,M4,43,Finland,quarter,Q1,320,0.36115320285225644,1,Arable land,20,300,0.10608460313603738,0.0
week5-m4-f10-seed43,M4,43,Finland,quarter,Q1,320,0.36115320285225644,2,"Beaches, dunes, sands",0,320,,
week5-m4-f10-seed43,M4,43,Finland,quarter,Q1,320,0.36115320285225644,3,Broad-leaved forest,22,298,0.29025484918659233,1.0
week5-m4-f10-seed43,M4,43,Finland,quarter,Q1,320,0.36115320285225644,4,Coastal wetlands,0,320,,
week5-m4-f10-seed43,M4,43,Finland,quarter,Q1,320,0.36115320285225644,5,Complex cultivation patterns,1,319,0.0033222591362126247,0.0
week5-m4-f10-seed43,M4,43,Finland,quarter,Q1,320,0.36115320285225644,6,Coniferous forest,297,23,0.9422901769652048,0.49158249158249157
week5-m4-f10-seed43,M4,43,Finland,quarter,Q1,320,0.36115320285225644,7,Industrial or commercial units,0,320,,
week5-m4-f10-seed43,M4,43,Finland,quarter,Q1,320,0.36115320285225644,8,Inland waters,62,258,0.1641336323001834,0.0
week5-m4-f10-seed43,M4,43,Finland,quarter,Q1,320,0.36115320285225644,9,Inland wetlands,9,311,0.03194170236848452,0.0
week5-m4-f10-seed43,M4,43,Finland,quarter,Q1,320,0.36115320285225644,10,"Land principally occupied by agriculture, with significant areas of natural vegetation",43,277,0.14705102148271176,0.0
week5-m4-f10-seed43,M4,43,Finland,quarter,Q1,320,0.36115320285225644,11,Marine waters,14,306,0.8034499970200847,0.7142857142857143
week5-m4-f10-seed43,M4,43,Finland,quarter,Q1,320,0.36115320285225644,12,Mixed forest,250,70,0.838596865753333,0.0
week5-m4-f10-seed43,M4,43,Finland,quarter,Q1,320,0.36115320285225644,13,"Moors, heathland and sclerophyllous vegetation",0,320,,
week5-m4-f10-seed43,M4,43,Finland,quarter,Q1,320,0.36115320285225644,14,Natural grassland and sparsely vegetated areas,0,320,,
week5-m4-f10-seed43,M4,43,Finland,quarter,Q1,320,0.36115320285225644,15,Pastures,0,320,,
week5-m4-f10-seed43,M4,43,Finland,quarter,Q1,320,0.36115320285225644,16,Permanent crops,0,320,,
week5-m4-f10-seed43,M4,43,Finland,quarter,Q1,320,0.36115320285225644,17,"Transitional woodland, shrub",138,182,0.40789778636363855,0.0
week5-m4-f10-seed43,M4,43,Finland,quarter,Q1,320,0.36115320285225644,18,Urban fabric,3,317,0.23766233766233766,0.0
week5-m4-f10-seed43,M4,43,Finland,quarter,Q2,1987,0.3081760639604482,0,Agro-forestry areas,0,1987,,
week5-m4-f10-seed43,M4,43,Finland,quarter,Q2,1987,0.3081760639604482,1,Arable land,284,1703,0.4404138632140616,0.5915492957746479
week5-m4-f10-seed43,M4,43,Finland,quarter,Q2,1987,0.3081760639604482,2,"Beaches, dunes, sands",0,1987,,
week5-m4-f10-seed43,M4,43,Finland,quarter,Q2,1987,0.3081760639604482,3,Broad-leaved forest,115,1872,0.08284025370717384,0.7652173913043478
week5-m4-f10-seed43,M4,43,Finland,quarter,Q2,1987,0.3081760639604482,4,Coastal wetlands,6,1981,0.09375979868290459,0.0
week5-m4-f10-seed43,M4,43,Finland,quarter,Q2,1987,0.3081760639604482,5,Complex cultivation patterns,20,1967,0.007626440683517399,0.0
week5-m4-f10-seed43,M4,43,Finland,quarter,Q2,1987,0.3081760639604482,6,Coniferous forest,1225,762,0.8598355392525945,0.47591836734693876
week5-m4-f10-seed43,M4,43,Finland,quarter,Q2,1987,0.3081760639604482,7,Industrial or commercial units,24,1963,0.07282795502338875,0.041666666666666664
week5-m4-f10-seed43,M4,43,Finland,quarter,Q2,1987,0.3081760639604482,8,Inland waters,520,1467,0.5016962263379388,0.18269230769230768
week5-m4-f10-seed43,M4,43,Finland,quarter,Q2,1987,0.3081760639604482,9,Inland wetlands,196,1791,0.09813920846378077,0.0
week5-m4-f10-seed43,M4,43,Finland,quarter,Q2,1987,0.3081760639604482,10,"Land principally occupied by agriculture, with significant areas of natural vegetation",358,1629,0.36507053397315725,0.3016759776536313
week5-m4-f10-seed43,M4,43,Finland,quarter,Q2,1987,0.3081760639604482,11,Marine waters,525,1462,0.724392248846071,0.5733333333333334
week5-m4-f10-seed43,M4,43,Finland,quarter,Q2,1987,0.3081760639604482,12,Mixed forest,1140,847,0.8287019950208554,0.42280701754385963
week5-m4-f10-seed43,M4,43,Finland,quarter,Q2,1987,0.3081760639604482,13,"Moors, heathland and sclerophyllous vegetation",0,1987,,
week5-m4-f10-seed43,M4,43,Finland,quarter,Q2,1987,0.3081760639604482,14,Natural grassland and sparsely vegetated areas,1,1986,0.0009182736455463728,0.0
week5-m4-f10-seed43,M4,43,Finland,quarter,Q2,1987,0.3081760639604482,15,Pastures,2,1985,0.0012224508582877565,0.0
week5-m4-f10-seed43,M4,43,Finland,quarter,Q2,1987,0.3081760639604482,16,Permanent crops,1,1986,0.043478260869565216,0.0
week5-m4-f10-seed43,M4,43,Finland,quarter,Q2,1987,0.3081760639604482,17,"Transitional woodland, shrub",749,1238,0.4404692526666421,0.2643524699599466
week5-m4-f10-seed43,M4,43,Finland,quarter,Q2,1987,0.3081760639604482,18,Urban fabric,85,1902,0.15500845684414288,0.29411764705882354
week5-m4-f10-seed43,M4,43,Finland,quarter,Q3,1441,0.3510425105061614,0,Agro-forestry areas,0,1441,,
week5-m4-f10-seed43,M4,43,Finland,quarter,Q3,1441,0.3510425105061614,1,Arable land,146,1295,0.3922500996156627,0.7123287671232876
week5-m4-f10-seed43,M4,43,Finland,quarter,Q3,1441,0.3510425105061614,2,"Beaches, dunes, sands",0,1441,,
week5-m4-f10-seed43,M4,43,Finland,quarter,Q3,1441,0.3510425105061614,3,Broad-leaved forest,79,1362,0.08196703516329341,0.7215189873417721
week5-m4-f10-seed43,M4,43,Finland,quarter,Q3,1441,0.3510425105061614,4,Coastal wetlands,4,1437,0.01058098715174984,0.0
week5-m4-f10-seed43,M4,43,Finland,quarter,Q3,1441,0.3510425105061614,5,Complex cultivation patterns,0,1441,,
week5-m4-f10-seed43,M4,43,Finland,quarter,Q3,1441,0.3510425105061614,6,Coniferous forest,1158,283,0.9531238940622305,0.5708117443868739
week5-m4-f10-seed43,M4,43,Finland,quarter,Q3,1441,0.3510425105061614,7,Industrial or commercial units,7,1434,0.2213675618203673,0.14285714285714285
week5-m4-f10-seed43,M4,43,Finland,quarter,Q3,1441,0.3510425105061614,8,Inland waters,340,1101,0.5106896998253717,0.06470588235294118
week5-m4-f10-seed43,M4,43,Finland,quarter,Q3,1441,0.3510425105061614,9,Inland wetlands,323,1118,0.25467956959076943,0.006191950464396285
week5-m4-f10-seed43,M4,43,Finland,quarter,Q3,1441,0.3510425105061614,10,"Land principally occupied by agriculture, with significant areas of natural vegetation",161,1280,0.42475710349022,0.40372670807453415
week5-m4-f10-seed43,M4,43,Finland,quarter,Q3,1441,0.3510425105061614,11,Marine waters,202,1239,0.7514609792652293,0.6336633663366337
week5-m4-f10-seed43,M4,43,Finland,quarter,Q3,1441,0.3510425105061614,12,Mixed forest,588,853,0.5502336935741114,0.7193877551020408
week5-m4-f10-seed43,M4,43,Finland,quarter,Q3,1441,0.3510425105061614,13,"Moors, heathland and sclerophyllous vegetation",26,1415,0.012221333133429322,0.0
week5-m4-f10-seed43,M4,43,Finland,quarter,Q3,1441,0.3510425105061614,14,Natural grassland and sparsely vegetated areas,1,1440,0.004032258064516129,0.0
week5-m4-f10-seed43,M4,43,Finland,quarter,Q3,1441,0.3510425105061614,15,Pastures,1,1440,0.00684931506849315,1.0
week5-m4-f10-seed43,M4,43,Finland,quarter,Q3,1441,0.3510425105061614,16,Permanent crops,0,1441,,
week5-m4-f10-seed43,M4,43,Finland,quarter,Q3,1441,0.3510425105061614,17,"Transitional woodland, shrub",652,789,0.5368837197376745,0.26993865030674846
week5-m4-f10-seed43,M4,43,Finland,quarter,Q3,1441,0.3510425105061614,18,Urban fabric,25,1416,0.21407888467489042,0.48
week5-m4-f10-seed43,M4,43,Finland,quarter,Q4,252,0.32491246883438657,0,Agro-forestry areas,0,252,,
week5-m4-f10-seed43,M4,43,Finland,quarter,Q4,252,0.32491246883438657,1,Arable land,7,245,0.025653234157646723,0.0
week5-m4-f10-seed43,M4,43,Finland,quarter,Q4,252,0.32491246883438657,2,"Beaches, dunes, sands",1,251,0.047619047619047616,0.0
week5-m4-f10-seed43,M4,43,Finland,quarter,Q4,252,0.32491246883438657,3,Broad-leaved forest,13,239,0.0688717333641825,0.5384615384615384
week5-m4-f10-seed43,M4,43,Finland,quarter,Q4,252,0.32491246883438657,4,Coastal wetlands,0,252,,
week5-m4-f10-seed43,M4,43,Finland,quarter,Q4,252,0.32491246883438657,5,Complex cultivation patterns,0,252,,
week5-m4-f10-seed43,M4,43,Finland,quarter,Q4,252,0.32491246883438657,6,Coniferous forest,96,156,0.8208032604438268,0.53125
week5-m4-f10-seed43,M4,43,Finland,quarter,Q4,252,0.32491246883438657,7,Industrial or commercial units,1,251,0.03333333333333333,0.0
week5-m4-f10-seed43,M4,43,Finland,quarter,Q4,252,0.32491246883438657,8,Inland waters,63,189,0.2522526710365353,0.015873015873015872
week5-m4-f10-seed43,M4,43,Finland,quarter,Q4,252,0.32491246883438657,9,Inland wetlands,2,250,0.00835421888053467,0.0
week5-m4-f10-seed43,M4,43,Finland,quarter,Q4,252,0.32491246883438657,10,"Land principally occupied by agriculture, with significant areas of natural vegetation",26,226,0.1973940144463558,0.11538461538461539
week5-m4-f10-seed43,M4,43,Finland,quarter,Q4,252,0.32491246883438657,11,Marine waters,151,101,0.9946537667151837,0.9271523178807947
week5-m4-f10-seed43,M4,43,Finland,quarter,Q4,252,0.32491246883438657,12,Mixed forest,104,148,0.8230706756408674,0.09615384615384616
week5-m4-f10-seed43,M4,43,Finland,quarter,Q4,252,0.32491246883438657,13,"Moors, heathland and sclerophyllous vegetation",0,252,,
week5-m4-f10-seed43,M4,43,Finland,quarter,Q4,252,0.32491246883438657,14,Natural grassland and sparsely vegetated areas,0,252,,
week5-m4-f10-seed43,M4,43,Finland,quarter,Q4,252,0.32491246883438657,15,Pastures,0,252,,
week5-m4-f10-seed43,M4,43,Finland,quarter,Q4,252,0.32491246883438657,16,Permanent crops,0,252,,
week5-m4-f10-seed43,M4,43,Finland,quarter,Q4,252,0.32491246883438657,17,"Transitional woodland, shrub",35,217,0.2504930424174405,0.11428571428571428
week5-m4-f10-seed43,M4,43,Finland,quarter,Q4,252,0.32491246883438657,18,Urban fabric,3,249,0.09915720674234606,0.0
week5-m4-f10-seed43,M4,43,Finland,country,Finland,4000,0.28808669381849805,0,Agro-forestry areas,0,4000,,
week5-m4-f10-seed43,M4,43,Finland,country,Finland,4000,0.28808669381849805,1,Arable land,457,3543,0.3948598409167714,0.5951859956236324
week5-m4-f10-seed43,M4,43,Finland,country,Finland,4000,0.28808669381849805,2,"Beaches, dunes, sands",1,3999,0.0023094688221709007,0.0
week5-m4-f10-seed43,M4,43,Finland,country,Finland,4000,0.28808669381849805,3,Broad-leaved forest,229,3771,0.07854333768348833,0.759825327510917
week5-m4-f10-seed43,M4,43,Finland,country,Finland,4000,0.28808669381849805,4,Coastal wetlands,10,3990,0.01941165407663598,0.0
week5-m4-f10-seed43,M4,43,Finland,country,Finland,4000,0.28808669381849805,5,Complex cultivation patterns,21,3979,0.003958995266561673,0.0
week5-m4-f10-seed43,M4,43,Finland,country,Finland,4000,0.28808669381849805,6,Coniferous forest,2776,1224,0.9108230029215502,0.5190922190201729
week5-m4-f10-seed43,M4,43,Finland,country,Finland,4000,0.28808669381849805,7,Industrial or commercial units,32,3968,0.09374186922202724,0.0625
week5-m4-f10-seed43,M4,43,Finland,country,Finland,4000,0.28808669381849805,8,Inland waters,985,3015,0.4637585972346998,0.11979695431472082
week5-m4-f10-seed43,M4,43,Finland,country,Finland,4000,0.28808669381849805,9,Inland wetlands,530,3470,0.16620487130373873,0.0037735849056603774
week5-m4-f10-seed43,M4,43,Finland,country,Finland,4000,0.28808669381849805,10,"Land principally occupied by agriculture, with significant areas of natural vegetation",588,3412,0.35335040234581583,0.29931972789115646
week5-m4-f10-seed43,M4,43,Finland,country,Finland,4000,0.28808669381849805,11,Marine waters,892,3108,0.803553348233145,0.649103139013453
week5-m4-f10-seed43,M4,43,Finland,country,Finland,4000,0.28808669381849805,12,Mixed forest,2082,1918,0.6755355014247412,0.43948126801152737
week5-m4-f10-seed43,M4,43,Finland,country,Finland,4000,0.28808669381849805,13,"Moors, heathland and sclerophyllous vegetation",26,3974,0.00485431037962463,0.0
week5-m4-f10-seed43,M4,43,Finland,country,Finland,4000,0.28808669381849805,14,Natural grassland and sparsely vegetated areas,2,3998,0.000996020696583611,0.0
week5-m4-f10-seed43,M4,43,Finland,country,Finland,4000,0.28808669381849805,15,Pastures,3,3997,0.002289726193001246,0.3333333333333333
week5-m4-f10-seed43,M4,43,Finland,country,Finland,4000,0.28808669381849805,16,Permanent crops,1,3999,0.03333333333333333,0.0
week5-m4-f10-seed43,M4,43,Finland,country,Finland,4000,0.28808669381849805,17,"Transitional woodland, shrub",1574,2426,0.47070096977180353,0.24015247776365947
week5-m4-f10-seed43,M4,43,Finland,country,Finland,4000,0.28808669381849805,18,Urban fabric,116,3884,0.15288297416908342,0.31896551724137934
week5-m4-f10-seed43,M4,43,Finland,source_distance,Q1,1465,0.322357683020545,0,Agro-forestry areas,0,1465,,
week5-m4-f10-seed43,M4,43,Finland,source_distance,Q1,1465,0.322357683020545,1,Arable land,54,1411,0.14345876169920507,0.18518518518518517
week5-m4-f10-seed43,M4,43,Finland,source_distance,Q1,1465,0.322357683020545,2,"Beaches, dunes, sands",1,1464,0.0041841004184100415,0.0
week5-m4-f10-seed43,M4,43,Finland,source_distance,Q1,1465,0.322357683020545,3,Broad-leaved forest,56,1409,0.08109962594966096,0.6964285714285714
week5-m4-f10-seed43,M4,43,Finland,source_distance,Q1,1465,0.322357683020545,4,Coastal wetlands,0,1465,,
week5-m4-f10-seed43,M4,43,Finland,source_distance,Q1,1465,0.322357683020545,5,Complex cultivation patterns,9,1456,0.013909199169469156,0.0
week5-m4-f10-seed43,M4,43,Finland,source_distance,Q1,1465,0.322357683020545,6,Coniferous forest,805,660,0.9381735461338725,0.5503105590062112
week5-m4-f10-seed43,M4,43,Finland,source_distance,Q1,1465,0.322357683020545,7,Industrial or commercial units,8,1457,0.3092886849173689,0.25
week5-m4-f10-seed43,M4,43,Finland,source_distance,Q1,1465,0.322357683020545,8,Inland waters,284,1181,0.27190961506574196,0.0
week5-m4-f10-seed43,M4,43,Finland,source_distance,Q1,1465,0.322357683020545,9,Inland wetlands,132,1333,0.07664781836804897,0.0
week5-m4-f10-seed43,M4,43,Finland,source_distance,Q1,1465,0.322357683020545,10,"Land principally occupied by agriculture, with significant areas of natural vegetation",107,1358,0.2062039751512781,0.1308411214953271
week5-m4-f10-seed43,M4,43,Finland,source_distance,Q1,1465,0.322357683020545,11,Marine waters,573,892,0.8884148744608794,0.9406631762652705
week5-m4-f10-seed43,M4,43,Finland,source_distance,Q1,1465,0.322357683020545,12,Mixed forest,588,877,0.6598092886640904,0.1921768707482993
week5-m4-f10-seed43,M4,43,Finland,source_distance,Q1,1465,0.322357683020545,13,"Moors, heathland and sclerophyllous vegetation",9,1456,0.005928229504770273,0.0
week5-m4-f10-seed43,M4,43,Finland,source_distance,Q1,1465,0.322357683020545,14,Natural grassland and sparsely vegetated areas,0,1465,,
week5-m4-f10-seed43,M4,43,Finland,source_distance,Q1,1465,0.322357683020545,15,Pastures,0,1465,,
week5-m4-f10-seed43,M4,43,Finland,source_distance,Q1,1465,0.322357683020545,16,Permanent crops,0,1465,,
week5-m4-f10-seed43,M4,43,Finland,source_distance,Q1,1465,0.322357683020545,17,"Transitional woodland, shrub",400,1065,0.4538753141223495,0.1525
week5-m4-f10-seed43,M4,43,Finland,source_distance,Q1,1465,0.322357683020545,18,Urban fabric,23,1442,0.1419309460603503,0.08695652173913043
week5-m4-f10-seed43,M4,43,Finland,source_distance,Q2,959,0.2611770389674691,0,Agro-forestry areas,0,959,,
week5-m4-f10-seed43,M4,43,Finland,source_distance,Q2,959,0.2611770389674691,1,Arable land,89,870,0.2865144424797801,0.4157303370786517
week5-m4-f10-seed43,M4,43,Finland,source_distance,Q2,959,0.2611770389674691,2,"Beaches, dunes, sands",0,959,,
week5-m4-f10-seed43,M4,43,Finland,source_distance,Q2,959,0.2611770389674691,3,Broad-leaved forest,53,906,0.09161792287263813,0.7358490566037735
week5-m4-f10-seed43,M4,43,Finland,source_distance,Q2,959,0.2611770389674691,4,Coastal wetlands,0,959,,
week5-m4-f10-seed43,M4,43,Finland,source_distance,Q2,959,0.2611770389674691,5,Complex cultivation patterns,8,951,0.006159344638487331,0.0
week5-m4-f10-seed43,M4,43,Finland,source_distance,Q2,959,0.2611770389674691,6,Coniferous forest,750,209,0.9046200698756653,0.45466666666666666
week5-m4-f10-seed43,M4,43,Finland,source_distance,Q2,959,0.2611770389674691,7,Industrial or commercial units,6,953,0.029401903598303653,0.0
week5-m4-f10-seed43,M4,43,Finland,source_distance,Q2,959,0.2611770389674691,8,Inland waters,204,755,0.43131443793139446,0.08333333333333333
week5-m4-f10-seed43,M4,43,Finland,source_distance,Q2,959,0.2611770389674691,9,Inland wetlands,134,825,0.16676514515335805,0.0
week5-m4-f10-seed43,M4,43,Finland,source_distance,Q2,959,0.2611770389674691,10,"Land principally occupied by agriculture, with significant areas of natural vegetation",115,844,0.3523888368012953,0.24347826086956523
week5-m4-f10-seed43,M4,43,Finland,source_distance,Q2,959,0.2611770389674691,11,Marine waters,136,823,0.44179229912267826,0.19117647058823528
week5-m4-f10-seed43,M4,43,Finland,source_distance,Q2,959,0.2611770389674691,12,Mixed forest,499,460,0.6229336662533966,0.4468937875751503
week5-m4-f10-seed43,M4,43,Finland,source_distance,Q2,959,0.2611770389674691,13,"Moors, heathland and sclerophyllous vegetation",11,948,0.010385569880930944,0.0
week5-m4-f10-seed43,M4,43,Finland,source_distance,Q2,959,0.2611770389674691,14,Natural grassland and sparsely vegetated areas,2,957,0.003715052471361051,0.0
week5-m4-f10-seed43,M4,43,Finland,source_distance,Q2,959,0.2611770389674691,15,Pastures,3,956,0.012912246702026384,0.3333333333333333
week5-m4-f10-seed43,M4,43,Finland,source_distance,Q2,959,0.2611770389674691,16,Permanent crops,0,959,,
week5-m4-f10-seed43,M4,43,Finland,source_distance,Q2,959,0.2611770389674691,17,"Transitional woodland, shrub",453,506,0.4133663071992197,0.17880794701986755
week5-m4-f10-seed43,M4,43,Finland,source_distance,Q2,959,0.2611770389674691,18,Urban fabric,20,939,0.14376833953150128,0.15
week5-m4-f10-seed43,M4,43,Finland,source_distance,Q3,616,0.3137550660419752,0,Agro-forestry areas,0,616,,
week5-m4-f10-seed43,M4,43,Finland,source_distance,Q3,616,0.3137550660419752,1,Arable land,115,501,0.4220242663121869,0.6
week5-m4-f10-seed43,M4,43,Finland,source_distance,Q3,616,0.3137550660419752,2,"Beaches, dunes, sands",0,616,,
week5-m4-f10-seed43,M4,43,Finland,source_distance,Q3,616,0.3137550660419752,3,Broad-leaved forest,41,575,0.0709603974518746,0.7560975609756098
week5-m4-f10-seed43,M4,43,Finland,source_distance,Q3,616,0.3137550660419752,4,Coastal wetlands,5,611,0.05216586698046851,0.0
week5-m4-f10-seed43,M4,43,Finland,source_distance,Q3,616,0.3137550660419752,5,Complex cultivation patterns,4,612,0.00413450863948727,0.0
week5-m4-f10-seed43,M4,43,Finland,source_distance,Q3,616,0.3137550660419752,6,Coniferous forest,486,130,0.9119483108011894,0.5781893004115226
week5-m4-f10-seed43,M4,43,Finland,source_distance,Q3,616,0.3137550660419752,7,Industrial or commercial units,2,614,0.05010570824524313,0.0
week5-m4-f10-seed43,M4,43,Finland,source_distance,Q3,616,0.3137550660419752,8,Inland waters,173,443,0.5456869925103199,0.2254335260115607
week5-m4-f10-seed43,M4,43,Finland,source_distance,Q3,616,0.3137550660419752,9,Inland wetlands,88,528,0.16439929006279863,0.011363636363636364
week5-m4-f10-seed43,M4,43,Finland,source_distance,Q3,616,0.3137550660419752,10,"Land principally occupied by agriculture, with significant areas of natural vegetation",127,489,0.42809374430365443,0.3700787401574803
week5-m4-f10-seed43,M4,43,Finland,source_distance,Q3,616,0.3137550660419752,11,Marine waters,56,560,0.36824163829480633,0.125
week5-m4-f10-seed43,M4,43,Finland,source_distance,Q3,616,0.3137550660419752,12,Mixed forest,376,240,0.7138934355450635,0.6276595744680851
week5-m4-f10-seed43,M4,43,Finland,source_distance,Q3,616,0.3137550660419752,13,"Moors, heathland and sclerophyllous vegetation",2,614,0.0033346672002134187,0.0
week5-m4-f10-seed43,M4,43,Finland,source_distance,Q3,616,0.3137550660419752,14,Natural grassland and sparsely vegetated areas,0,616,,
week5-m4-f10-seed43,M4,43,Finland,source_distance,Q3,616,0.3137550660419752,15,Pastures,0,616,,
week5-m4-f10-seed43,M4,43,Finland,source_distance,Q3,616,0.3137550660419752,16,Permanent crops,1,615,0.07692307692307693,0.0
week5-m4-f10-seed43,M4,43,Finland,source_distance,Q3,616,0.3137550660419752,17,"Transitional woodland, shrub",284,332,0.5056242082805423,0.3028169014084507
week5-m4-f10-seed43,M4,43,Finland,source_distance,Q3,616,0.3137550660419752,18,Urban fabric,27,589,0.12720068001719528,0.4074074074074074
week5-m4-f10-seed43,M4,43,Finland,source_distance,Q4,960,0.3863676648110659,0,Agro-forestry areas,0,960,,
week5-m4-f10-seed43,M4,43,Finland,source_distance,Q4,960,0.3863676648110659,1,Arable land,199,761,0.48287660526263854,0.7839195979899497
week5-m4-f10-seed43,M4,43,Finland,source_distance,Q4,960,0.3863676648110659,2,"Beaches, dunes, sands",0,960,,
week5-m4-f10-seed43,M4,43,Finland,source_distance,Q4,960,0.3863676648110659,3,Broad-leaved forest,79,881,0.09029319080180856,0.8227848101265823
week5-m4-f10-seed43,M4,43,Finland,source_distance,Q4,960,0.3863676648110659,4,Coastal wetlands,5,955,0.01812549015491651,0.0
week5-m4-f10-seed43,M4,43,Finland,source_distance,Q4,960,0.3863676648110659,5,Complex cultivation patterns,0,960,,
week5-m4-f10-seed43,M4,43,Finland,source_distance,Q4,960,0.3863676648110659,6,Coniferous forest,735,225,0.8884547284002936,0.5115646258503401
week5-m4-f10-seed43,M4,43,Finland,source_distance,Q4,960,0.3863676648110659,7,Industrial or commercial units,16,944,0.04725634993102022,0.0
week5-m4-f10-seed43,M4,43,Finland,source_distance,Q4,960,0.3863676648110659,8,Inland waters,324,636,0.5543472588872557,0.19135802469135801
week5-m4-f10-seed43,M4,43,Finland,source_distance,Q4,960,0.3863676648110659,9,Inland wetlands,176,784,0.22125690708650458,0.005681818181818182
week5-m4-f10-seed43,M4,43,Finland,source_distance,Q4,960,0.3863676648110659,10,"Land principally occupied by agriculture, with significant areas of natural vegetation",239,721,0.3848749127957258,0.36401673640167365
week5-m4-f10-seed43,M4,43,Finland,source_distance,Q4,960,0.3863676648110659,11,Marine waters,127,833,0.5145965034571851,0.05511811023622047
week5-m4-f10-seed43,M4,43,Finland,source_distance,Q4,960,0.3863676648110659,12,Mixed forest,619,341,0.7115189680437886,0.5541195476575121
week5-m4-f10-seed43,M4,43,Finland,source_distance,Q4,960,0.3863676648110659,13,"Moors, heathland and sclerophyllous vegetation",4,956,0.003099841976685548,0.0
week5-m4-f10-seed43,M4,43,Finland,source_distance,Q4,960,0.3863676648110659,14,Natural grassland and sparsely vegetated areas,0,960,,
week5-m4-f10-seed43,M4,43,Finland,source_distance,Q4,960,0.3863676648110659,15,Pastures,0,960,,
week5-m4-f10-seed43,M4,43,Finland,source_distance,Q4,960,0.3863676648110659,16,Permanent crops,0,960,,
week5-m4-f10-seed43,M4,43,Finland,source_distance,Q4,960,0.3863676648110659,17,"Transitional woodland, shrub",437,523,0.5532053624958714,0.34324942791762014
week5-m4-f10-seed43,M4,43,Finland,source_distance,Q4,960,0.3863676648110659,18,Urban fabric,46,914,0.18463134859401284,0.45652173913043476
week5-m4-f10-seed43,M4,43,Portugal,label_count,1,599,0.23037842607457357,0,Agro-forestry areas,44,555,0.21527958932639848,0.0
week5-m4-f10-seed43,M4,43,Portugal,label_count,1,599,0.23037842607457357,1,Arable land,63,536,0.5843217238816981,0.9841269841269841
week5-m4-f10-seed43,M4,43,Portugal,label_count,1,599,0.23037842607457357,2,"Beaches, dunes, sands",0,599,,
week5-m4-f10-seed43,M4,43,Portugal,label_count,1,599,0.23037842607457357,3,Broad-leaved forest,28,571,0.16350181476308753,0.42857142857142855
week5-m4-f10-seed43,M4,43,Portugal,label_count,1,599,0.23037842607457357,4,Coastal wetlands,2,597,0.011755233494363929,0.0
week5-m4-f10-seed43,M4,43,Portugal,label_count,1,599,0.23037842607457357,5,Complex cultivation patterns,3,596,0.015049340459176525,0.0
week5-m4-f10-seed43,M4,43,Portugal,label_count,1,599,0.23037842607457357,6,Coniferous forest,1,598,0.02564102564102564,0.0
week5-m4-f10-seed43,M4,43,Portugal,label_count,1,599,0.23037842607457357,7,Industrial or commercial units,0,599,,
week5-m4-f10-seed43,M4,43,Portugal,label_count,1,599,0.23037842607457357,8,Inland waters,0,599,,
week5-m4-f10-seed43,M4,43,Portugal,label_count,1,599,0.23037842607457357,9,Inland wetlands,0,599,,
week5-m4-f10-seed43,M4,43,Portugal,label_count,1,599,0.23037842607457357,10,"Land principally occupied by agriculture, with significant areas of natural vegetation",2,597,0.013745866792631081,0.5
week5-m4-f10-seed43,M4,43,Portugal,label_count,1,599,0.23037842607457357,11,Marine waters,416,183,0.999959660660828,0.9903846153846154
week5-m4-f10-seed43,M4,43,Portugal,label_count,1,599,0.23037842607457357,12,Mixed forest,6,593,0.07588274198568316,0.16666666666666666
week5-m4-f10-seed43,M4,43,Portugal,label_count,1,599,0.23037842607457357,13,"Moors, heathland and sclerophyllous vegetation",8,591,0.37371480546835995,0.0
week5-m4-f10-seed43,M4,43,Portugal,label_count,1,599,0.23037842607457357,14,Natural grassland and sparsely vegetated areas,0,599,,
week5-m4-f10-seed43,M4,43,Portugal,label_count,1,599,0.23037842607457357,15,Pastures,1,598,0.05,1.0
week5-m4-f10-seed43,M4,43,Portugal,label_count,1,599,0.23037842607457357,16,Permanent crops,10,589,0.08188452140852752,0.0
week5-m4-f10-seed43,M4,43,Portugal,label_count,1,599,0.23037842607457357,17,"Transitional woodland, shrub",15,584,0.1504611857592916,0.4
week5-m4-f10-seed43,M4,43,Portugal,label_count,1,599,0.23037842607457357,18,Urban fabric,0,599,,
week5-m4-f10-seed43,M4,43,Portugal,label_count,2,772,0.23730331685146444,0,Agro-forestry areas,241,531,0.2412745766970696,0.0
week5-m4-f10-seed43,M4,43,Portugal,label_count,2,772,0.23730331685146444,1,Arable land,282,490,0.5419193899328154,0.9219858156028369
week5-m4-f10-seed43,M4,43,Portugal,label_count,2,772,0.23730331685146444,2,"Beaches, dunes, sands",8,764,0.29461913388543826,0.0
week5-m4-f10-seed43,M4,43,Portugal,label_count,2,772,0.23730331685146444,3,Broad-leaved forest,235,537,0.3238699646929302,0.5702127659574469
week5-m4-f10-seed43,M4,43,Portugal,label_count,2,772,0.23730331685146444,4,Coastal wetlands,7,765,0.009391716147240655,0.0
week5-m4-f10-seed43,M4,43,Portugal,label_count,2,772,0.23730331685146444,5,Complex cultivation patterns,66,706,0.09303696683122234,0.5454545454545454
week5-m4-f10-seed43,M4,43,Portugal,label_count,2,772,0.23730331685146444,6,Coniferous forest,35,737,0.06281437671612,0.11428571428571428
week5-m4-f10-seed43,M4,43,Portugal,label_count,2,772,0.23730331685146444,7,Industrial or commercial units,7,765,0.18165162416523434,0.0
week5-m4-f10-seed43,M4,43,Portugal,label_count,2,772,0.23730331685146444,8,Inland waters,13,759,0.048768244210211906,0.0
week5-m4-f10-seed43,M4,43,Portugal,label_count,2,772,0.23730331685146444,9,Inland wetlands,0,772,,
week5-m4-f10-seed43,M4,43,Portugal,label_count,2,772,0.23730331685146444,10,"Land principally occupied by agriculture, with significant areas of natural vegetation",45,727,0.10622126162055034,0.7111111111111111
week5-m4-f10-seed43,M4,43,Portugal,label_count,2,772,0.23730331685146444,11,Marine waters,23,749,0.8526970783865204,0.6521739130434783
week5-m4-f10-seed43,M4,43,Portugal,label_count,2,772,0.23730331685146444,12,Mixed forest,40,732,0.11484776700473816,0.25
week5-m4-f10-seed43,M4,43,Portugal,label_count,2,772,0.23730331685146444,13,"Moors, heathland and sclerophyllous vegetation",61,711,0.15548666141561535,0.03278688524590164
week5-m4-f10-seed43,M4,43,Portugal,label_count,2,772,0.23730331685146444,14,Natural grassland and sparsely vegetated areas,0,772,,
week5-m4-f10-seed43,M4,43,Portugal,label_count,2,772,0.23730331685146444,15,Pastures,79,693,0.17427547660590614,0.27848101265822783
week5-m4-f10-seed43,M4,43,Portugal,label_count,2,772,0.23730331685146444,16,Permanent crops,147,625,0.2676342257870788,0.02040816326530612
week5-m4-f10-seed43,M4,43,Portugal,label_count,2,772,0.23730331685146444,17,"Transitional woodland, shrub",240,532,0.3724378616658528,0.21666666666666667
week5-m4-f10-seed43,M4,43,Portugal,label_count,2,772,0.23730331685146444,18,Urban fabric,15,757,0.026585536885706137,0.26666666666666666
week5-m4-f10-seed43,M4,43,Portugal,label_count,3,1160,0.24852011401659133,0,Agro-forestry areas,466,694,0.3144937450521983,0.0
week5-m4-f10-seed43,M4,43,Portugal,label_count,3,1160,0.24852011401659133,1,Arable land,498,662,0.5849908988929572,0.8313253012048193
week5-m4-f10-seed43,M4,43,Portugal,label_count,3,1160,0.24852011401659133,2,"Beaches, dunes, sands",11,1149,0.3250383145119987,0.0
week5-m4-f10-seed43,M4,43,Portugal,label_count,3,1160,0.24852011401659133,3,Broad-leaved forest,505,655,0.4493481110864778,0.5643564356435643
week5-m4-f10-seed43,M4,43,Portugal,label_count,3,1160,0.24852011401659133,4,Coastal wetlands,10,1150,0.028262321083323976,0.0
week5-m4-f10-seed43,M4,43,Portugal,label_count,3,1160,0.24852011401659133,5,Complex cultivation patterns,182,978,0.15239349417110626,0.5439560439560439
week5-m4-f10-seed43,M4,43,Portugal,label_count,3,1160,0.24852011401659133,6,Coniferous forest,92,1068,0.10961061386998376,0.2391304347826087
week5-m4-f10-seed43,M4,43,Portugal,label_count,3,1160,0.24852011401659133,7,Industrial or commercial units,12,1148,0.06933712244273124,0.08333333333333333
week5-m4-f10-seed43,M4,43,Portugal,label_count,3,1160,0.24852011401659133,8,Inland waters,55,1105,0.21531622643907053,0.12727272727272726
week5-m4-f10-seed43,M4,43,Portugal,label_count,3,1160,0.24852011401659133,9,Inland wetlands,1,1159,0.005050505050505051,0.0
week5-m4-f10-seed43,M4,43,Portugal,label_count,3,1160,0.24852011401659133,10,"Land principally occupied by agriculture, with significant areas of natural vegetation",198,962,0.1895160734470198,0.5202020202020202
week5-m4-f10-seed43,M4,43,Portugal,label_count,3,1160,0.24852011401659133,11,Marine waters,21,1139,0.5826988751520935,0.3333333333333333
week5-m4-f10-seed43,M4,43,Portugal,label_count,3,1160,0.24852011401659133,12,Mixed forest,143,1017,0.17413853362930964,0.20279720279720279
week5-m4-f10-seed43,M4,43,Portugal,label_count,3,1160,0.24852011401659133,13,"Moors, heathland and sclerophyllous vegetation",186,974,0.2493409046294811,0.043010752688172046
week5-m4-f10-seed43,M4,43,Portugal,label_count,3,1160,0.24852011401659133,14,Natural grassland and sparsely vegetated areas,11,1149,0.01793429167606894,0.36363636363636365
week5-m4-f10-seed43,M4,43,Portugal,label_count,3,1160,0.24852011401659133,15,Pastures,176,984,0.2406616062160141,0.32386363636363635
week5-m4-f10-seed43,M4,43,Portugal,label_count,3,1160,0.24852011401659133,16,Permanent crops,294,866,0.30499123386321386,0.0
week5-m4-f10-seed43,M4,43,Portugal,label_count,3,1160,0.24852011401659133,17,"Transitional woodland, shrub",570,590,0.559908241441719,0.17017543859649123
week5-m4-f10-seed43,M4,43,Portugal,label_count,3,1160,0.24852011401659133,18,Urban fabric,49,1111,0.07108509225770947,0.3673469387755102
week5-m4-f10-seed43,M4,43,Portugal,label_count,4+,1469,0.3162293971850273,0,Agro-forestry areas,657,812,0.34935608136149343,0.0
week5-m4-f10-seed43,M4,43,Portugal,label_count,4+,1469,0.3162293971850273,1,Arable land,803,666,0.6360710064713793,0.7808219178082192
week5-m4-f10-seed43,M4,43,Portugal,label_count,4+,1469,0.3162293971850273,2,"Beaches, dunes, sands",27,1442,0.11841774470671806,0.0
week5-m4-f10-seed43,M4,43,Portugal,label_count,4+,1469,0.3162293971850273,3,Broad-leaved forest,820,649,0.5735147365179868,0.5170731707317073
week5-m4-f10-seed43,M4,43,Portugal,label_count,4+,1469,0.3162293971850273,4,Coastal wetlands,26,1443,0.03240787416471157,0.0
week5-m4-f10-seed43,M4,43,Portugal,label_count,4+,1469,0.3162293971850273,5,Complex cultivation patterns,565,904,0.35844789672640626,0.5646017699115045
week5-m4-f10-seed43,M4,43,Portugal,label_count,4+,1469,0.3162293971850273,6,Coniferous forest,257,1212,0.23801275527032878,0.3035019455252918
week5-m4-f10-seed43,M4,43,Portugal,label_count,4+,1469,0.3162293971850273,7,Industrial or commercial units,76,1393,0.18981401094859765,0.13157894736842105
week5-m4-f10-seed43,M4,43,Portugal,label_count,4+,1469,0.3162293971850273,8,Inland waters,138,1331,0.22434131696621382,0.10869565217391304
week5-m4-f10-seed43,M4,43,Portugal,label_count,4+,1469,0.3162293971850273,9,Inland wetlands,3,1466,0.02519674294209621,0.0
week5-m4-f10-seed43,M4,43,Portugal,label_count,4+,1469,0.3162293971850273,10,"Land principally occupied by agriculture, with significant areas of natural vegetation",518,951,0.35447685398589335,0.49034749034749037
week5-m4-f10-seed43,M4,43,Portugal,label_count,4+,1469,0.3162293971850273,11,Marine waters,38,1431,0.3392306155564046,0.07894736842105263
week5-m4-f10-seed43,M4,43,Portugal,label_count,4+,1469,0.3162293971850273,12,Mixed forest,398,1071,0.32564589683684675,0.1407035175879397
week5-m4-f10-seed43,M4,43,Portugal,label_count,4+,1469,0.3162293971850273,13,"Moors, heathland and sclerophyllous vegetation",252,1217,0.21167746028804002,0.03571428571428571
week5-m4-f10-seed43,M4,43,Portugal,label_count,4+,1469,0.3162293971850273,14,Natural grassland and sparsely vegetated areas,39,1430,0.021880710765485988,0.07692307692307693
week5-m4-f10-seed43,M4,43,Portugal,label_count,4+,1469,0.3162293971850273,15,Pastures,323,1146,0.23201832959253968,0.24148606811145512
week5-m4-f10-seed43,M4,43,Portugal,label_count,4+,1469,0.3162293971850273,16,Permanent crops,512,957,0.355820365409931,0.0
week5-m4-f10-seed43,M4,43,Portugal,label_count,4+,1469,0.3162293971850273,17,"Transitional woodland, shrub",927,542,0.7258348082992272,0.14778856526429343
week5-m4-f10-seed43,M4,43,Portugal,label_count,4+,1469,0.3162293971850273,18,Urban fabric,261,1208,0.24768684838305932,0.5172413793103449
week5-m4-f10-seed43,M4,43,Portugal,quarter,Q1,803,0.32418016912821873,0,Agro-forestry areas,289,514,0.35244888460265544,0.0
week5-m4-f10-seed43,M4,43,Portugal,quarter,Q1,803,0.32418016912821873,1,Arable land,335,468,0.672836883644283,0.9880597014925373
week5-m4-f10-seed43,M4,43,Portugal,quarter,Q1,803,0.32418016912821873,2,"Beaches, dunes, sands",7,796,0.08808895173459444,0.0
week5-m4-f10-seed43,M4,43,Portugal,quarter,Q1,803,0.32418016912821873,3,Broad-leaved forest,289,514,0.6056476091986006,0.6539792387543253
week5-m4-f10-seed43,M4,43,Portugal,quarter,Q1,803,0.32418016912821873,4,Coastal wetlands,9,794,0.02108075502765546,0.0
week5-m4-f10-seed43,M4,43,Portugal,quarter,Q1,803,0.32418016912821873,5,Complex cultivation patterns,133,670,0.23410246451139455,0.7669172932330827
week5-m4-f10-seed43,M4,43,Portugal,quarter,Q1,803,0.32418016912821873,6,Coniferous forest,54,749,0.09266375152961091,0.07407407407407407
week5-m4-f10-seed43,M4,43,Portugal,quarter,Q1,803,0.32418016912821873,7,Industrial or commercial units,14,789,0.16253758766064802,0.21428571428571427
week5-m4-f10-seed43,M4,43,Portugal,quarter,Q1,803,0.32418016912821873,8,Inland waters,35,768,0.2991411931082366,0.2571428571428571
week5-m4-f10-seed43,M4,43,Portugal,quarter,Q1,803,0.32418016912821873,9,Inland wetlands,1,802,0.0033112582781456954,0.0
week5-m4-f10-seed43,M4,43,Portugal,quarter,Q1,803,0.32418016912821873,10,"Land principally occupied by agriculture, with significant areas of natural vegetation",147,656,0.2899285188214154,0.5918367346938775
week5-m4-f10-seed43,M4,43,Portugal,quarter,Q1,803,0.32418016912821873,11,Marine waters,140,663,0.9782440604999577,0.9071428571428571
week5-m4-f10-seed43,M4,43,Portugal,quarter,Q1,803,0.32418016912821873,12,Mixed forest,61,742,0.08217459023324244,0.13114754098360656
week5-m4-f10-seed43,M4,43,Portugal,quarter,Q1,803,0.32418016912821873,13,"Moors, heathland and sclerophyllous vegetation",150,653,0.4098728979834292,0.0
week5-m4-f10-seed43,M4,43,Portugal,quarter,Q1,803,0.32418016912821873,14,Natural grassland and sparsely vegetated areas,4,799,0.006114034315736299,0.0
week5-m4-f10-seed43,M4,43,Portugal,quarter,Q1,803,0.32418016912821873,15,Pastures,128,675,0.28722554252931076,0.546875
week5-m4-f10-seed43,M4,43,Portugal,quarter,Q1,803,0.32418016912821873,16,Permanent crops,165,638,0.3676572922654635,0.006060606060606061
week5-m4-f10-seed43,M4,43,Portugal,quarter,Q1,803,0.32418016912821873,17,"Transitional woodland, shrub",334,469,0.5316216006355898,0.2874251497005988
week5-m4-f10-seed43,M4,43,Portugal,quarter,Q1,803,0.32418016912821873,18,Urban fabric,47,756,0.1638034208364357,0.6808510638297872
week5-m4-f10-seed43,M4,43,Portugal,quarter,Q2,654,0.35560559322170693,0,Agro-forestry areas,275,379,0.3547863991773404,0.0
week5-m4-f10-seed43,M4,43,Portugal,quarter,Q2,654,0.35560559322170693,1,Arable land,286,368,0.6058963027498028,1.0
week5-m4-f10-seed43,M4,43,Portugal,quarter,Q2,654,0.35560559322170693,2,"Beaches, dunes, sands",6,648,0.09905287625170754,0.0
week5-m4-f10-seed43,M4,43,Portugal,quarter,Q2,654,0.35560559322170693,3,Broad-leaved forest,282,372,0.4529507432521899,0.24113475177304963
week5-m4-f10-seed43,M4,43,Portugal,quarter,Q2,654,0.35560559322170693,4,Coastal wetlands,2,652,0.01262884569989771,0.0
week5-m4-f10-seed43,M4,43,Portugal,quarter,Q2,654,0.35560559322170693,5,Complex cultivation patterns,139,515,0.20195057683828127,0.6330935251798561
week5-m4-f10-seed43,M4,43,Portugal,quarter,Q2,654,0.35560559322170693,6,Coniferous forest,86,568,0.24797070777768979,0.11627906976744186
week5-m4-f10-seed43,M4,43,Portugal,quarter,Q2,654,0.35560559322170693,7,Industrial or commercial units,24,630,0.2861539017789505,0.2916666666666667
week5-m4-f10-seed43,M4,43,Portugal,quarter,Q2,654,0.35560559322170693,8,Inland waters,43,611,0.38765624016525446,0.20930232558139536
week5-m4-f10-seed43,M4,43,Portugal,quarter,Q2,654,0.35560559322170693,9,Inland wetlands,0,654,,
week5-m4-f10-seed43,M4,43,Portugal,quarter,Q2,654,0.35560559322170693,10,"Land principally occupied by agriculture, with significant areas of natural vegetation",110,544,0.306133428060966,0.45454545454545453
week5-m4-f10-seed43,M4,43,Portugal,quarter,Q2,654,0.35560559322170693,11,Marine waters,42,612,0.9041470288985517,0.8571428571428571
week5-m4-f10-seed43,M4,43,Portugal,quarter,Q2,654,0.35560559322170693,12,Mixed forest,145,509,0.3237302033150211,0.05517241379310345
week5-m4-f10-seed43,M4,43,Portugal,quarter,Q2,654,0.35560559322170693,13,"Moors, heathland and sclerophyllous vegetation",38,616,0.14874806734582083,0.0
week5-m4-f10-seed43,M4,43,Portugal,quarter,Q2,654,0.35560559322170693,14,Natural grassland and sparsely vegetated areas,12,642,0.06274485458706693,0.0
week5-m4-f10-seed43,M4,43,Portugal,quarter,Q2,654,0.35560559322170693,15,Pastures,120,534,0.2889439938324797,0.6583333333333333
week5-m4-f10-seed43,M4,43,Portugal,quarter,Q2,654,0.35560559322170693,16,Permanent crops,188,466,0.37206706281898144,0.005319148936170213
week5-m4-f10-seed43,M4,43,Portugal,quarter,Q2,654,0.35560559322170693,17,"Transitional woodland, shrub",272,382,0.577695045122356,0.06985294117647059
week5-m4-f10-seed43,M4,43,Portugal,quarter,Q2,654,0.35560559322170693,18,Urban fabric,70,584,0.16729574178219098,0.7571428571428571
week5-m4-f10-seed43,M4,43,Portugal,quarter,Q3,668,0.276543294094971,0,Agro-forestry areas,288,380,0.3792315293130948,0.0
week5-m4-f10-seed43,M4,43,Portugal,quarter,Q3,668,0.276543294094971,1,Arable land,304,364,0.5601743229544366,1.0
week5-m4-f10-seed43,M4,43,Portugal,quarter,Q3,668,0.276543294094971,2,"Beaches, dunes, sands",9,659,0.17137271809412782,0.0
week5-m4-f10-seed43,M4,43,Portugal,quarter,Q3,668,0.276543294094971,3,Broad-leaved forest,275,393,0.3384556515359523,0.24363636363636362
week5-m4-f10-seed43,M4,43,Portugal,quarter,Q3,668,0.276543294094971,4,Coastal wetlands,8,660,0.11938933114798114,0.0
week5-m4-f10-seed43,M4,43,Portugal,quarter,Q3,668,0.276543294094971,5,Complex cultivation patterns,161,507,0.22716640568273788,0.4906832298136646
week5-m4-f10-seed43,M4,43,Portugal,quarter,Q3,668,0.276543294094971,6,Coniferous forest,79,589,0.2260941736464553,0.0759493670886076
week5-m4-f10-seed43,M4,43,Portugal,quarter,Q3,668,0.276543294094971,7,Industrial or commercial units,16,652,0.08547504567121116,0.0
week5-m4-f10-seed43,M4,43,Portugal,quarter,Q3,668,0.276543294094971,8,Inland waters,43,625,0.19438093649239507,0.06976744186046512
week5-m4-f10-seed43,M4,43,Portugal,quarter,Q3,668,0.276543294094971,9,Inland wetlands,1,667,0.25,0.0
week5-m4-f10-seed43,M4,43,Portugal,quarter,Q3,668,0.276543294094971,10,"Land principally occupied by agriculture, with significant areas of natural vegetation",111,557,0.1993352870959709,0.5405405405405406
week5-m4-f10-seed43,M4,43,Portugal,quarter,Q3,668,0.276543294094971,11,Marine waters,48,620,0.952233440662869,0.7916666666666666
week5-m4-f10-seed43,M4,43,Portugal,quarter,Q3,668,0.276543294094971,12,Mixed forest,134,534,0.25683326045425636,0.0
week5-m4-f10-seed43,M4,43,Portugal,quarter,Q3,668,0.276543294094971,13,"Moors, heathland and sclerophyllous vegetation",37,631,0.09981962873266333,0.0
week5-m4-f10-seed43,M4,43,Portugal,quarter,Q3,668,0.276543294094971,14,Natural grassland and sparsely vegetated areas,10,658,0.016360774855074527,0.0
week5-m4-f10-seed43,M4,43,Portugal,quarter,Q3,668,0.276543294094971,15,Pastures,114,554,0.12251506648049187,0.017543859649122806
week5-m4-f10-seed43,M4,43,Portugal,quarter,Q3,668,0.276543294094971,16,Permanent crops,198,470,0.2773857145823895,0.005050505050505051
week5-m4-f10-seed43,M4,43,Portugal,quarter,Q3,668,0.276543294094971,17,"Transitional woodland, shrub",260,408,0.4948441074808868,0.07692307692307693
week5-m4-f10-seed43,M4,43,Portugal,quarter,Q3,668,0.276543294094971,18,Urban fabric,62,606,0.12361888919174564,0.5645161290322581
week5-m4-f10-seed43,M4,43,Portugal,quarter,Q4,1875,0.2806362098771943,0,Agro-forestry areas,556,1319,0.24803047291884367,0.0
week5-m4-f10-seed43,M4,43,Portugal,quarter,Q4,1875,0.2806362098771943,1,Arable land,721,1154,0.6502932982540258,0.6130374479889042
week5-m4-f10-seed43,M4,43,Portugal,quarter,Q4,1875,0.2806362098771943,2,"Beaches, dunes, sands",24,1851,0.1293408567127863,0.0
week5-m4-f10-seed43,M4,43,Portugal,quarter,Q4,1875,0.2806362098771943,3,Broad-leaved forest,742,1133,0.4336794487644529,0.715633423180593
week5-m4-f10-seed43,M4,43,Portugal,quarter,Q4,1875,0.2806362098771943,4,Coastal wetlands,26,1849,0.03841693102929699,0.0
week5-m4-f10-seed43,M4,43,Portugal,quarter,Q4,1875,0.2806362098771943,5,Complex cultivation patterns,383,1492,0.2317098982567783,0.4830287206266319
week5-m4-f10-seed43,M4,43,Portugal,quarter,Q4,1875,0.2806362098771943,6,Coniferous forest,166,1709,0.17596744215481377,0.5060240963855421
week5-m4-f10-seed43,M4,43,Portugal,quarter,Q4,1875,0.2806362098771943,7,Industrial or commercial units,41,1834,0.09951604679462642,0.024390243902439025
week5-m4-f10-seed43,M4,43,Portugal,quarter,Q4,1875,0.2806362098771943,8,Inland waters,85,1790,0.05900617808560259,0.011764705882352941
week5-m4-f10-seed43,M4,43,Portugal,quarter,Q4,1875,0.2806362098771943,9,Inland wetlands,2,1873,0.0010529724448884047,0.0
week5-m4-f10-seed43,M4,43,Portugal,quarter,Q4,1875,0.2806362098771943,10,"Land principally occupied by agriculture, with significant areas of natural vegetation",395,1480,0.21257625914435896,0.48860759493670886
week5-m4-f10-seed43,M4,43,Portugal,quarter,Q4,1875,0.2806362098771943,11,Marine waters,268,1607,0.9784132595147768,0.8805970149253731
week5-m4-f10-seed43,M4,43,Portugal,quarter,Q4,1875,0.2806362098771943,12,Mixed forest,247,1628,0.291831066263041,0.32388663967611336
week5-m4-f10-seed43,M4,43,Portugal,quarter,Q4,1875,0.2806362098771943,13,"Moors, heathland and sclerophyllous vegetation",282,1593,0.20544604806301153,0.0673758865248227
week5-m4-f10-seed43,M4,43,Portugal,quarter,Q4,1875,0.2806362098771943,14,Natural grassland and sparsely vegetated areas,24,1851,0.0133717624651083,0.2916666666666667
week5-m4-f10-seed43,M4,43,Portugal,quarter,Q4,1875,0.2806362098771943,15,Pastures,217,1658,0.10393923244602776,0.03225806451612903
week5-m4-f10-seed43,M4,43,Portugal,quarter,Q4,1875,0.2806362098771943,16,Permanent crops,412,1463,0.2764646240370089,0.0
week5-m4-f10-seed43,M4,43,Portugal,quarter,Q4,1875,0.2806362098771943,17,"Transitional woodland, shrub",886,989,0.5698191178095177,0.17720090293453725
week5-m4-f10-seed43,M4,43,Portugal,quarter,Q4,1875,0.2806362098771943,18,Urban fabric,146,1729,0.1870927035370694,0.2534246575342466
week5-m4-f10-seed43,M4,43,Portugal,country,Portugal,4000,0.2835379554169657,0,Agro-forestry areas,1408,2592,0.31055282522601163,0.0
week5-m4-f10-seed43,M4,43,Portugal,country,Portugal,4000,0.2835379554169657,1,Arable land,1646,2354,0.5852389834218865,0.8280680437424058
week5-m4-f10-seed43,M4,43,Portugal,country,Portugal,4000,0.2835379554169657,2,"Beaches, dunes, sands",46,3954,0.09252319677990133,0.0
week5-m4-f10-seed43,M4,43,Portugal,country,Portugal,4000,0.2835379554169657,3,Broad-leaved forest,1588,2412,0.4507776891279698,0.5384130982367759
week5-m4-f10-seed43,M4,43,Portugal,country,Portugal,4000,0.2835379554169657,4,Coastal wetlands,45,3955,0.021645035905178484,0.0
week5-m4-f10-seed43,M4,43,Portugal,country,Portugal,4000,0.2835379554169657,5,Complex cultivation patterns,816,3184,0.21872040308699314,0.5563725490196079
week5-m4-f10-seed43,M4,43,Portugal,country,Portugal,4000,0.2835379554169657,6,Coniferous forest,385,3615,0.15593528677307486,0.2701298701298701
week5-m4-f10-seed43,M4,43,Portugal,country,Portugal,4000,0.2835379554169657,7,Industrial or commercial units,95,3905,0.13129113265874337,0.11578947368421053
week5-m4-f10-seed43,M4,43,Portugal,country,Portugal,4000,0.2835379554169657,8,Inland waters,206,3794,0.16209018496817326,0.10679611650485436
week5-m4-f10-seed43,M4,43,Portugal,country,Portugal,4000,0.2835379554169657,9,Inland wetlands,4,3996,0.006761877661626712,0.0
week5-m4-f10-seed43,M4,43,Portugal,country,Portugal,4000,0.2835379554169657,10,"Land principally occupied by agriculture, with significant areas of natural vegetation",763,3237,0.22672590140483506,0.5111402359108781
week5-m4-f10-seed43,M4,43,Portugal,country,Portugal,4000,0.2835379554169657,11,Marine waters,498,3502,0.9663780477075133,0.8775100401606426
week5-m4-f10-seed43,M4,43,Portugal,country,Portugal,4000,0.2835379554169657,12,Mixed forest,587,3413,0.21152920447107013,0.1635434412265758
week5-m4-f10-seed43,M4,43,Portugal,country,Portugal,4000,0.2835379554169657,13,"Moors, heathland and sclerophyllous vegetation",507,3493,0.2112398619284648,0.03747534516765286
week5-m4-f10-seed43,M4,43,Portugal,country,Portugal,4000,0.2835379554169657,14,Natural grassland and sparsely vegetated areas,50,3950,0.013092044535001018,0.14
week5-m4-f10-seed43,M4,43,Portugal,country,Portugal,4000,0.2835379554169657,15,Pastures,579,3421,0.2005835806503113,0.27288428324697755
week5-m4-f10-seed43,M4,43,Portugal,country,Portugal,4000,0.2835379554169657,16,Permanent crops,963,3037,0.30040110478747256,0.003115264797507788
week5-m4-f10-seed43,M4,43,Portugal,country,Portugal,4000,0.2835379554169657,17,"Transitional woodland, shrub",1752,2248,0.5502202065447604,0.16666666666666666
week5-m4-f10-seed43,M4,43,Portugal,country,Portugal,4000,0.2835379554169657,18,Urban fabric,325,3675,0.14562177694355447,0.48307692307692307
week5-m4-f10-seed43,M4,43,Portugal,source_distance,Q1,619,0.3184324227205399,0,Agro-forestry areas,76,543,0.24328058609962933,0.0
week5-m4-f10-seed43,M4,43,Portugal,source_distance,Q1,619,0.3184324227205399,1,Arable land,85,534,0.7356004700916101,0.9176470588235294
week5-m4-f10-seed43,M4,43,Portugal,source_distance,Q1,619,0.3184324227205399,2,"Beaches, dunes, sands",9,610,0.08539420635861833,0.0
week5-m4-f10-seed43,M4,43,Portugal,source_distance,Q1,619,0.3184324227205399,3,Broad-leaved forest,71,548,0.315553380589987,0.30985915492957744
week5-m4-f10-seed43,M4,43,Portugal,source_distance,Q1,619,0.3184324227205399,4,Coastal wetlands,2,617,0.009812306961273462,0.0
week5-m4-f10-seed43,M4,43,Portugal,source_distance,Q1,619,0.3184324227205399,5,Complex cultivation patterns,45,574,0.25633379131390593,0.3333333333333333
week5-m4-f10-seed43,M4,43,Portugal,source_distance,Q1,619,0.3184324227205399,6,Coniferous forest,40,579,0.2471084165973793,0.375
week5-m4-f10-seed43,M4,43,Portugal,source_distance,Q1,619,0.3184324227205399,7,Industrial or commercial units,5,614,0.10717241475528769,0.0
week5-m4-f10-seed43,M4,43,Portugal,source_distance,Q1,619,0.3184324227205399,8,Inland waters,8,611,0.16954609751464597,0.125
week5-m4-f10-seed43,M4,43,Portugal,source_distance,Q1,619,0.3184324227205399,9,Inland wetlands,0,619,,
week5-m4-f10-seed43,M4,43,Portugal,source_distance,Q1,619,0.3184324227205399,10,"Land principally occupied by agriculture, with significant areas of natural vegetation",40,579,0.2692893645532656,0.325
week5-m4-f10-seed43,M4,43,Portugal,source_distance,Q1,619,0.3184324227205399,11,Marine waters,421,198,1.0,1.0
week5-m4-f10-seed43,M4,43,Portugal,source_distance,Q1,619,0.3184324227205399,12,Mixed forest,27,592,0.21897496838626476,0.4074074074074074
week5-m4-f10-seed43,M4,43,Portugal,source_distance,Q1,619,0.3184324227205399,13,"Moors, heathland and sclerophyllous vegetation",28,591,0.22162559621651007,0.03571428571428571
week5-m4-f10-seed43,M4,43,Portugal,source_distance,Q1,619,0.3184324227205399,14,Natural grassland and sparsely vegetated areas,3,616,0.006981293897100713,0.0
week5-m4-f10-seed43,M4,43,Portugal,source_distance,Q1,619,0.3184324227205399,15,Pastures,31,588,0.2942208059905618,0.3870967741935484
week5-m4-f10-seed43,M4,43,Portugal,source_distance,Q1,619,0.3184324227205399,16,Permanent crops,47,572,0.21383099747396192,0.0
week5-m4-f10-seed43,M4,43,Portugal,source_distance,Q1,619,0.3184324227205399,17,"Transitional woodland, shrub",100,519,0.6166694368408961,0.17
week5-m4-f10-seed43,M4,43,Portugal,source_distance,Q1,619,0.3184324227205399,18,Urban fabric,16,603,0.10357930658672056,0.1875
week5-m4-f10-seed43,M4,43,Portugal,source_distance,Q2,596,0.27930860273520364,0,Agro-forestry areas,237,359,0.32179398574232554,0.0
week5-m4-f10-seed43,M4,43,Portugal,source_distance,Q2,596,0.27930860273520364,1,Arable land,273,323,0.6118958008666978,0.8388278388278388
week5-m4-f10-seed43,M4,43,Portugal,source_distance,Q2,596,0.27930860273520364,2,"Beaches, dunes, sands",3,593,0.17977378576180972,0.0
week5-m4-f10-seed43,M4,43,Portugal,source_distance,Q2,596,0.27930860273520364,3,Broad-leaved forest,242,354,0.4256395783382008,0.3677685950413223
week5-m4-f10-seed43,M4,43,Portugal,source_distance,Q2,596,0.27930860273520364,4,Coastal wetlands,6,590,0.020942702907715657,0.0
week5-m4-f10-seed43,M4,43,Portugal,source_distance,Q2,596,0.27930860273520364,5,Complex cultivation patterns,119,477,0.18419914833048417,0.40336134453781514
week5-m4-f10-seed43,M4,43,Portugal,source_distance,Q2,596,0.27930860273520364,6,Coniferous forest,60,536,0.1976351535793918,0.31666666666666665
week5-m4-f10-seed43,M4,43,Portugal,source_distance,Q2,596,0.27930860273520364,7,Industrial or commercial units,8,588,0.15970554350709176,0.375
week5-m4-f10-seed43,M4,43,Portugal,source_distance,Q2,596,0.27930860273520364,8,Inland waters,36,560,0.051003390478875116,0.0
week5-m4-f10-seed43,M4,43,Portugal,source_distance,Q2,596,0.27930860273520364,9,Inland wetlands,1,595,0.011111111111111112,0.0
week5-m4-f10-seed43,M4,43,Portugal,source_distance,Q2,596,0.27930860273520364,10,"Land principally occupied by agriculture, with significant areas of natural vegetation",119,477,0.2867638978704064,0.5042016806722689
week5-m4-f10-seed43,M4,43,Portugal,source_distance,Q2,596,0.27930860273520364,11,Marine waters,12,584,0.825733884495567,0.75
week5-m4-f10-seed43,M4,43,Portugal,source_distance,Q2,596,0.27930860273520364,12,Mixed forest,90,506,0.2074976671603241,0.2111111111111111
week5-m4-f10-seed43,M4,43,Portugal,source_distance,Q2,596,0.27930860273520364,13,"Moors, heathland and sclerophyllous vegetation",78,518,0.20748461950043706,0.0641025641025641
week5-m4-f10-seed43,M4,43,Portugal,source_distance,Q2,596,0.27930860273520364,14,Natural grassland and sparsely vegetated areas,9,587,0.017467671634394832,0.1111111111111111
week5-m4-f10-seed43,M4,43,Portugal,source_distance,Q2,596,0.27930860273520364,15,Pastures,106,490,0.2626978233467116,0.330188679245283
week5-m4-f10-seed43,M4,43,Portugal,source_distance,Q2,596,0.27930860273520364,16,Permanent crops,141,455,0.25830294916942537,0.014184397163120567
week5-m4-f10-seed43,M4,43,Portugal,source_distance,Q2,596,0.27930860273520364,17,"Transitional woodland, shrub",298,298,0.6265090354500277,0.20134228187919462
week5-m4-f10-seed43,M4,43,Portugal,source_distance,Q2,596,0.27930860273520364,18,Urban fabric,37,559,0.13529036892411248,0.35135135135135137
week5-m4-f10-seed43,M4,43,Portugal,source_distance,Q3,860,0.27150149586517264,0,Agro-forestry areas,365,495,0.34177243849423977,0.0
week5-m4-f10-seed43,M4,43,Portugal,source_distance,Q3,860,0.27150149586517264,1,Arable land,406,454,0.6028343419178014,0.8497536945812808
week5-m4-f10-seed43,M4,43,Portugal,source_distance,Q3,860,0.27150149586517264,2,"Beaches, dunes, sands",4,856,0.19197368421052632,0.0
week5-m4-f10-seed43,M4,43,Portugal,source_distance,Q3,860,0.27150149586517264,3,Broad-leaved forest,396,464,0.4731520463390979,0.4722222222222222
week5-m4-f10-seed43,M4,43,Portugal,source_distance,Q3,860,0.27150149586517264,4,Coastal wetlands,7,853,0.025404916813561225,0.0
week5-m4-f10-seed43,M4,43,Portugal,source_distance,Q3,860,0.27150149586517264,5,Complex cultivation patterns,183,677,0.20552012887744983,0.5355191256830601
week5-m4-f10-seed43,M4,43,Portugal,source_distance,Q3,860,0.27150149586517264,6,Coniferous forest,95,765,0.1582833738652491,0.2
week5-m4-f10-seed43,M4,43,Portugal,source_distance,Q3,860,0.27150149586517264,7,Industrial or commercial units,24,836,0.16080674366104905,0.16666666666666666
week5-m4-f10-seed43,M4,43,Portugal,source_distance,Q3,860,0.27150149586517264,8,Inland waters,35,825,0.11601324304766099,0.02857142857142857
week5-m4-f10-seed43,M4,43,Portugal,source_distance,Q3,860,0.27150149586517264,9,Inland wetlands,0,860,,
week5-m4-f10-seed43,M4,43,Portugal,source_distance,Q3,860,0.27150149586517264,10,"Land principally occupied by agriculture, with significant areas of natural vegetation",181,679,0.21209763498357073,0.43646408839779005
week5-m4-f10-seed43,M4,43,Portugal,source_distance,Q3,860,0.27150149586517264,11,Marine waters,11,849,0.4747858707748073,0.36363636363636365
week5-m4-f10-seed43,M4,43,Portugal,source_distance,Q3,860,0.27150149586517264,12,Mixed forest,163,697,0.23186960021014932,0.15337423312883436
week5-m4-f10-seed43,M4,43,Portugal,source_distance,Q3,860,0.27150149586517264,13,"Moors, heathland and sclerophyllous vegetation",105,755,0.21137646368309562,0.02857142857142857
week5-m4-f10-seed43,M4,43,Portugal,source_distance,Q3,860,0.27150149586517264,14,Natural grassland and sparsely vegetated areas,18,842,0.02113036446433524,0.1111111111111111
week5-m4-f10-seed43,M4,43,Portugal,source_distance,Q3,860,0.27150149586517264,15,Pastures,154,706,0.23572093964253799,0.2857142857142857
week5-m4-f10-seed43,M4,43,Portugal,source_distance,Q3,860,0.27150149586517264,16,Permanent crops,234,626,0.30365537732992937,0.004273504273504274
week5-m4-f10-seed43,M4,43,Portugal,source_distance,Q3,860,0.27150149586517264,17,"Transitional woodland, shrub",409,451,0.5267175466117962,0.1784841075794621
week5-m4-f10-seed43,M4,43,Portugal,source_distance,Q3,860,0.27150149586517264,18,Urban fabric,76,784,0.1385587625690591,0.5789473684210527
week5-m4-f10-seed43,M4,43,Portugal,source_distance,Q4,1925,0.25103475003665077,0,Agro-forestry areas,730,1195,0.2994551897622549,0.0
week5-m4-f10-seed43,M4,43,Portugal,source_distance,Q4,1925,0.25103475003665077,1,Arable land,882,1043,0.5493183970610924,0.8061224489795918
week5-m4-f10-seed43,M4,43,Portugal,source_distance,Q4,1925,0.25103475003665077,2,"Beaches, dunes, sands",30,1895,0.13293495548840667,0.0
week5-m4-f10-seed43,M4,43,Portugal,source_distance,Q4,1925,0.25103475003665077,3,Broad-leaved forest,879,1046,0.46358150480503457,0.6336746302616609
week5-m4-f10-seed43,M4,43,Portugal,source_distance,Q4,1925,0.25103475003665077,4,Coastal wetlands,30,1895,0.02734156857545102,0.0
week5-m4-f10-seed43,M4,43,Portugal,source_distance,Q4,1925,0.25103475003665077,5,Complex cultivation patterns,469,1456,0.24625317824938775,0.6247334754797441
week5-m4-f10-seed43,M4,43,Portugal,source_distance,Q4,1925,0.25103475003665077,6,Coniferous forest,190,1735,0.1339160731655022,0.26842105263157895
week5-m4-f10-seed43,M4,43,Portugal,source_distance,Q4,1925,0.25103475003665077,7,Industrial or commercial units,58,1867,0.12757902504378518,0.06896551724137931
week5-m4-f10-seed43,M4,43,Portugal,source_distance,Q4,1925,0.25103475003665077,8,Inland waters,127,1798,0.22299407787608685,0.15748031496062992
week5-m4-f10-seed43,M4,43,Portugal,source_distance,Q4,1925,0.25103475003665077,9,Inland wetlands,3,1922,0.010855438440731275,0.0
week5-m4-f10-seed43,M4,43,Portugal,source_distance,Q4,1925,0.25103475003665077,10,"Land principally occupied by agriculture, with significant areas of natural vegetation",423,1502,0.21937445489011606,0.5626477541371159
week5-m4-f10-seed43,M4,43,Portugal,source_distance,Q4,1925,0.25103475003665077,11,Marine waters,54,1871,0.4123795625102371,0.05555555555555555
week5-m4-f10-seed43,M4,43,Portugal,source_distance,Q4,1925,0.25103475003665077,12,Mixed forest,307,1618,0.21071532236507717,0.13355048859934854
week5-m4-f10-seed43,M4,43,Portugal,source_distance,Q4,1925,0.25103475003665077,13,"Moors, heathland and sclerophyllous vegetation",296,1629,0.22125093317006037,0.033783783783783786
week5-m4-f10-seed43,M4,43,Portugal,source_distance,Q4,1925,0.25103475003665077,14,Natural grassland and sparsely vegetated areas,20,1905,0.013885344369287535,0.2
week5-m4-f10-seed43,M4,43,Portugal,source_distance,Q4,1925,0.25103475003665077,15,Pastures,288,1637,0.15353818929760055,0.2326388888888889
week5-m4-f10-seed43,M4,43,Portugal,source_distance,Q4,1925,0.25103475003665077,16,Permanent crops,541,1384,0.32681395769813576,0.0
week5-m4-f10-seed43,M4,43,Portugal,source_distance,Q4,1925,0.25103475003665077,17,"Transitional woodland, shrub",945,980,0.5350195358440468,0.15026455026455027
week5-m4-f10-seed43,M4,43,Portugal,source_distance,Q4,1925,0.25103475003665077,18,Urban fabric,196,1729,0.1690810058002314,0.49489795918367346
