run_id,model_id,seed,condition,domain,class_index,class_name,positive_count,negative_count,average_precision,recall_at_source_v_threshold,in_c_source,ap_degradation_from_clean
week5-m3-f10-seed17,M3,17,clean,I,0,Agro-forestry areas,0,3000,,,False,
week5-m3-f10-seed17,M3,17,clean,I,1,Arable land,1036,1964,0.7546609127819937,0.8764478764478765,True,0.0
week5-m3-f10-seed17,M3,17,clean,I,2,"Beaches, dunes, sands",24,2976,0.01842337043466039,0.0,False,0.0
week5-m3-f10-seed17,M3,17,clean,I,3,Broad-leaved forest,718,2282,0.33963158893030937,0.6796657381615598,True,0.0
week5-m3-f10-seed17,M3,17,clean,I,4,Coastal wetlands,1,2999,0.0011507479861910242,0.0,False,0.0
week5-m3-f10-seed17,M3,17,clean,I,5,Complex cultivation patterns,665,2335,0.4244834143888694,0.7714285714285715,True,0.0
week5-m3-f10-seed17,M3,17,clean,I,6,Coniferous forest,580,2420,0.6857097450439268,0.7379310344827587,True,0.0
week5-m3-f10-seed17,M3,17,clean,I,7,Industrial or commercial units,87,2913,0.18212704380102315,0.1839080459770115,True,0.0
week5-m3-f10-seed17,M3,17,clean,I,8,Inland waters,208,2792,0.2893082254799518,0.36538461538461536,True,0.0
week5-m3-f10-seed17,M3,17,clean,I,9,Inland wetlands,273,2727,0.08722326802050823,0.014652014652014652,True,0.0
week5-m3-f10-seed17,M3,17,clean,I,10,"Land principally occupied by agriculture, with significant areas of natural vegetation",694,2306,0.33400022450463235,0.5230547550432276,True,0.0
week5-m3-f10-seed17,M3,17,clean,I,11,Marine waters,617,2383,0.9765560843195704,0.8638573743922204,True,0.0
week5-m3-f10-seed17,M3,17,clean,I,12,Mixed forest,812,2188,0.5596444959883288,0.6687192118226601,True,0.0
week5-m3-f10-seed17,M3,17,clean,I,13,"Moors, heathland and sclerophyllous vegetation",107,2893,0.05021538433630799,0.009345794392523364,True,0.0
week5-m3-f10-seed17,M3,17,clean,I,14,Natural grassland and sparsely vegetated areas,70,2930,0.04090038517893885,0.014285714285714285,True,0.0
week5-m3-f10-seed17,M3,17,clean,I,15,Pastures,1100,1900,0.6740821775374249,0.6954545454545454,True,0.0
week5-m3-f10-seed17,M3,17,clean,I,16,Permanent crops,151,2849,0.15274835846347826,0.019867549668874173,True,0.0
week5-m3-f10-seed17,M3,17,clean,I,17,"Transitional woodland, shrub",326,2674,0.1714535586732383,0.3098159509202454,True,0.0
week5-m3-f10-seed17,M3,17,clean,I,18,Urban fabric,613,2387,0.6034063918819773,0.5889070146818923,True,0.0
week5-m3-f10-seed17,M3,17,clean,Finland,0,Agro-forestry areas,0,4000,,,False,
week5-m3-f10-seed17,M3,17,clean,Finland,1,Arable land,457,3543,0.3847491991888698,0.7221006564551422,True,0.0
week5-m3-f10-seed17,M3,17,clean,Finland,2,"Beaches, dunes, sands",1,3999,0.002304147465437788,0.0,False,0.0
week5-m3-f10-seed17,M3,17,clean,Finland,3,Broad-leaved forest,229,3771,0.05474153290157104,0.7641921397379913,True,0.0
week5-m3-f10-seed17,M3,17,clean,Finland,4,Coastal wetlands,10,3990,0.008868498148125308,0.0,False,0.0
week5-m3-f10-seed17,M3,17,clean,Finland,5,Complex cultivation patterns,21,3979,0.017465887083001203,0.9523809523809523,True,0.0
week5-m3-f10-seed17,M3,17,clean,Finland,6,Coniferous forest,2776,1224,0.9042035532082384,0.45172910662824206,True,0.0
week5-m3-f10-seed17,M3,17,clean,Finland,7,Industrial or commercial units,32,3968,0.06318021515313949,0.15625,True,0.0
week5-m3-f10-seed17,M3,17,clean,Finland,8,Inland waters,985,3015,0.5083549143978008,0.30253807106598984,True,0.0
week5-m3-f10-seed17,M3,17,clean,Finland,9,Inland wetlands,530,3470,0.219971986271907,0.07924528301886792,True,0.0
week5-m3-f10-seed17,M3,17,clean,Finland,10,"Land principally occupied by agriculture, with significant areas of natural vegetation",588,3412,0.19697116487243255,0.6989795918367347,True,0.0
week5-m3-f10-seed17,M3,17,clean,Finland,11,Marine waters,892,3108,0.8401635528346866,0.6278026905829597,True,0.0
week5-m3-f10-seed17,M3,17,clean,Finland,12,Mixed forest,2082,1918,0.6752540104298601,0.5806916426512968,True,0.0
week5-m3-f10-seed17,M3,17,clean,Finland,13,"Moors, heathland and sclerophyllous vegetation",26,3974,0.02775674704078483,0.11538461538461539,True,0.0
week5-m3-f10-seed17,M3,17,clean,Finland,14,Natural grassland and sparsely vegetated areas,2,3998,0.0009360063506675873,0.0,True,0.0
week5-m3-f10-seed17,M3,17,clean,Finland,15,Pastures,3,3997,0.003015414112043604,1.0,True,0.0
week5-m3-f10-seed17,M3,17,clean,Finland,16,Permanent crops,1,3999,0.0036900369003690036,0.0,True,0.0
week5-m3-f10-seed17,M3,17,clean,Finland,17,"Transitional woodland, shrub",1574,2426,0.4768619004981975,0.4027954256670902,True,0.0
week5-m3-f10-seed17,M3,17,clean,Finland,18,Urban fabric,116,3884,0.14431999745526125,0.41379310344827586,True,0.0
week5-m3-f10-seed17,M3,17,clean,Portugal,0,Agro-forestry areas,1408,2592,0.35543600376338413,0.0,False,0.0
week5-m3-f10-seed17,M3,17,clean,Portugal,1,Arable land,1646,2354,0.6403690235995271,0.8736330498177399,True,0.0
week5-m3-f10-seed17,M3,17,clean,Portugal,2,"Beaches, dunes, sands",46,3954,0.04650500665050251,0.0,False,0.0
week5-m3-f10-seed17,M3,17,clean,Portugal,3,Broad-leaved forest,1588,2412,0.5233337958942403,0.6013853904282116,True,0.0
week5-m3-f10-seed17,M3,17,clean,Portugal,4,Coastal wetlands,45,3955,0.026113312991428463,0.0,False,0.0
week5-m3-f10-seed17,M3,17,clean,Portugal,5,Complex cultivation patterns,816,3184,0.25909094815088723,0.6090686274509803,True,0.0
week5-m3-f10-seed17,M3,17,clean,Portugal,6,Coniferous forest,385,3615,0.1577966015666781,0.3246753246753247,True,0.0
week5-m3-f10-seed17,M3,17,clean,Portugal,7,Industrial or commercial units,95,3905,0.127976384532653,0.07368421052631578,True,0.0
week5-m3-f10-seed17,M3,17,clean,Portugal,8,Inland waters,206,3794,0.24011143682014863,0.21359223300970873,True,0.0
week5-m3-f10-seed17,M3,17,clean,Portugal,9,Inland wetlands,4,3996,0.0053040081273727085,0.0,True,0.0
week5-m3-f10-seed17,M3,17,clean,Portugal,10,"Land principally occupied by agriculture, with significant areas of natural vegetation",763,3237,0.20862969593340105,0.5845347313237221,True,0.0
week5-m3-f10-seed17,M3,17,clean,Portugal,11,Marine waters,498,3502,0.9629358210905974,0.8855421686746988,True,0.0
week5-m3-f10-seed17,M3,17,clean,Portugal,12,Mixed forest,587,3413,0.221978783441821,0.2282793867120954,True,0.0
week5-m3-f10-seed17,M3,17,clean,Portugal,13,"Moors, heathland and sclerophyllous vegetation",507,3493,0.1570840453920721,0.021696252465483234,True,0.0
week5-m3-f10-seed17,M3,17,clean,Portugal,14,Natural grassland and sparsely vegetated areas,50,3950,0.016969163912655245,0.18,True,0.0
week5-m3-f10-seed17,M3,17,clean,Portugal,15,Pastures,579,3421,0.20451961330501472,0.3436960276338515,True,0.0
week5-m3-f10-seed17,M3,17,clean,Portugal,16,Permanent crops,963,3037,0.326025868495682,0.0020768431983385254,True,0.0
week5-m3-f10-seed17,M3,17,clean,Portugal,17,"Transitional woodland, shrub",1752,2248,0.478313729412303,0.2808219178082192,True,0.0
week5-m3-f10-seed17,M3,17,clean,Portugal,18,Urban fabric,325,3675,0.2703468741146351,0.5046153846153846,True,0.0
week5-m3-f10-seed17,M3,17,missing_b08,I,0,Agro-forestry areas,0,3000,,,False,
week5-m3-f10-seed17,M3,17,missing_b08,I,1,Arable land,1036,1964,0.45177227431094236,0.9034749034749034,True,0.3028886384710513
week5-m3-f10-seed17,M3,17,missing_b08,I,2,"Beaches, dunes, sands",24,2976,0.023847639954849908,0.0,False,-0.005424269520189519
week5-m3-f10-seed17,M3,17,missing_b08,I,3,Broad-leaved forest,718,2282,0.35982117376612877,0.5125348189415042,True,-0.020189584835819396
week5-m3-f10-seed17,M3,17,missing_b08,I,4,Coastal wetlands,1,2999,0.0003795066413662239,0.0,False,0.0007712413448248002
week5-m3-f10-seed17,M3,17,missing_b08,I,5,Complex cultivation patterns,665,2335,0.2859053914590508,0.43007518796992483,True,0.13857802292981858
week5-m3-f10-seed17,M3,17,missing_b08,I,6,Coniferous forest,580,2420,0.6292894227260158,0.7155172413793104,True,0.05642032231791094
week5-m3-f10-seed17,M3,17,missing_b08,I,7,Industrial or commercial units,87,2913,0.17457068071420564,0.11494252873563218,True,0.007556363086817508
week5-m3-f10-seed17,M3,17,missing_b08,I,8,Inland waters,208,2792,0.08330685810528325,0.18269230769230768,True,0.2060013673746685
week5-m3-f10-seed17,M3,17,missing_b08,I,9,Inland wetlands,273,2727,0.09666713380986641,0.01098901098901099,True,-0.009443865789358186
week5-m3-f10-seed17,M3,17,missing_b08,I,10,"Land principally occupied by agriculture, with significant areas of natural vegetation",694,2306,0.19747699743201108,0.24351585014409222,True,0.13652322707262127
week5-m3-f10-seed17,M3,17,missing_b08,I,11,Marine waters,617,2383,0.8777959984459067,0.0016207455429497568,True,0.0987600858736637
week5-m3-f10-seed17,M3,17,missing_b08,I,12,Mixed forest,812,2188,0.5225746207155617,0.6022167487684729,True,0.03706987527276706
week5-m3-f10-seed17,M3,17,missing_b08,I,13,"Moors, heathland and sclerophyllous vegetation",107,2893,0.03718952117323329,0.0,True,0.013025863163074698
week5-m3-f10-seed17,M3,17,missing_b08,I,14,Natural grassland and sparsely vegetated areas,70,2930,0.030538220737936717,0.0,True,0.01036216444100213
week5-m3-f10-seed17,M3,17,missing_b08,I,15,Pastures,1100,1900,0.35343806387983956,0.44363636363636366,True,0.3206441136575854
week5-m3-f10-seed17,M3,17,missing_b08,I,16,Permanent crops,151,2849,0.1187835625331798,0.019867549668874173,True,0.033964795930298455
week5-m3-f10-seed17,M3,17,missing_b08,I,17,"Transitional woodland, shrub",326,2674,0.19659053487328718,0.2668711656441718,True,-0.02513697620004887
week5-m3-f10-seed17,M3,17,missing_b08,I,18,Urban fabric,613,2387,0.38941216221789987,0.3817292006525285,True,0.21399422966407744
week5-m3-f10-seed17,M3,17,missing_b08,Finland,0,Agro-forestry areas,0,4000,,,False,
week5-m3-f10-seed17,M3,17,missing_b08,Finland,1,Arable land,457,3543,0.4092886403309178,0.7724288840262582,True,-0.02453944114204798
week5-m3-f10-seed17,M3,17,missing_b08,Finland,2,"Beaches, dunes, sands",1,3999,0.0031545741324921135,0.0,False,-0.0008504266670543255
week5-m3-f10-seed17,M3,17,missing_b08,Finland,3,Broad-leaved forest,229,3771,0.0543329583412637,0.7729257641921398,True,0.000408574560307344
week5-m3-f10-seed17,M3,17,missing_b08,Finland,4,Coastal wetlands,10,3990,0.004528678609862382,0.0,False,0.0043398195382629255
week5-m3-f10-seed17,M3,17,missing_b08,Finland,5,Complex cultivation patterns,21,3979,0.01651019868502419,0.9523809523809523,True,0.0009556883979770121
week5-m3-f10-seed17,M3,17,missing_b08,Finland,6,Coniferous forest,2776,1224,0.792758692976687,0.5144092219020173,True,0.11144486023155142
week5-m3-f10-seed17,M3,17,missing_b08,Finland,7,Industrial or commercial units,32,3968,0.04134944855864686,0.0625,True,0.021830766594492623
week5-m3-f10-seed17,M3,17,missing_b08,Finland,8,Inland waters,985,3015,0.30401575079694326,0.10862944162436548,True,0.20433916360085752
week5-m3-f10-seed17,M3,17,missing_b08,Finland,9,Inland wetlands,530,3470,0.20949723071704526,0.08490566037735849,True,0.010474755554861742
week5-m3-f10-seed17,M3,17,missing_b08,Finland,10,"Land principally occupied by agriculture, with significant areas of natural vegetation",588,3412,0.16281432412536662,0.6224489795918368,True,0.03415684074706593
week5-m3-f10-seed17,M3,17,missing_b08,Finland,11,Marine waters,892,3108,0.7611804269911803,0.013452914798206279,True,0.07898312584350631
week5-m3-f10-seed17,M3,17,missing_b08,Finland,12,Mixed forest,2082,1918,0.6484619792666048,0.6474543707973103,True,0.026792031163255348
week5-m3-f10-seed17,M3,17,missing_b08,Finland,13,"Moors, heathland and sclerophyllous vegetation",26,3974,0.017651046750088266,0.11538461538461539,True,0.010105700290696563
week5-m3-f10-seed17,M3,17,missing_b08,Finland,14,Natural grassland and sparsely vegetated areas,2,3998,0.0020184627589564215,0.5,True,-0.0010824564082888343
week5-m3-f10-seed17,M3,17,missing_b08,Finland,15,Pastures,3,3997,0.0037766177346271273,1.0,True,-0.0007612036225835232
week5-m3-f10-seed17,M3,17,missing_b08,Finland,16,Permanent crops,1,3999,0.0023148148148148147,0.0,True,0.001375222085554189
week5-m3-f10-seed17,M3,17,missing_b08,Finland,17,"Transitional woodland, shrub",1574,2426,0.33795973602308355,0.3545108005082592,True,0.13890216447511394
week5-m3-f10-seed17,M3,17,missing_b08,Finland,18,Urban fabric,116,3884,0.13152401806689074,0.39655172413793105,True,0.012795979388370515
week5-m3-f10-seed17,M3,17,missing_b08,Portugal,0,Agro-forestry areas,1408,2592,0.3202714718411939,0.0,False,0.03516453192219021
week5-m3-f10-seed17,M3,17,missing_b08,Portugal,1,Arable land,1646,2354,0.630229011336944,0.8511543134872418,True,0.010140012262583098
week5-m3-f10-seed17,M3,17,missing_b08,Portugal,2,"Beaches, dunes, sands",46,3954,0.05259349400908079,0.0,False,-0.006088487358578282
week5-m3-f10-seed17,M3,17,missing_b08,Portugal,3,Broad-leaved forest,1588,2412,0.5078084072874324,0.6303526448362721,True,0.015525388606807966
week5-m3-f10-seed17,M3,17,missing_b08,Portugal,4,Coastal wetlands,45,3955,0.015788241103193514,0.0,False,0.010325071888234949
week5-m3-f10-seed17,M3,17,missing_b08,Portugal,5,Complex cultivation patterns,816,3184,0.251497916916765,0.5208333333333334,True,0.0075930312341222495
week5-m3-f10-seed17,M3,17,missing_b08,Portugal,6,Coniferous forest,385,3615,0.1429942322955509,0.3012987012987013,True,0.014802369271127214
week5-m3-f10-seed17,M3,17,missing_b08,Portugal,7,Industrial or commercial units,95,3905,0.12070412136724334,0.031578947368421054,True,0.007272263165409659
week5-m3-f10-seed17,M3,17,missing_b08,Portugal,8,Inland waters,206,3794,0.10125662310557565,0.13592233009708737,True,0.13885481371457298
week5-m3-f10-seed17,M3,17,missing_b08,Portugal,9,Inland wetlands,4,3996,0.005255067259212516,0.0,True,4.894086816019296e-05
week5-m3-f10-seed17,M3,17,missing_b08,Portugal,10,"Land principally occupied by agriculture, with significant areas of natural vegetation",763,3237,0.1968418805726589,0.49148099606815204,True,0.011787815360742165
week5-m3-f10-seed17,M3,17,missing_b08,Portugal,11,Marine waters,498,3502,0.949773728591905,0.2891566265060241,True,0.01316209249869238
week5-m3-f10-seed17,M3,17,missing_b08,Portugal,12,Mixed forest,587,3413,0.18277168240983238,0.22998296422487224,True,0.03920710103198863
week5-m3-f10-seed17,M3,17,missing_b08,Portugal,13,"Moors, heathland and sclerophyllous vegetation",507,3493,0.1626022860290458,0.023668639053254437,True,-0.005518240636973704
week5-m3-f10-seed17,M3,17,missing_b08,Portugal,14,Natural grassland and sparsely vegetated areas,50,3950,0.012051044324061401,0.18,True,0.004918119588593844
week5-m3-f10-seed17,M3,17,missing_b08,Portugal,15,Pastures,579,3421,0.13243204146864948,0.2849740932642487,True,0.07208757183636524
week5-m3-f10-seed17,M3,17,missing_b08,Portugal,16,Permanent crops,963,3037,0.3268845211339707,0.0010384215991692627,True,-0.000858652638288715
week5-m3-f10-seed17,M3,17,missing_b08,Portugal,17,"Transitional woodland, shrub",1752,2248,0.45663742815772196,0.2751141552511416,True,0.021676301254581032
week5-m3-f10-seed17,M3,17,missing_b08,Portugal,18,Urban fabric,325,3675,0.23772303833532796,0.35384615384615387,True,0.032623835779307137
week5-m3-f10-seed17,M3,17,missing_red_edge,I,0,Agro-forestry areas,0,3000,,,False,
week5-m3-f10-seed17,M3,17,missing_red_edge,I,1,Arable land,1036,1964,0.558182513062876,0.7094594594594594,True,0.19647839971911762
week5-m3-f10-seed17,M3,17,missing_red_edge,I,2,"Beaches, dunes, sands",24,2976,0.0152109079358066,0.08333333333333333,False,0.003212462498853789
week5-m3-f10-seed17,M3,17,missing_red_edge,I,3,Broad-leaved forest,718,2282,0.2457983844347893,0.7298050139275766,True,0.09383320449552007
week5-m3-f10-seed17,M3,17,missing_red_edge,I,4,Coastal wetlands,1,2999,0.00037650602409638556,0.0,False,0.0007742419620946386
week5-m3-f10-seed17,M3,17,missing_red_edge,I,5,Complex cultivation patterns,665,2335,0.33544165078108773,0.6345864661654136,True,0.08904176360778165
week5-m3-f10-seed17,M3,17,missing_red_edge,I,6,Coniferous forest,580,2420,0.3651359210256288,0.3586206896551724,True,0.320573824018298
week5-m3-f10-seed17,M3,17,missing_red_edge,I,7,Industrial or commercial units,87,2913,0.10309164621320528,0.22988505747126436,True,0.07903539758781787
week5-m3-f10-seed17,M3,17,missing_red_edge,I,8,Inland waters,208,2792,0.061147182381086476,0.057692307692307696,True,0.2281610430988653
week5-m3-f10-seed17,M3,17,missing_red_edge,I,9,Inland wetlands,273,2727,0.09543467984982172,0.18681318681318682,True,-0.008211411829313495
week5-m3-f10-seed17,M3,17,missing_red_edge,I,10,"Land principally occupied by agriculture, with significant areas of natural vegetation",694,2306,0.28039770030749495,0.43948126801152737,True,0.0536025241971374
week5-m3-f10-seed17,M3,17,missing_red_edge,I,11,Marine waters,617,2383,0.9659503847601077,0.6726094003241491,True,0.010605699559462667
week5-m3-f10-seed17,M3,17,missing_red_edge,I,12,Mixed forest,812,2188,0.3701707546176719,0.21305418719211822,True,0.18947374137065687
week5-m3-f10-seed17,M3,17,missing_red_edge,I,13,"Moors, heathland and sclerophyllous vegetation",107,2893,0.040830564776633334,0.14018691588785046,True,0.009384819559674656
week5-m3-f10-seed17,M3,17,missing_red_edge,I,14,Natural grassland and sparsely vegetated areas,70,2930,0.027701162552067903,0.08571428571428572,True,0.013199222626870944
week5-m3-f10-seed17,M3,17,missing_red_edge,I,15,Pastures,1100,1900,0.3004799517777019,0.35363636363636364,True,0.373602225759723
week5-m3-f10-seed17,M3,17,missing_red_edge,I,16,Permanent crops,151,2849,0.095553793850569,0.006622516556291391,True,0.057194564612909254
week5-m3-f10-seed17,M3,17,missing_red_edge,I,17,"Transitional woodland, shrub",326,2674,0.12364815950864219,0.147239263803681,True,0.04780539916459611
week5-m3-f10-seed17,M3,17,missing_red_edge,I,18,Urban fabric,613,2387,0.4281181928526163,0.48776508972267535,True,0.175288199029361
week5-m3-f10-seed17,M3,17,missing_red_edge,Finland,0,Agro-forestry areas,0,4000,,,False,
week5-m3-f10-seed17,M3,17,missing_red_edge,Finland,1,Arable land,457,3543,0.14034181372644688,0.49671772428884026,True,0.2444073854624229
week5-m3-f10-seed17,M3,17,missing_red_edge,Finland,2,"Beaches, dunes, sands",1,3999,0.0006150061500615006,0.0,False,0.0016891413153762875
week5-m3-f10-seed17,M3,17,missing_red_edge,Finland,3,Broad-leaved forest,229,3771,0.0646928204595862,0.62882096069869,True,-0.009951287558015158
week5-m3-f10-seed17,M3,17,missing_red_edge,Finland,4,Coastal wetlands,10,3990,0.003646188201170311,0.0,False,0.005222309946954997
week5-m3-f10-seed17,M3,17,missing_red_edge,Finland,5,Complex cultivation patterns,21,3979,0.0035405244067571655,0.047619047619047616,True,0.013925362676244037
week5-m3-f10-seed17,M3,17,missing_red_edge,Finland,6,Coniferous forest,2776,1224,0.699047131538971,0.3505043227665706,True,0.2051564216692674
week5-m3-f10-seed17,M3,17,missing_red_edge,Finland,7,Industrial or commercial units,32,3968,0.1415428828926764,0.375,True,-0.07836266773953693
week5-m3-f10-seed17,M3,17,missing_red_edge,Finland,8,Inland waters,985,3015,0.22061020013768196,0.048730964467005075,True,0.28774471426011883
week5-m3-f10-seed17,M3,17,missing_red_edge,Finland,9,Inland wetlands,530,3470,0.24247867083604668,0.5924528301886792,True,-0.02250668456413968
week5-m3-f10-seed17,M3,17,missing_red_edge,Finland,10,"Land principally occupied by agriculture, with significant areas of natural vegetation",588,3412,0.16796169910676392,0.391156462585034,True,0.029009465765668624
week5-m3-f10-seed17,M3,17,missing_red_edge,Finland,11,Marine waters,892,3108,0.5055815772814354,0.061659192825112105,True,0.3345819755532512
week5-m3-f10-seed17,M3,17,missing_red_edge,Finland,12,Mixed forest,2082,1918,0.43339798458533924,0.23439000960614795,True,0.24185602584452087
week5-m3-f10-seed17,M3,17,missing_red_edge,Finland,13,"Moors, heathland and sclerophyllous vegetation",26,3974,0.012578954783176612,0.6538461538461539,True,0.015177792257608217
week5-m3-f10-seed17,M3,17,missing_red_edge,Finland,14,Natural grassland and sparsely vegetated areas,2,3998,0.000840031267543677,0.0,True,9.59750831239103e-05
week5-m3-f10-seed17,M3,17,missing_red_edge,Finland,15,Pastures,3,3997,0.0010454588534586778,0.0,True,0.0019699552585849263
week5-m3-f10-seed17,M3,17,missing_red_edge,Finland,16,Permanent crops,1,3999,0.004545454545454545,0.0,True,-0.0008554176450855417
week5-m3-f10-seed17,M3,17,missing_red_edge,Finland,17,"Transitional woodland, shrub",1574,2426,0.4460973659431,0.25095298602287164,True,0.030764534555097478
week5-m3-f10-seed17,M3,17,missing_red_edge,Finland,18,Urban fabric,116,3884,0.19884783581847165,0.7241379310344828,True,-0.0545278383632104
week5-m3-f10-seed17,M3,17,missing_red_edge,Portugal,0,Agro-forestry areas,1408,2592,0.36081211043781675,0.0,False,-0.0053761066744326125
week5-m3-f10-seed17,M3,17,missing_red_edge,Portugal,1,Arable land,1646,2354,0.43112115731377487,0.8025516403402188,True,0.2092478662857522
week5-m3-f10-seed17,M3,17,missing_red_edge,Portugal,2,"Beaches, dunes, sands",46,3954,0.037133937823421406,0.1956521739130435,False,0.009371068827081101
week5-m3-f10-seed17,M3,17,missing_red_edge,Portugal,3,Broad-leaved forest,1588,2412,0.4106562009754908,0.5969773299748111,True,0.11267759491874951
week5-m3-f10-seed17,M3,17,missing_red_edge,Portugal,4,Coastal wetlands,45,3955,0.013347821134909288,0.0,False,0.012765491856519175
week5-m3-f10-seed17,M3,17,missing_red_edge,Portugal,5,Complex cultivation patterns,816,3184,0.21786195981538584,0.2647058823529412,True,0.0412289883355014
week5-m3-f10-seed17,M3,17,missing_red_edge,Portugal,6,Coniferous forest,385,3615,0.13047275699569508,0.23636363636363636,True,0.027323844570983025
week5-m3-f10-seed17,M3,17,missing_red_edge,Portugal,7,Industrial or commercial units,95,3905,0.03621949295502484,0.05263157894736842,True,0.09175689157762816
week5-m3-f10-seed17,M3,17,missing_red_edge,Portugal,8,Inland waters,206,3794,0.051390060436830864,0.09223300970873786,True,0.18872137638331776
week5-m3-f10-seed17,M3,17,missing_red_edge,Portugal,9,Inland wetlands,4,3996,0.0013983557242542083,0.0,True,0.0039056524031185003
week5-m3-f10-seed17,M3,17,missing_red_edge,Portugal,10,"Land principally occupied by agriculture, with significant areas of natural vegetation",763,3237,0.18001298287583245,0.27522935779816515,True,0.028616713057568605
week5-m3-f10-seed17,M3,17,missing_red_edge,Portugal,11,Marine waters,498,3502,0.8534151874242374,0.41566265060240964,True,0.10952063366636
week5-m3-f10-seed17,M3,17,missing_red_edge,Portugal,12,Mixed forest,587,3413,0.16115666429364361,0.13458262350936967,True,0.060822119148177395
week5-m3-f10-seed17,M3,17,missing_red_edge,Portugal,13,"Moors, heathland and sclerophyllous vegetation",507,3493,0.141232637379576,0.15581854043392504,True,0.0158514080124961
week5-m3-f10-seed17,M3,17,missing_red_edge,Portugal,14,Natural grassland and sparsely vegetated areas,50,3950,0.01841364312032589,0.38,True,-0.001444479207670643
week5-m3-f10-seed17,M3,17,missing_red_edge,Portugal,15,Pastures,579,3421,0.11753299233520521,0.31951640759930916,True,0.08698662096980951
week5-m3-f10-seed17,M3,17,missing_red_edge,Portugal,16,Permanent crops,963,3037,0.2635824376829136,0.023883696780893044,True,0.062443430812768375
week5-m3-f10-seed17,M3,17,missing_red_edge,Portugal,17,"Transitional woodland, shrub",1752,2248,0.3899947156096094,0.2990867579908676,True,0.08831901380269358
week5-m3-f10-seed17,M3,17,missing_red_edge,Portugal,18,Urban fabric,325,3675,0.1372683420745563,0.5015384615384615,True,0.1330785320400788
week5-m3-f10-seed17,M3,17,missing_swir,I,0,Agro-forestry areas,0,3000,,,False,
week5-m3-f10-seed17,M3,17,missing_swir,I,1,Arable land,1036,1964,0.367119966663402,0.9555984555984556,True,0.38754094611859163
week5-m3-f10-seed17,M3,17,missing_swir,I,2,"Beaches, dunes, sands",24,2976,0.0076031601185039864,0.0,False,0.010820210316156403
week5-m3-f10-seed17,M3,17,missing_swir,I,3,Broad-leaved forest,718,2282,0.3584070734334215,0.7325905292479109,True,-0.018775484503112116
week5-m3-f10-seed17,M3,17,missing_swir,I,4,Coastal wetlands,1,2999,0.00048496605237633366,0.0,False,0.0006657819338146906
week5-m3-f10-seed17,M3,17,missing_swir,I,5,Complex cultivation patterns,665,2335,0.39442940937976084,0.7383458646616541,True,0.030054005009108542
week5-m3-f10-seed17,M3,17,missing_swir,I,6,Coniferous forest,580,2420,0.2091590068998095,0.04827586206896552,True,0.4765507381441173
week5-m3-f10-seed17,M3,17,missing_swir,I,7,Industrial or commercial units,87,2913,0.18077071279293036,0.2413793103448276,True,0.0013563310080927926
week5-m3-f10-seed17,M3,17,missing_swir,I,8,Inland waters,208,2792,0.09145393898542054,0.014423076923076924,True,0.19785428649453124
week5-m3-f10-seed17,M3,17,missing_swir,I,9,Inland wetlands,273,2727,0.13639251864934787,0.014652014652014652,True,-0.049169250628839645
week5-m3-f10-seed17,M3,17,missing_swir,I,10,"Land principally occupied by agriculture, with significant areas of natural vegetation",694,2306,0.32856799493469824,0.3904899135446686,True,0.0054322295699341105
week5-m3-f10-seed17,M3,17,missing_swir,I,11,Marine waters,617,2383,0.1679995954010449,0.0,True,0.8085564889185255
week5-m3-f10-seed17,M3,17,missing_swir,I,12,Mixed forest,812,2188,0.35190880045406386,0.31650246305418717,True,0.2077356955342649
week5-m3-f10-seed17,M3,17,missing_swir,I,13,"Moors, heathland and sclerophyllous vegetation",107,2893,0.06881539422971283,0.009345794392523364,True,-0.018600009893404844
week5-m3-f10-seed17,M3,17,missing_swir,I,14,Natural grassland and sparsely vegetated areas,70,2930,0.037310456211488506,0.0,True,0.0035899289674503412
week5-m3-f10-seed17,M3,17,missing_swir,I,15,Pastures,1100,1900,0.8180120082289053,0.6945454545454546,True,-0.14392983069148035
week5-m3-f10-seed17,M3,17,missing_swir,I,16,Permanent crops,151,2849,0.06153795751405366,0.006622516556291391,True,0.09121040094942459
week5-m3-f10-seed17,M3,17,missing_swir,I,17,"Transitional woodland, shrub",326,2674,0.24776371545734197,0.36503067484662577,True,-0.07631015678410366
week5-m3-f10-seed17,M3,17,missing_swir,I,18,Urban fabric,613,2387,0.4995337113433247,0.6296900489396411,True,0.10387268053865262
week5-m3-f10-seed17,M3,17,missing_swir,Finland,0,Agro-forestry areas,0,4000,,,False,
week5-m3-f10-seed17,M3,17,missing_swir,Finland,1,Arable land,457,3543,0.16079046362749705,0.6608315098468271,True,0.22395873556137275
week5-m3-f10-seed17,M3,17,missing_swir,Finland,2,"Beaches, dunes, sands",1,3999,0.0003486750348675035,0.0,False,0.0019554724305702845
week5-m3-f10-seed17,M3,17,missing_swir,Finland,3,Broad-leaved forest,229,3771,0.07157992336211158,0.7903930131004366,True,-0.016838390460540538
week5-m3-f10-seed17,M3,17,missing_swir,Finland,4,Coastal wetlands,10,3990,0.003449278770913641,0.0,False,0.005419219377211667
week5-m3-f10-seed17,M3,17,missing_swir,Finland,5,Complex cultivation patterns,21,3979,0.012836719701041534,0.42857142857142855,True,0.004629167381959669
week5-m3-f10-seed17,M3,17,missing_swir,Finland,6,Coniferous forest,2776,1224,0.8840533073971564,0.1206772334293948,True,0.020150245811082046
week5-m3-f10-seed17,M3,17,missing_swir,Finland,7,Industrial or commercial units,32,3968,0.060857791841645435,0.28125,True,0.00232242331149405
week5-m3-f10-seed17,M3,17,missing_swir,Finland,8,Inland waters,985,3015,0.3484805491996255,0.013197969543147208,True,0.15987436519817527
week5-m3-f10-seed17,M3,17,missing_swir,Finland,9,Inland wetlands,530,3470,0.3445336544926654,0.03962264150943396,True,-0.12456166822075837
week5-m3-f10-seed17,M3,17,missing_swir,Finland,10,"Land principally occupied by agriculture, with significant areas of natural vegetation",588,3412,0.18882891016210676,0.4200680272108844,True,0.008142254710325786
week5-m3-f10-seed17,M3,17,missing_swir,Finland,11,Marine waters,892,3108,0.3745933947364283,0.0,True,0.4655701580982583
week5-m3-f10-seed17,M3,17,missing_swir,Finland,12,Mixed forest,2082,1918,0.686557782278555,0.2737752161383285,True,-0.01130377184869491
week5-m3-f10-seed17,M3,17,missing_swir,Finland,13,"Moors, heathland and sclerophyllous vegetation",26,3974,0.014438278085958932,0.11538461538461539,True,0.013318468954825897
week5-m3-f10-seed17,M3,17,missing_swir,Finland,14,Natural grassland and sparsely vegetated areas,2,3998,0.0008206833137542989,0.0,True,0.00011532303691328836
week5-m3-f10-seed17,M3,17,missing_swir,Finland,15,Pastures,3,3997,0.0011156093781179766,0.0,True,0.0018998047339256275
week5-m3-f10-seed17,M3,17,missing_swir,Finland,16,Permanent crops,1,3999,0.0007861635220125787,0.0,True,0.0029038733783564247
week5-m3-f10-seed17,M3,17,missing_swir,Finland,17,"Transitional woodland, shrub",1574,2426,0.5645009783742091,0.5330368487928844,True,-0.0876390778760116
week5-m3-f10-seed17,M3,17,missing_swir,Finland,18,Urban fabric,116,3884,0.09859848831290308,0.4224137931034483,True,0.045721509142358174
week5-m3-f10-seed17,M3,17,missing_swir,Portugal,0,Agro-forestry areas,1408,2592,0.3255833702162571,0.0,False,0.029852633547127028
week5-m3-f10-seed17,M3,17,missing_swir,Portugal,1,Arable land,1646,2354,0.5347999697458756,0.9678007290400972,True,0.10556905385365145
week5-m3-f10-seed17,M3,17,missing_swir,Portugal,2,"Beaches, dunes, sands",46,3954,0.019038745943131784,0.0,False,0.027466260707370724
week5-m3-f10-seed17,M3,17,missing_swir,Portugal,3,Broad-leaved forest,1588,2412,0.5911409535266274,0.7008816120906801,True,-0.0678071576323871
week5-m3-f10-seed17,M3,17,missing_swir,Portugal,4,Coastal wetlands,45,3955,0.014650281729073,0.0,False,0.011463031262355464
week5-m3-f10-seed17,M3,17,missing_swir,Portugal,5,Complex cultivation patterns,816,3184,0.2629073549300415,0.45588235294117646,True,-0.003816406779154291
week5-m3-f10-seed17,M3,17,missing_swir,Portugal,6,Coniferous forest,385,3615,0.2203860363373289,0.05454545454545454,True,-0.06258943477065079
week5-m3-f10-seed17,M3,17,missing_swir,Portugal,7,Industrial or commercial units,95,3905,0.08744906241666109,0.2631578947368421,True,0.040527322115991915
week5-m3-f10-seed17,M3,17,missing_swir,Portugal,8,Inland waters,206,3794,0.06235879766636543,0.0,True,0.1777526391537832
week5-m3-f10-seed17,M3,17,missing_swir,Portugal,9,Inland wetlands,4,3996,0.0039382701799420446,0.0,True,0.001365737947430664
week5-m3-f10-seed17,M3,17,missing_swir,Portugal,10,"Land principally occupied by agriculture, with significant areas of natural vegetation",763,3237,0.28364329028353463,0.44036697247706424,True,-0.07501359435013358
week5-m3-f10-seed17,M3,17,missing_swir,Portugal,11,Marine waters,498,3502,0.10539969158075345,0.002008032128514056,True,0.8575361295098439
week5-m3-f10-seed17,M3,17,missing_swir,Portugal,12,Mixed forest,587,3413,0.2088602127663113,0.13969335604770017,True,0.0131185706755097
week5-m3-f10-seed17,M3,17,missing_swir,Portugal,13,"Moors, heathland and sclerophyllous vegetation",507,3493,0.175351092831349,0.0019723865877712033,True,-0.0182670474392769
week5-m3-f10-seed17,M3,17,missing_swir,Portugal,14,Natural grassland and sparsely vegetated areas,50,3950,0.015535622410942746,0.02,True,0.0014335415017124997
week5-m3-f10-seed17,M3,17,missing_swir,Portugal,15,Pastures,579,3421,0.23070784125923724,0.6096718480138169,True,-0.026188227954222515
week5-m3-f10-seed17,M3,17,missing_swir,Portugal,16,Permanent crops,963,3037,0.2364253867020326,0.008307372793354102,True,0.08960048179364938
week5-m3-f10-seed17,M3,17,missing_swir,Portugal,17,"Transitional woodland, shrub",1752,2248,0.5831536022605913,0.1815068493150685,True,-0.10483987284828833
week5-m3-f10-seed17,M3,17,missing_swir,Portugal,18,Urban fabric,325,3675,0.11868796200319574,0.3476923076923077,True,0.15165891211143934
week5-m3-f10-seed17,M3,17,gain_0p9,I,0,Agro-forestry areas,0,3000,,,False,
week5-m3-f10-seed17,M3,17,gain_0p9,I,1,Arable land,1036,1964,0.8230739891475817,0.8552123552123552,True,-0.06841307636558802
week5-m3-f10-seed17,M3,17,gain_0p9,I,2,"Beaches, dunes, sands",24,2976,0.018770494098735626,0.0,False,-0.00034712366407523704
week5-m3-f10-seed17,M3,17,gain_0p9,I,3,Broad-leaved forest,718,2282,0.269638185190922,0.724233983286908,True,0.0699934037393874
week5-m3-f10-seed17,M3,17,gain_0p9,I,4,Coastal wetlands,1,2999,0.0004409171075837742,0.0,False,0.0007098308786072499
week5-m3-f10-seed17,M3,17,gain_0p9,I,5,Complex cultivation patterns,665,2335,0.3768320104009909,0.6827067669172933,True,0.04765140398787848
week5-m3-f10-seed17,M3,17,gain_0p9,I,6,Coniferous forest,580,2420,0.6959471564752815,0.7362068965517241,True,-0.010237411431354704
week5-m3-f10-seed17,M3,17,gain_0p9,I,7,Industrial or commercial units,87,2913,0.19472583610601535,0.21839080459770116,True,-0.012598792304992196
week5-m3-f10-seed17,M3,17,gain_0p9,I,8,Inland waters,208,2792,0.2953274187617423,0.3798076923076923,True,-0.006019193281790514
week5-m3-f10-seed17,M3,17,gain_0p9,I,9,Inland wetlands,273,2727,0.10160044770066892,0.007326007326007326,True,-0.014377179680160695
week5-m3-f10-seed17,M3,17,gain_0p9,I,10,"Land principally occupied by agriculture, with significant areas of natural vegetation",694,2306,0.34255680950834877,0.5072046109510087,True,-0.008556585003716422
week5-m3-f10-seed17,M3,17,gain_0p9,I,11,Marine waters,617,2383,0.9769729284908442,0.8638573743922204,True,-0.00041684417127374473
week5-m3-f10-seed17,M3,17,gain_0p9,I,12,Mixed forest,812,2188,0.5512850188934467,0.7450738916256158,True,0.00835947709488205
week5-m3-f10-seed17,M3,17,gain_0p9,I,13,"Moors, heathland and sclerophyllous vegetation",107,2893,0.05755439160117985,0.009345794392523364,True,-0.007339007264871862
week5-m3-f10-seed17,M3,17,gain_0p9,I,14,Natural grassland and sparsely vegetated areas,70,2930,0.028712768663368898,0.014285714285714285,True,0.01218761651556995
week5-m3-f10-seed17,M3,17,gain_0p9,I,15,Pastures,1100,1900,0.55085577262066,0.4263636363636364,True,0.12322640491676495
week5-m3-f10-seed17,M3,17,gain_0p9,I,16,Permanent crops,151,2849,0.12466734180922263,0.013245033112582781,True,0.028081016654255622
week5-m3-f10-seed17,M3,17,gain_0p9,I,17,"Transitional woodland, shrub",326,2674,0.16500564024181683,0.3220858895705521,True,0.006447918431421479
week5-m3-f10-seed17,M3,17,gain_0p9,I,18,Urban fabric,613,2387,0.6122952111253301,0.6084828711256117,True,-0.00888881924335283
week5-m3-f10-seed17,M3,17,gain_0p9,Finland,0,Agro-forestry areas,0,4000,,,False,
week5-m3-f10-seed17,M3,17,gain_0p9,Finland,1,Arable land,457,3543,0.37607048483848365,0.649890590809628,True,0.00867871435038614
week5-m3-f10-seed17,M3,17,gain_0p9,Finland,2,"Beaches, dunes, sands",1,3999,0.005291005291005291,0.0,False,-0.0029868578255675027
week5-m3-f10-seed17,M3,17,gain_0p9,Finland,3,Broad-leaved forest,229,3771,0.06286367650615293,0.7554585152838428,True,-0.00812214360458189
week5-m3-f10-seed17,M3,17,gain_0p9,Finland,4,Coastal wetlands,10,3990,0.011823151106523381,0.0,False,-0.002954652958398073
week5-m3-f10-seed17,M3,17,gain_0p9,Finland,5,Complex cultivation patterns,21,3979,0.01862781329812058,0.9047619047619048,True,-0.0011619262151193778
week5-m3-f10-seed17,M3,17,gain_0p9,Finland,6,Coniferous forest,2776,1224,0.9105852050830961,0.5075648414985591,True,-0.00638165187485773
week5-m3-f10-seed17,M3,17,gain_0p9,Finland,7,Industrial or commercial units,32,3968,0.07189545082460089,0.1875,True,-0.008715235671461402
week5-m3-f10-seed17,M3,17,gain_0p9,Finland,8,Inland waters,985,3015,0.5021628095520322,0.300507614213198,True,0.006192104845768598
week5-m3-f10-seed17,M3,17,gain_0p9,Finland,9,Inland wetlands,530,3470,0.20544781105235924,0.04150943396226415,True,0.01452417521954777
week5-m3-f10-seed17,M3,17,gain_0p9,Finland,10,"Land principally occupied by agriculture, with significant areas of natural vegetation",588,3412,0.1953688624568382,0.6037414965986394,True,0.0016023024155943366
week5-m3-f10-seed17,M3,17,gain_0p9,Finland,11,Marine waters,892,3108,0.8519710344476645,0.5997757847533632,True,-0.011807481612977955
week5-m3-f10-seed17,M3,17,gain_0p9,Finland,12,Mixed forest,2082,1918,0.6673476092385848,0.6181556195965417,True,0.00790640119127528
week5-m3-f10-seed17,M3,17,gain_0p9,Finland,13,"Moors, heathland and sclerophyllous vegetation",26,3974,0.03013890193716766,0.11538461538461539,True,-0.00238215489638283
week5-m3-f10-seed17,M3,17,gain_0p9,Finland,14,Natural grassland and sparsely vegetated areas,2,3998,0.0009297687067094953,0.0,True,6.237643958092011e-06
week5-m3-f10-seed17,M3,17,gain_0p9,Finland,15,Pastures,3,3997,0.0024746880469764553,1.0,True,0.0005407260650671488
week5-m3-f10-seed17,M3,17,gain_0p9,Finland,16,Permanent crops,1,3999,0.0024752475247524753,0.0,True,0.0012147893756165283
week5-m3-f10-seed17,M3,17,gain_0p9,Finland,17,"Transitional woodland, shrub",1574,2426,0.47237218133358405,0.4301143583227446,True,0.004489719164613437
week5-m3-f10-seed17,M3,17,gain_0p9,Finland,18,Urban fabric,116,3884,0.132597577387978,0.39655172413793105,True,0.011722420067283246
week5-m3-f10-seed17,M3,17,gain_0p9,Portugal,0,Agro-forestry areas,1408,2592,0.36960682713373494,0.0,False,-0.014170823370350805
week5-m3-f10-seed17,M3,17,gain_0p9,Portugal,1,Arable land,1646,2354,0.644665277023869,0.8578371810449574,True,-0.004296253424341923
week5-m3-f10-seed17,M3,17,gain_0p9,Portugal,2,"Beaches, dunes, sands",46,3954,0.04104846891460584,0.0,False,0.005456537735896667
week5-m3-f10-seed17,M3,17,gain_0p9,Portugal,3,Broad-leaved forest,1588,2412,0.5135043543205717,0.6202770780856424,True,0.009829441573668607
week5-m3-f10-seed17,M3,17,gain_0p9,Portugal,4,Coastal wetlands,45,3955,0.023004320012406935,0.0,False,0.0031089929790215284
week5-m3-f10-seed17,M3,17,gain_0p9,Portugal,5,Complex cultivation patterns,816,3184,0.260678677627995,0.6102941176470589,True,-0.00158772947710778
week5-m3-f10-seed17,M3,17,gain_0p9,Portugal,6,Coniferous forest,385,3615,0.1608857956254696,0.34805194805194806,True,-0.003089194058791489
week5-m3-f10-seed17,M3,17,gain_0p9,Portugal,7,Industrial or commercial units,95,3905,0.14332359984570622,0.15789473684210525,True,-0.01534721531305322
week5-m3-f10-seed17,M3,17,gain_0p9,Portugal,8,Inland waters,206,3794,0.2448339586622183,0.2087378640776699,True,-0.004722521842069671
week5-m3-f10-seed17,M3,17,gain_0p9,Portugal,9,Inland wetlands,4,3996,0.009261580908161253,0.0,True,-0.003957572780788544
week5-m3-f10-seed17,M3,17,gain_0p9,Portugal,10,"Land principally occupied by agriculture, with significant areas of natural vegetation",763,3237,0.2024461555998338,0.5727391874180865,True,0.0061835403335672445
week5-m3-f10-seed17,M3,17,gain_0p9,Portugal,11,Marine waters,498,3502,0.9607959124410667,0.8835341365461847,True,0.0021399086495307307
week5-m3-f10-seed17,M3,17,gain_0p9,Portugal,12,Mixed forest,587,3413,0.22676306138605118,0.30153321976149916,True,-0.00478427794423017
week5-m3-f10-seed17,M3,17,gain_0p9,Portugal,13,"Moors, heathland and sclerophyllous vegetation",507,3493,0.14911322751708941,0.01775147928994083,True,0.007970817874982689
week5-m3-f10-seed17,M3,17,gain_0p9,Portugal,14,Natural grassland and sparsely vegetated areas,50,3950,0.016959518774207462,0.1,True,9.645138447783586e-06
week5-m3-f10-seed17,M3,17,gain_0p9,Portugal,15,Pastures,579,3421,0.20578581315822128,0.32642487046632124,True,-0.0012661998532065566
week5-m3-f10-seed17,M3,17,gain_0p9,Portugal,16,Permanent crops,963,3037,0.297959366994672,0.0,True,0.028066501501009977
week5-m3-f10-seed17,M3,17,gain_0p9,Portugal,17,"Transitional woodland, shrub",1752,2248,0.466959973096628,0.22203196347031964,True,0.011353756315674979
week5-m3-f10-seed17,M3,17,gain_0p9,Portugal,18,Urban fabric,325,3675,0.31318574365601204,0.563076923076923,True,-0.042838869541376945
week5-m3-f10-seed17,M3,17,gain_1p1,I,0,Agro-forestry areas,0,3000,,,False,
week5-m3-f10-seed17,M3,17,gain_1p1,I,1,Arable land,1036,1964,0.5796663053519051,0.8947876447876448,True,0.17499460743008854
week5-m3-f10-seed17,M3,17,gain_1p1,I,2,"Beaches, dunes, sands",24,2976,0.020188531502516937,0.0,False,-0.001765161067856548
week5-m3-f10-seed17,M3,17,gain_1p1,I,3,Broad-leaved forest,718,2282,0.34233107728885054,0.6211699164345403,True,-0.002699488358541169
week5-m3-f10-seed17,M3,17,gain_1p1,I,4,Coastal wetlands,1,2999,0.006211180124223602,0.0,False,-0.005060432138032578
week5-m3-f10-seed17,M3,17,gain_1p1,I,5,Complex cultivation patterns,665,2335,0.45295258994758336,0.7699248120300752,True,-0.028469175558713977
week5-m3-f10-seed17,M3,17,gain_1p1,I,6,Coniferous forest,580,2420,0.6778076580741927,0.7224137931034482,True,0.007902086969734046
week5-m3-f10-seed17,M3,17,gain_1p1,I,7,Industrial or commercial units,87,2913,0.1977654395584419,0.1839080459770115,True,-0.015638395757418738
week5-m3-f10-seed17,M3,17,gain_1p1,I,8,Inland waters,208,2792,0.2806227370687926,0.3557692307692308,True,0.008685488411159181
week5-m3-f10-seed17,M3,17,gain_1p1,I,9,Inland wetlands,273,2727,0.087720448272324,0.014652014652014652,True,-0.0004971802518157764
week5-m3-f10-seed17,M3,17,gain_1p1,I,10,"Land principally occupied by agriculture, with significant areas of natural vegetation",694,2306,0.3166201813371445,0.48703170028818443,True,0.01738004316748787
week5-m3-f10-seed17,M3,17,gain_1p1,I,11,Marine waters,617,2383,0.9800219271045567,0.8687196110210696,True,-0.003465842784986295
week5-m3-f10-seed17,M3,17,gain_1p1,I,12,Mixed forest,812,2188,0.5775932803478392,0.6268472906403941,True,-0.017948784359510417
week5-m3-f10-seed17,M3,17,gain_1p1,I,13,"Moors, heathland and sclerophyllous vegetation",107,2893,0.06317925915197381,0.0,True,-0.01296387481566582
week5-m3-f10-seed17,M3,17,gain_1p1,I,14,Natural grassland and sparsely vegetated areas,70,2930,0.043447868069029984,0.08571428571428572,True,-0.0025474828900911364
week5-m3-f10-seed17,M3,17,gain_1p1,I,15,Pastures,1100,1900,0.6274048529248383,0.7418181818181818,True,0.04667732461258667
week5-m3-f10-seed17,M3,17,gain_1p1,I,16,Permanent crops,151,2849,0.15812997754314836,0.0,True,-0.005381619079670108
week5-m3-f10-seed17,M3,17,gain_1p1,I,17,"Transitional woodland, shrub",326,2674,0.16791638915825244,0.3312883435582822,True,0.003537169514985866
week5-m3-f10-seed17,M3,17,gain_1p1,I,18,Urban fabric,613,2387,0.539779068200117,0.466557911908646,True,0.0636273236818603
week5-m3-f10-seed17,M3,17,gain_1p1,Finland,0,Agro-forestry areas,0,4000,,,False,
week5-m3-f10-seed17,M3,17,gain_1p1,Finland,1,Arable land,457,3543,0.3776726029598214,0.7461706783369803,True,0.007076596229048382
week5-m3-f10-seed17,M3,17,gain_1p1,Finland,2,"Beaches, dunes, sands",1,3999,0.0014992503748125937,0.0,False,0.0008048970906251944
week5-m3-f10-seed17,M3,17,gain_1p1,Finland,3,Broad-leaved forest,229,3771,0.050007072249521674,0.74235807860262,True,0.004734460652049369
week5-m3-f10-seed17,M3,17,gain_1p1,Finland,4,Coastal wetlands,10,3990,0.00485220579820246,0.0,False,0.004016292349922848
week5-m3-f10-seed17,M3,17,gain_1p1,Finland,5,Complex cultivation patterns,21,3979,0.015704004881347083,0.9523809523809523,True,0.0017618822016541198
week5-m3-f10-seed17,M3,17,gain_1p1,Finland,6,Coniferous forest,2776,1224,0.8967689608826873,0.3706772334293948,True,0.007434592325551104
week5-m3-f10-seed17,M3,17,gain_1p1,Finland,7,Industrial or commercial units,32,3968,0.08159263217393362,0.125,True,-0.01841241702079413
week5-m3-f10-seed17,M3,17,gain_1p1,Finland,8,Inland waters,985,3015,0.5117444682065572,0.3177664974619289,True,-0.003389553808756385
week5-m3-f10-seed17,M3,17,gain_1p1,Finland,9,Inland wetlands,530,3470,0.21458829306562327,0.12452830188679245,True,0.005383693206283735
week5-m3-f10-seed17,M3,17,gain_1p1,Finland,10,"Land principally occupied by agriculture, with significant areas of natural vegetation",588,3412,0.2021711365748854,0.7346938775510204,True,-0.005199971702452844
week5-m3-f10-seed17,M3,17,gain_1p1,Finland,11,Marine waters,892,3108,0.8152495615808754,0.6457399103139013,True,0.02491399125381122
week5-m3-f10-seed17,M3,17,gain_1p1,Finland,12,Mixed forest,2082,1918,0.6878937791792877,0.5004803073967339,True,-0.012639768749427627
week5-m3-f10-seed17,M3,17,gain_1p1,Finland,13,"Moors, heathland and sclerophyllous vegetation",26,3974,0.029078735305034516,0.19230769230769232,True,-0.0013219882642496877
week5-m3-f10-seed17,M3,17,gain_1p1,Finland,14,Natural grassland and sparsely vegetated areas,2,3998,0.0009898799445898108,0.0,True,-5.387359392222354e-05
week5-m3-f10-seed17,M3,17,gain_1p1,Finland,15,Pastures,3,3997,0.003993873836278714,1.0,True,-0.00097845972423511
week5-m3-f10-seed17,M3,17,gain_1p1,Finland,16,Permanent crops,1,3999,0.004901960784313725,0.0,True,-0.0012119238839447218
week5-m3-f10-seed17,M3,17,gain_1p1,Finland,17,"Transitional woodland, shrub",1574,2426,0.4771458517920122,0.40216010165184246,True,-0.0002839512938146993
week5-m3-f10-seed17,M3,17,gain_1p1,Finland,18,Urban fabric,116,3884,0.1366932310479281,0.3620689655172414,True,0.0076267664073331465
week5-m3-f10-seed17,M3,17,gain_1p1,Portugal,0,Agro-forestry areas,1408,2592,0.3525058752762987,0.0,False,0.0029301284870854594
week5-m3-f10-seed17,M3,17,gain_1p1,Portugal,1,Arable land,1646,2354,0.6154308634705042,0.8961117861482382,True,0.024938160129022835
week5-m3-f10-seed17,M3,17,gain_1p1,Portugal,2,"Beaches, dunes, sands",46,3954,0.048786819185506876,0.0,False,-0.0022818125350043683
week5-m3-f10-seed17,M3,17,gain_1p1,Portugal,3,Broad-leaved forest,1588,2412,0.5299182610269362,0.5906801007556675,True,-0.006584465132695838
week5-m3-f10-seed17,M3,17,gain_1p1,Portugal,4,Coastal wetlands,45,3955,0.019372305763828285,0.0,False,0.0067410072276001785
week5-m3-f10-seed17,M3,17,gain_1p1,Portugal,5,Complex cultivation patterns,816,3184,0.263457817625958,0.5821078431372549,True,-0.004366869475070756
week5-m3-f10-seed17,M3,17,gain_1p1,Portugal,6,Coniferous forest,385,3615,0.16200023023127663,0.2831168831168831,True,-0.00420362866459853
week5-m3-f10-seed17,M3,17,gain_1p1,Portugal,7,Industrial or commercial units,95,3905,0.10477563292401208,0.031578947368421054,True,0.02320075160864092
week5-m3-f10-seed17,M3,17,gain_1p1,Portugal,8,Inland waters,206,3794,0.24312209533204712,0.22330097087378642,True,-0.003010658511898495
week5-m3-f10-seed17,M3,17,gain_1p1,Portugal,9,Inland wetlands,4,3996,0.003205542094278158,0.0,True,0.0020984660330945508
week5-m3-f10-seed17,M3,17,gain_1p1,Portugal,10,"Land principally occupied by agriculture, with significant areas of natural vegetation",763,3237,0.22564817263345482,0.5360419397116645,True,-0.01701847670005377
week5-m3-f10-seed17,M3,17,gain_1p1,Portugal,11,Marine waters,498,3502,0.9643931577533439,0.8855421686746988,True,-0.0014573366627465
week5-m3-f10-seed17,M3,17,gain_1p1,Portugal,12,Mixed forest,587,3413,0.2281936609767989,0.1686541737649063,True,-0.006214877534977903
week5-m3-f10-seed17,M3,17,gain_1p1,Portugal,13,"Moors, heathland and sclerophyllous vegetation",507,3493,0.16231333862492658,0.027613412228796843,True,-0.005229293232854482
week5-m3-f10-seed17,M3,17,gain_1p1,Portugal,14,Natural grassland and sparsely vegetated areas,50,3950,0.0135242839167317,0.14,True,0.0034448799959235447
week5-m3-f10-seed17,M3,17,gain_1p1,Portugal,15,Pastures,579,3421,0.1865577239684603,0.3298791018998273,True,0.017961889336554432
week5-m3-f10-seed17,M3,17,gain_1p1,Portugal,16,Permanent crops,963,3037,0.3401946329954874,0.0010384215991692627,True,-0.01416876449980542
week5-m3-f10-seed17,M3,17,gain_1p1,Portugal,17,"Transitional woodland, shrub",1752,2248,0.5000472199845374,0.3487442922374429,True,-0.021733490572234393
week5-m3-f10-seed17,M3,17,gain_1p1,Portugal,18,Urban fabric,325,3675,0.22316608581951788,0.3323076923076923,True,0.04718078829511721
week5-m4-f10-seed17,M4,17,clean,I,0,Agro-forestry areas,0,3000,,,False,
week5-m4-f10-seed17,M4,17,clean,I,1,Arable land,1036,1964,0.704328565310303,0.9034749034749034,True,0.0
week5-m4-f10-seed17,M4,17,clean,I,2,"Beaches, dunes, sands",24,2976,0.030957776950782112,0.0,False,0.0
week5-m4-f10-seed17,M4,17,clean,I,3,Broad-leaved forest,718,2282,0.4141531603796266,0.7353760445682451,True,0.0
week5-m4-f10-seed17,M4,17,clean,I,4,Coastal wetlands,1,2999,0.00041911148365465214,0.0,False,0.0
week5-m4-f10-seed17,M4,17,clean,I,5,Complex cultivation patterns,665,2335,0.39938646999348576,0.7112781954887218,True,0.0
week5-m4-f10-seed17,M4,17,clean,I,6,Coniferous forest,580,2420,0.6900718084337865,0.7482758620689656,True,0.0
week5-m4-f10-seed17,M4,17,clean,I,7,Industrial or commercial units,87,2913,0.2565937687718348,0.16091954022988506,True,0.0
week5-m4-f10-seed17,M4,17,clean,I,8,Inland waters,208,2792,0.2948295585031802,0.3269230769230769,True,0.0
week5-m4-f10-seed17,M4,17,clean,I,9,Inland wetlands,273,2727,0.09250326245564014,0.01098901098901099,True,0.0
week5-m4-f10-seed17,M4,17,clean,I,10,"Land principally occupied by agriculture, with significant areas of natural vegetation",694,2306,0.3549430765614599,0.6296829971181557,True,0.0
week5-m4-f10-seed17,M4,17,clean,I,11,Marine waters,617,2383,0.9649867942207974,0.873581847649919,True,0.0
week5-m4-f10-seed17,M4,17,clean,I,12,Mixed forest,812,2188,0.5868236800686114,0.7179802955665024,True,0.0
week5-m4-f10-seed17,M4,17,clean,I,13,"Moors, heathland and sclerophyllous vegetation",107,2893,0.05581570791335088,0.009345794392523364,True,0.0
week5-m4-f10-seed17,M4,17,clean,I,14,Natural grassland and sparsely vegetated areas,70,2930,0.04790212278499385,0.08571428571428572,True,0.0
week5-m4-f10-seed17,M4,17,clean,I,15,Pastures,1100,1900,0.7695613568166488,0.7809090909090909,True,0.0
week5-m4-f10-seed17,M4,17,clean,I,16,Permanent crops,151,2849,0.10405564970923276,0.0,True,0.0
week5-m4-f10-seed17,M4,17,clean,I,17,"Transitional woodland, shrub",326,2674,0.17421911138971652,0.4110429447852761,True,0.0
week5-m4-f10-seed17,M4,17,clean,I,18,Urban fabric,613,2387,0.6444237211494666,0.5513866231647635,True,0.0
week5-m4-f10-seed17,M4,17,clean,Finland,0,Agro-forestry areas,0,4000,,,False,
week5-m4-f10-seed17,M4,17,clean,Finland,1,Arable land,457,3543,0.37003433254810314,0.6608315098468271,True,0.0
week5-m4-f10-seed17,M4,17,clean,Finland,2,"Beaches, dunes, sands",1,3999,0.002967359050445104,0.0,False,0.0
week5-m4-f10-seed17,M4,17,clean,Finland,3,Broad-leaved forest,229,3771,0.0541709444308238,0.8296943231441049,True,0.0
week5-m4-f10-seed17,M4,17,clean,Finland,4,Coastal wetlands,10,3990,0.03784070879639068,0.0,False,0.0
week5-m4-f10-seed17,M4,17,clean,Finland,5,Complex cultivation patterns,21,3979,0.05136597699601832,0.9047619047619048,True,0.0
week5-m4-f10-seed17,M4,17,clean,Finland,6,Coniferous forest,2776,1224,0.8500398633979357,0.48018731988472624,True,0.0
week5-m4-f10-seed17,M4,17,clean,Finland,7,Industrial or commercial units,32,3968,0.04188099997514108,0.09375,True,0.0
week5-m4-f10-seed17,M4,17,clean,Finland,8,Inland waters,985,3015,0.41926519715464977,0.1715736040609137,True,0.0
week5-m4-f10-seed17,M4,17,clean,Finland,9,Inland wetlands,530,3470,0.17149129570297247,0.03773584905660377,True,0.0
week5-m4-f10-seed17,M4,17,clean,Finland,10,"Land principally occupied by agriculture, with significant areas of natural vegetation",588,3412,0.22281108767565125,0.6751700680272109,True,0.0
week5-m4-f10-seed17,M4,17,clean,Finland,11,Marine waters,892,3108,0.7177134142737488,0.1804932735426009,True,0.0
week5-m4-f10-seed17,M4,17,clean,Finland,12,Mixed forest,2082,1918,0.6149043434183391,0.5734870317002881,True,0.0
week5-m4-f10-seed17,M4,17,clean,Finland,13,"Moors, heathland and sclerophyllous vegetation",26,3974,0.03287400971215699,0.38461538461538464,True,0.0
week5-m4-f10-seed17,M4,17,clean,Finland,14,Natural grassland and sparsely vegetated areas,2,3998,0.00150995864218851,0.0,True,0.0
week5-m4-f10-seed17,M4,17,clean,Finland,15,Pastures,3,3997,0.0012120602731819819,0.3333333333333333,True,0.0
week5-m4-f10-seed17,M4,17,clean,Finland,16,Permanent crops,1,3999,0.00046189376443418013,0.0,True,0.0
week5-m4-f10-seed17,M4,17,clean,Finland,17,"Transitional woodland, shrub",1574,2426,0.45961637082999657,0.47966963151207115,True,0.0
week5-m4-f10-seed17,M4,17,clean,Finland,18,Urban fabric,116,3884,0.1016777130241935,0.4051724137931034,True,0.0
week5-m4-f10-seed17,M4,17,clean,Portugal,0,Agro-forestry areas,1408,2592,0.31967849242132934,0.0,False,0.0
week5-m4-f10-seed17,M4,17,clean,Portugal,1,Arable land,1646,2354,0.6128278017146404,0.9143377885783718,True,0.0
week5-m4-f10-seed17,M4,17,clean,Portugal,2,"Beaches, dunes, sands",46,3954,0.07990477883723364,0.0,False,0.0
week5-m4-f10-seed17,M4,17,clean,Portugal,3,Broad-leaved forest,1588,2412,0.5207398273943986,0.5837531486146096,True,0.0
week5-m4-f10-seed17,M4,17,clean,Portugal,4,Coastal wetlands,45,3955,0.043346290519669664,0.0,False,0.0
week5-m4-f10-seed17,M4,17,clean,Portugal,5,Complex cultivation patterns,816,3184,0.27924963568640304,0.4387254901960784,True,0.0
week5-m4-f10-seed17,M4,17,clean,Portugal,6,Coniferous forest,385,3615,0.16754663442356713,0.41818181818181815,True,0.0
week5-m4-f10-seed17,M4,17,clean,Portugal,7,Industrial or commercial units,95,3905,0.07987681132647866,0.010526315789473684,True,0.0
week5-m4-f10-seed17,M4,17,clean,Portugal,8,Inland waters,206,3794,0.14022966989563676,0.0970873786407767,True,0.0
week5-m4-f10-seed17,M4,17,clean,Portugal,9,Inland wetlands,4,3996,0.03839165583335227,0.0,True,0.0
week5-m4-f10-seed17,M4,17,clean,Portugal,10,"Land principally occupied by agriculture, with significant areas of natural vegetation",763,3237,0.23583859043227767,0.546526867627785,True,0.0
week5-m4-f10-seed17,M4,17,clean,Portugal,11,Marine waters,498,3502,0.9383641620004182,0.5220883534136547,True,0.0
week5-m4-f10-seed17,M4,17,clean,Portugal,12,Mixed forest,587,3413,0.2288898780056776,0.2879045996592845,True,0.0
week5-m4-f10-seed17,M4,17,clean,Portugal,13,"Moors, heathland and sclerophyllous vegetation",507,3493,0.1615120026142114,0.08284023668639054,True,0.0
week5-m4-f10-seed17,M4,17,clean,Portugal,14,Natural grassland and sparsely vegetated areas,50,3950,0.01683830015459389,0.26,True,0.0
week5-m4-f10-seed17,M4,17,clean,Portugal,15,Pastures,579,3421,0.1651021236982414,0.14680483592400692,True,0.0
week5-m4-f10-seed17,M4,17,clean,Portugal,16,Permanent crops,963,3037,0.29029318807398075,0.0,True,0.0
week5-m4-f10-seed17,M4,17,clean,Portugal,17,"Transitional woodland, shrub",1752,2248,0.535444807933413,0.4315068493150685,True,0.0
week5-m4-f10-seed17,M4,17,clean,Portugal,18,Urban fabric,325,3675,0.3188597396509755,0.3446153846153846,True,0.0
week5-m4-f10-seed17,M4,17,missing_b08,I,0,Agro-forestry areas,0,3000,,,False,
week5-m4-f10-seed17,M4,17,missing_b08,I,1,Arable land,1036,1964,0.5317901931817866,0.9584942084942085,True,0.17253837212851642
week5-m4-f10-seed17,M4,17,missing_b08,I,2,"Beaches, dunes, sands",24,2976,0.02998816697536187,0.0,False,0.0009696099754202409
week5-m4-f10-seed17,M4,17,missing_b08,I,3,Broad-leaved forest,718,2282,0.4705285265737947,0.6100278551532033,True,-0.05637536619416811
week5-m4-f10-seed17,M4,17,missing_b08,I,4,Coastal wetlands,1,2999,0.000484027105517909,0.0,False,-6.491562186325688e-05
week5-m4-f10-seed17,M4,17,missing_b08,I,5,Complex cultivation patterns,665,2335,0.3900626727008995,0.5082706766917293,True,0.009323797292586256
week5-m4-f10-seed17,M4,17,missing_b08,I,6,Coniferous forest,580,2420,0.4579132540205052,0.3793103448275862,True,0.23215855441328126
week5-m4-f10-seed17,M4,17,missing_b08,I,7,Industrial or commercial units,87,2913,0.169367429963367,0.10344827586206896,True,0.08722633880846781
week5-m4-f10-seed17,M4,17,missing_b08,I,8,Inland waters,208,2792,0.12192279209824858,0.23557692307692307,True,0.17290676640493163
week5-m4-f10-seed17,M4,17,missing_b08,I,9,Inland wetlands,273,2727,0.15910390300696095,0.054945054945054944,True,-0.06660064055132081
week5-m4-f10-seed17,M4,17,missing_b08,I,10,"Land principally occupied by agriculture, with significant areas of natural vegetation",694,2306,0.3058387681058201,0.3976945244956772,True,0.04910430845563979
week5-m4-f10-seed17,M4,17,missing_b08,I,11,Marine waters,617,2383,0.3763633486950642,0.008103727714748784,True,0.5886234455257331
week5-m4-f10-seed17,M4,17,missing_b08,I,12,Mixed forest,812,2188,0.5738333734078052,0.5394088669950738,True,0.01299030666080625
week5-m4-f10-seed17,M4,17,missing_b08,I,13,"Moors, heathland and sclerophyllous vegetation",107,2893,0.0993533494465997,0.056074766355140186,True,-0.043537641533248815
week5-m4-f10-seed17,M4,17,missing_b08,I,14,Natural grassland and sparsely vegetated areas,70,2930,0.04513618669581513,0.014285714285714285,True,0.0027659360891787235
week5-m4-f10-seed17,M4,17,missing_b08,I,15,Pastures,1100,1900,0.6726586524955827,0.7718181818181818,True,0.09690270432106618
week5-m4-f10-seed17,M4,17,missing_b08,I,16,Permanent crops,151,2849,0.13033325489035152,0.0,True,-0.02627760518111877
week5-m4-f10-seed17,M4,17,missing_b08,I,17,"Transitional woodland, shrub",326,2674,0.21584903931563829,0.3343558282208589,True,-0.04162992792592177
week5-m4-f10-seed17,M4,17,missing_b08,I,18,Urban fabric,613,2387,0.48843551120276235,0.3703099510603589,True,0.1559882099467042
week5-m4-f10-seed17,M4,17,missing_b08,Finland,0,Agro-forestry areas,0,4000,,,False,
week5-m4-f10-seed17,M4,17,missing_b08,Finland,1,Arable land,457,3543,0.3511676435188549,0.8358862144420132,True,0.018866689029248263
week5-m4-f10-seed17,M4,17,missing_b08,Finland,2,"Beaches, dunes, sands",1,3999,0.000449034575662326,0.0,False,0.002518324474782778
week5-m4-f10-seed17,M4,17,missing_b08,Finland,3,Broad-leaved forest,229,3771,0.05792555182835241,0.7074235807860262,True,-0.0037546073975286143
week5-m4-f10-seed17,M4,17,missing_b08,Finland,4,Coastal wetlands,10,3990,0.015427661064810107,0.0,False,0.022413047731580576
week5-m4-f10-seed17,M4,17,missing_b08,Finland,5,Complex cultivation patterns,21,3979,0.035240490379137734,0.9047619047619048,True,0.016125486616880583
week5-m4-f10-seed17,M4,17,missing_b08,Finland,6,Coniferous forest,2776,1224,0.912819433137137,0.2121757925072046,True,-0.06277956973920129
week5-m4-f10-seed17,M4,17,missing_b08,Finland,7,Industrial or commercial units,32,3968,0.04995318436637687,0.375,True,-0.00807218439123579
week5-m4-f10-seed17,M4,17,missing_b08,Finland,8,Inland waters,985,3015,0.4768298067196027,0.17563451776649747,True,-0.05756460956495291
week5-m4-f10-seed17,M4,17,missing_b08,Finland,9,Inland wetlands,530,3470,0.25280632752335536,0.10943396226415095,True,-0.08131503182038288
week5-m4-f10-seed17,M4,17,missing_b08,Finland,10,"Land principally occupied by agriculture, with significant areas of natural vegetation",588,3412,0.16590418212271413,0.7142857142857143,True,0.05690690555293712
week5-m4-f10-seed17,M4,17,missing_b08,Finland,11,Marine waters,892,3108,0.3629725296665119,0.002242152466367713,True,0.3547408846072369
week5-m4-f10-seed17,M4,17,missing_b08,Finland,12,Mixed forest,2082,1918,0.6657266321374137,0.4903938520653218,True,-0.05082228871907457
week5-m4-f10-seed17,M4,17,missing_b08,Finland,13,"Moors, heathland and sclerophyllous vegetation",26,3974,0.10458474839833753,0.5769230769230769,True,-0.07171073868618055
week5-m4-f10-seed17,M4,17,missing_b08,Finland,14,Natural grassland and sparsely vegetated areas,2,3998,0.0008680243305246667,0.0,True,0.0006419343116638434
week5-m4-f10-seed17,M4,17,missing_b08,Finland,15,Pastures,3,3997,0.0009131419383223899,0.3333333333333333,True,0.000298918334859592
week5-m4-f10-seed17,M4,17,missing_b08,Finland,16,Permanent crops,1,3999,0.0005094243504839531,0.0,True,-4.7530586049773e-05
week5-m4-f10-seed17,M4,17,missing_b08,Finland,17,"Transitional woodland, shrub",1574,2426,0.5424926899862914,0.39644218551461247,True,-0.08287631915629484
week5-m4-f10-seed17,M4,17,missing_b08,Finland,18,Urban fabric,116,3884,0.11375463956586615,0.5948275862068966,True,-0.012076926541672653
week5-m4-f10-seed17,M4,17,missing_b08,Portugal,0,Agro-forestry areas,1408,2592,0.31355678628064454,0.0,False,0.006121706140684802
week5-m4-f10-seed17,M4,17,missing_b08,Portugal,1,Arable land,1646,2354,0.6009939279489311,0.9635479951397327,True,0.011833873765709213
week5-m4-f10-seed17,M4,17,missing_b08,Portugal,2,"Beaches, dunes, sands",46,3954,0.05595943625322056,0.0,False,0.023945342584013082
week5-m4-f10-seed17,M4,17,missing_b08,Portugal,3,Broad-leaved forest,1588,2412,0.6117016683889113,0.5856423173803527,True,-0.09096184099451265
week5-m4-f10-seed17,M4,17,missing_b08,Portugal,4,Coastal wetlands,45,3955,0.011590165025510416,0.0,False,0.03175612549415925
week5-m4-f10-seed17,M4,17,missing_b08,Portugal,5,Complex cultivation patterns,816,3184,0.22755023720183434,0.43137254901960786,True,0.0516993984845687
week5-m4-f10-seed17,M4,17,missing_b08,Portugal,6,Coniferous forest,385,3615,0.16653573254969603,0.14285714285714285,True,0.001010901873871095
week5-m4-f10-seed17,M4,17,missing_b08,Portugal,7,Industrial or commercial units,95,3905,0.09794296652589136,0.06315789473684211,True,-0.01806615519941271
week5-m4-f10-seed17,M4,17,missing_b08,Portugal,8,Inland waters,206,3794,0.06972058764259674,0.07281553398058252,True,0.07050908225304002
week5-m4-f10-seed17,M4,17,missing_b08,Portugal,9,Inland wetlands,4,3996,0.002252470405153774,0.0,True,0.0361391854281985
week5-m4-f10-seed17,M4,17,missing_b08,Portugal,10,"Land principally occupied by agriculture, with significant areas of natural vegetation",763,3237,0.21403566901864232,0.5058977719528178,True,0.02180292141363535
week5-m4-f10-seed17,M4,17,missing_b08,Portugal,11,Marine waters,498,3502,0.5297022658601992,0.13453815261044177,True,0.40866189614021897
week5-m4-f10-seed17,M4,17,missing_b08,Portugal,12,Mixed forest,587,3413,0.2605730116576964,0.23509369676320271,True,-0.03168313365201883
week5-m4-f10-seed17,M4,17,missing_b08,Portugal,13,"Moors, heathland and sclerophyllous vegetation",507,3493,0.1469907202313382,0.0039447731755424065,True,0.014521282382873202
week5-m4-f10-seed17,M4,17,missing_b08,Portugal,14,Natural grassland and sparsely vegetated areas,50,3950,0.016805858917475033,0.12,True,3.244123711885691e-05
week5-m4-f10-seed17,M4,17,missing_b08,Portugal,15,Pastures,579,3421,0.14330054194610709,0.21070811744386875,True,0.021801581752134314
week5-m4-f10-seed17,M4,17,missing_b08,Portugal,16,Permanent crops,963,3037,0.3003716117100591,0.0,True,-0.01007842363607836
week5-m4-f10-seed17,M4,17,missing_b08,Portugal,17,"Transitional woodland, shrub",1752,2248,0.5341756750874191,0.2893835616438356,True,0.0012691328459938367
week5-m4-f10-seed17,M4,17,missing_b08,Portugal,18,Urban fabric,325,3675,0.2771971357493558,0.4461538461538462,True,0.041662603901619744
week5-m4-f10-seed17,M4,17,missing_red_edge,I,0,Agro-forestry areas,0,3000,,,False,
week5-m4-f10-seed17,M4,17,missing_red_edge,I,1,Arable land,1036,1964,0.6192826723577886,0.8967181467181468,True,0.08504589295251441
week5-m4-f10-seed17,M4,17,missing_red_edge,I,2,"Beaches, dunes, sands",24,2976,0.011527513477045878,0.0,False,0.019430263473736234
week5-m4-f10-seed17,M4,17,missing_red_edge,I,3,Broad-leaved forest,718,2282,0.3074806141730296,0.8091922005571031,True,0.106672546206597
week5-m4-f10-seed17,M4,17,missing_red_edge,I,4,Coastal wetlands,1,2999,0.0003661662394727206,0.0,False,5.2945244181931553e-05
week5-m4-f10-seed17,M4,17,missing_red_edge,I,5,Complex cultivation patterns,665,2335,0.23572362369670408,0.7037593984962406,True,0.16366284629678168
week5-m4-f10-seed17,M4,17,missing_red_edge,I,6,Coniferous forest,580,2420,0.5082210439721357,0.5482758620689655,True,0.18185076446165072
week5-m4-f10-seed17,M4,17,missing_red_edge,I,7,Industrial or commercial units,87,2913,0.0631967764284876,0.14942528735632185,True,0.19339699234334723
week5-m4-f10-seed17,M4,17,missing_red_edge,I,8,Inland waters,208,2792,0.1112470434773099,0.08173076923076923,True,0.1835825150258703
week5-m4-f10-seed17,M4,17,missing_red_edge,I,9,Inland wetlands,273,2727,0.132433462630257,0.003663003663003663,True,-0.03993020017461685
week5-m4-f10-seed17,M4,17,missing_red_edge,I,10,"Land principally occupied by agriculture, with significant areas of natural vegetation",694,2306,0.3643129727674778,0.7881844380403458,True,-0.009369896206017914
week5-m4-f10-seed17,M4,17,missing_red_edge,I,11,Marine waters,617,2383,0.16836036533152063,0.0,True,0.7966264288892767
week5-m4-f10-seed17,M4,17,missing_red_edge,I,12,Mixed forest,812,2188,0.5204645000702648,0.6428571428571429,True,0.06635917999834662
week5-m4-f10-seed17,M4,17,missing_red_edge,I,13,"Moors, heathland and sclerophyllous vegetation",107,2893,0.0607649761984395,0.09345794392523364,True,-0.004949268285088619
week5-m4-f10-seed17,M4,17,missing_red_edge,I,14,Natural grassland and sparsely vegetated areas,70,2930,0.043944886469122584,0.1,True,0.0039572363158712695
week5-m4-f10-seed17,M4,17,missing_red_edge,I,15,Pastures,1100,1900,0.4908132656389366,0.769090909090909,True,0.2787480911777122
week5-m4-f10-seed17,M4,17,missing_red_edge,I,16,Permanent crops,151,2849,0.05687735473208572,0.0,True,0.04717829497714703
week5-m4-f10-seed17,M4,17,missing_red_edge,I,17,"Transitional woodland, shrub",326,2674,0.15102677670305492,0.2331288343558282,True,0.023192334686661598
week5-m4-f10-seed17,M4,17,missing_red_edge,I,18,Urban fabric,613,2387,0.36516691730577605,0.799347471451876,True,0.2792568038436905
week5-m4-f10-seed17,M4,17,missing_red_edge,Finland,0,Agro-forestry areas,0,4000,,,False,
week5-m4-f10-seed17,M4,17,missing_red_edge,Finland,1,Arable land,457,3543,0.2508472678657159,0.7724288840262582,True,0.11918706468238727
week5-m4-f10-seed17,M4,17,missing_red_edge,Finland,2,"Beaches, dunes, sands",1,3999,0.0003790750568612585,0.0,False,0.0025882839935838457
week5-m4-f10-seed17,M4,17,missing_red_edge,Finland,3,Broad-leaved forest,229,3771,0.06000105367233466,0.8034934497816594,True,-0.00583010924151086
week5-m4-f10-seed17,M4,17,missing_red_edge,Finland,4,Coastal wetlands,10,3990,0.009443702745772472,0.0,False,0.028397006050618213
week5-m4-f10-seed17,M4,17,missing_red_edge,Finland,5,Complex cultivation patterns,21,3979,0.03412175712219555,0.9523809523809523,True,0.01724421987382277
week5-m4-f10-seed17,M4,17,missing_red_edge,Finland,6,Coniferous forest,2776,1224,0.750062359582208,0.4074207492795389,True,0.09997750381572768
week5-m4-f10-seed17,M4,17,missing_red_edge,Finland,7,Industrial or commercial units,32,3968,0.0322327707980118,0.09375,True,0.009648229177129278
week5-m4-f10-seed17,M4,17,missing_red_edge,Finland,8,Inland waters,985,3015,0.4203887855462827,0.10761421319796954,True,-0.0011235883916329015
week5-m4-f10-seed17,M4,17,missing_red_edge,Finland,9,Inland wetlands,530,3470,0.21468952469968344,0.1811320754716981,True,-0.04319822899671097
week5-m4-f10-seed17,M4,17,missing_red_edge,Finland,10,"Land principally occupied by agriculture, with significant areas of natural vegetation",588,3412,0.16775649686270222,0.6394557823129252,True,0.05505459081294903
week5-m4-f10-seed17,M4,17,missing_red_edge,Finland,11,Marine waters,892,3108,0.17368871928837112,0.0,True,0.5440246949853776
week5-m4-f10-seed17,M4,17,missing_red_edge,Finland,12,Mixed forest,2082,1918,0.4799683794251091,0.5504322766570605,True,0.13493596399323
week5-m4-f10-seed17,M4,17,missing_red_edge,Finland,13,"Moors, heathland and sclerophyllous vegetation",26,3974,0.023826077242201094,0.6538461538461539,True,0.009047932469955895
week5-m4-f10-seed17,M4,17,missing_red_edge,Finland,14,Natural grassland and sparsely vegetated areas,2,3998,0.0012329675078090383,0.0,True,0.00027699113437947183
week5-m4-f10-seed17,M4,17,missing_red_edge,Finland,15,Pastures,3,3997,0.0009079240228402756,0.3333333333333333,True,0.00030413625034170623
week5-m4-f10-seed17,M4,17,missing_red_edge,Finland,16,Permanent crops,1,3999,0.0003795066413662239,0.0,True,8.238712306795623e-05
week5-m4-f10-seed17,M4,17,missing_red_edge,Finland,17,"Transitional woodland, shrub",1574,2426,0.47891010523688093,0.4040660736975858,True,-0.019293734406884366
week5-m4-f10-seed17,M4,17,missing_red_edge,Finland,18,Urban fabric,116,3884,0.10707444285765125,0.6637931034482759,True,-0.00539672983345775
week5-m4-f10-seed17,M4,17,missing_red_edge,Portugal,0,Agro-forestry areas,1408,2592,0.3198498489384161,0.0,False,-0.00017135651708677369
week5-m4-f10-seed17,M4,17,missing_red_edge,Portugal,1,Arable land,1646,2354,0.5047067589327877,0.9125151883353585,True,0.10812104278185264
week5-m4-f10-seed17,M4,17,missing_red_edge,Portugal,2,"Beaches, dunes, sands",46,3954,0.022747302978461132,0.0,False,0.05715747585877251
week5-m4-f10-seed17,M4,17,missing_red_edge,Portugal,3,Broad-leaved forest,1588,2412,0.5608438920996389,0.5358942065491183,True,-0.040104064705240305
week5-m4-f10-seed17,M4,17,missing_red_edge,Portugal,4,Coastal wetlands,45,3955,0.015685989088128516,0.0,False,0.02766030143154115
week5-m4-f10-seed17,M4,17,missing_red_edge,Portugal,5,Complex cultivation patterns,816,3184,0.23599102680518122,0.3946078431372549,True,0.04325860888122182
week5-m4-f10-seed17,M4,17,missing_red_edge,Portugal,6,Coniferous forest,385,3615,0.12804747495249885,0.34805194805194806,True,0.039499159471068274
week5-m4-f10-seed17,M4,17,missing_red_edge,Portugal,7,Industrial or commercial units,95,3905,0.02229955454581158,0.021052631578947368,True,0.05757725678066708
week5-m4-f10-seed17,M4,17,missing_red_edge,Portugal,8,Inland waters,206,3794,0.05919729711899099,0.0048543689320388345,True,0.08103237277664577
week5-m4-f10-seed17,M4,17,missing_red_edge,Portugal,9,Inland wetlands,4,3996,0.0010205464007766326,0.0,True,0.03737110943257564
week5-m4-f10-seed17,M4,17,missing_red_edge,Portugal,10,"Land principally occupied by agriculture, with significant areas of natural vegetation",763,3237,0.20751923142612033,0.4600262123197903,True,0.02831935900615734
week5-m4-f10-seed17,M4,17,missing_red_edge,Portugal,11,Marine waters,498,3502,0.26788410915230665,0.004016064257028112,True,0.6704800528481115
week5-m4-f10-seed17,M4,17,missing_red_edge,Portugal,12,Mixed forest,587,3413,0.18254937401433374,0.282793867120954,True,0.046340503991343845
week5-m4-f10-seed17,M4,17,missing_red_edge,Portugal,13,"Moors, heathland and sclerophyllous vegetation",507,3493,0.17910415710890765,0.09467455621301775,True,-0.017592154494696255
week5-m4-f10-seed17,M4,17,missing_red_edge,Portugal,14,Natural grassland and sparsely vegetated areas,50,3950,0.01669846371330848,0.3,True,0.0001398364412854118
week5-m4-f10-seed17,M4,17,missing_red_edge,Portugal,15,Pastures,579,3421,0.12328380554695292,0.15025906735751296,True,0.041818318151288475
week5-m4-f10-seed17,M4,17,missing_red_edge,Portugal,16,Permanent crops,963,3037,0.2101275062358126,0.0,True,0.08016568183816813
week5-m4-f10-seed17,M4,17,missing_red_edge,Portugal,17,"Transitional woodland, shrub",1752,2248,0.4990313629884965,0.3744292237442922,True,0.036413444944916495
week5-m4-f10-seed17,M4,17,missing_red_edge,Portugal,18,Urban fabric,325,3675,0.11275407081851013,0.40307692307692305,True,0.2061056688324654
week5-m4-f10-seed17,M4,17,missing_swir,I,0,Agro-forestry areas,0,3000,,,False,
week5-m4-f10-seed17,M4,17,missing_swir,I,1,Arable land,1036,1964,0.7479176776994401,0.9276061776061776,True,-0.0435891123891371
week5-m4-f10-seed17,M4,17,missing_swir,I,2,"Beaches, dunes, sands",24,2976,0.07044270832021542,0.0,False,-0.039484931369433304
week5-m4-f10-seed17,M4,17,missing_swir,I,3,Broad-leaved forest,718,2282,0.43164126860059604,0.724233983286908,True,-0.017488108220969467
week5-m4-f10-seed17,M4,17,missing_swir,I,4,Coastal wetlands,1,2999,0.0011061946902654867,0.0,False,-0.0006870832066108346
week5-m4-f10-seed17,M4,17,missing_swir,I,5,Complex cultivation patterns,665,2335,0.3960572289393551,0.6015037593984962,True,0.0033292410541306827
week5-m4-f10-seed17,M4,17,missing_swir,I,6,Coniferous forest,580,2420,0.3789075279893162,0.3103448275862069,True,0.31116428044447025
week5-m4-f10-seed17,M4,17,missing_swir,I,7,Industrial or commercial units,87,2913,0.25018617738286714,0.06896551724137931,True,0.006407591388967682
week5-m4-f10-seed17,M4,17,missing_swir,I,8,Inland waters,208,2792,0.20637886698833324,0.22115384615384615,True,0.08845069151484697
week5-m4-f10-seed17,M4,17,missing_swir,I,9,Inland wetlands,273,2727,0.0933343766448511,0.0,True,-0.0008311141892109603
week5-m4-f10-seed17,M4,17,missing_swir,I,10,"Land principally occupied by agriculture, with significant areas of natural vegetation",694,2306,0.337168491914194,0.5345821325648416,True,0.01777458464726589
week5-m4-f10-seed17,M4,17,missing_swir,I,11,Marine waters,617,2383,0.9504536726408425,0.880064829821718,True,0.0145331215799549
week5-m4-f10-seed17,M4,17,missing_swir,I,12,Mixed forest,812,2188,0.5745049745491608,0.5554187192118226,True,0.012318705519450579
week5-m4-f10-seed17,M4,17,missing_swir,I,13,"Moors, heathland and sclerophyllous vegetation",107,2893,0.05829296259297652,0.0,True,-0.0024772546796256387
week5-m4-f10-seed17,M4,17,missing_swir,I,14,Natural grassland and sparsely vegetated areas,70,2930,0.04023690036630159,0.014285714285714285,True,0.007665222418692261
week5-m4-f10-seed17,M4,17,missing_swir,I,15,Pastures,1100,1900,0.7943264005369102,0.7736363636363637,True,-0.024765043720261337
week5-m4-f10-seed17,M4,17,missing_swir,I,16,Permanent crops,151,2849,0.10280750937032829,0.0,True,0.0012481403389044687
week5-m4-f10-seed17,M4,17,missing_swir,I,17,"Transitional woodland, shrub",326,2674,0.18063686127585682,0.3895705521472393,True,-0.0064177498861403
week5-m4-f10-seed17,M4,17,missing_swir,I,18,Urban fabric,613,2387,0.5586283953247677,0.4029363784665579,True,0.08579532582469884
week5-m4-f10-seed17,M4,17,missing_swir,Finland,0,Agro-forestry areas,0,4000,,,False,
week5-m4-f10-seed17,M4,17,missing_swir,Finland,1,Arable land,457,3543,0.4187640048138618,0.6892778993435449,True,-0.04872967226575864
week5-m4-f10-seed17,M4,17,missing_swir,Finland,2,"Beaches, dunes, sands",1,3999,0.004310344827586207,0.0,False,-0.0013429857771411029
week5-m4-f10-seed17,M4,17,missing_swir,Finland,3,Broad-leaved forest,229,3771,0.06475490565219416,0.8165938864628821,True,-0.010583961221370362
week5-m4-f10-seed17,M4,17,missing_swir,Finland,4,Coastal wetlands,10,3990,0.02189218450090561,0.0,False,0.015948524295485073
week5-m4-f10-seed17,M4,17,missing_swir,Finland,5,Complex cultivation patterns,21,3979,0.05665632430064052,0.9523809523809523,True,-0.005290347304622203
week5-m4-f10-seed17,M4,17,missing_swir,Finland,6,Coniferous forest,2776,1224,0.8224672659263496,0.1739913544668588,True,0.027572597471586135
week5-m4-f10-seed17,M4,17,missing_swir,Finland,7,Industrial or commercial units,32,3968,0.05571903678578678,0.0625,True,-0.013838036810645701
week5-m4-f10-seed17,M4,17,missing_swir,Finland,8,Inland waters,985,3015,0.5525824374146467,0.1634517766497462,True,-0.13331724025999697
week5-m4-f10-seed17,M4,17,missing_swir,Finland,9,Inland wetlands,530,3470,0.19217843706175153,0.03207547169811321,True,-0.020687141358779054
week5-m4-f10-seed17,M4,17,missing_swir,Finland,10,"Land principally occupied by agriculture, with significant areas of natural vegetation",588,3412,0.1899905017529379,0.6547619047619048,True,0.032820585922713336
week5-m4-f10-seed17,M4,17,missing_swir,Finland,11,Marine waters,892,3108,0.8061108121760776,0.48878923766816146,True,-0.08839739790232881
week5-m4-f10-seed17,M4,17,missing_swir,Finland,12,Mixed forest,2082,1918,0.6790817450073048,0.2627281460134486,True,-0.06417740158896568
week5-m4-f10-seed17,M4,17,missing_swir,Finland,13,"Moors, heathland and sclerophyllous vegetation",26,3974,0.02175443343194431,0.038461538461538464,True,0.011119576280212679
week5-m4-f10-seed17,M4,17,missing_swir,Finland,14,Natural grassland and sparsely vegetated areas,2,3998,0.00068716086051782,0.0,True,0.0008227977816706901
week5-m4-f10-seed17,M4,17,missing_swir,Finland,15,Pastures,3,3997,0.0007514591670538584,0.0,True,0.0004606011061281235
week5-m4-f10-seed17,M4,17,missing_swir,Finland,16,Permanent crops,1,3999,0.00039184952978056425,0.0,True,7.004423465361588e-05
week5-m4-f10-seed17,M4,17,missing_swir,Finland,17,"Transitional woodland, shrub",1574,2426,0.5570875579259608,0.6219822109275731,True,-0.0974711870959642
week5-m4-f10-seed17,M4,17,missing_swir,Finland,18,Urban fabric,116,3884,0.07044554298758199,0.2413793103448276,True,0.03123217003661151
week5-m4-f10-seed17,M4,17,missing_swir,Portugal,0,Agro-forestry areas,1408,2592,0.2883082024009092,0.0,False,0.03137029002042013
week5-m4-f10-seed17,M4,17,missing_swir,Portugal,1,Arable land,1646,2354,0.5215563980785685,0.9738760631834751,True,0.09127140363607189
week5-m4-f10-seed17,M4,17,missing_swir,Portugal,2,"Beaches, dunes, sands",46,3954,0.0433200147985629,0.0,False,0.03658476403867074
week5-m4-f10-seed17,M4,17,missing_swir,Portugal,3,Broad-leaved forest,1588,2412,0.5701426952029933,0.5207808564231738,True,-0.04940286780859471
week5-m4-f10-seed17,M4,17,missing_swir,Portugal,4,Coastal wetlands,45,3955,0.02497038036641888,0.0,False,0.018375910153250782
week5-m4-f10-seed17,M4,17,missing_swir,Portugal,5,Complex cultivation patterns,816,3184,0.22271215584299975,0.1568627450980392,True,0.05653747984340329
week5-m4-f10-seed17,M4,17,missing_swir,Portugal,6,Coniferous forest,385,3615,0.16622719576186426,0.11688311688311688,True,0.0013194386617028653
week5-m4-f10-seed17,M4,17,missing_swir,Portugal,7,Industrial or commercial units,95,3905,0.09681695109558937,0.010526315789473684,True,-0.016940139769110713
week5-m4-f10-seed17,M4,17,missing_swir,Portugal,8,Inland waters,206,3794,0.11767168713665908,0.0825242718446602,True,0.022557982758977677
week5-m4-f10-seed17,M4,17,missing_swir,Portugal,9,Inland wetlands,4,3996,0.017949353261328207,0.0,True,0.020442302572024066
week5-m4-f10-seed17,M4,17,missing_swir,Portugal,10,"Land principally occupied by agriculture, with significant areas of natural vegetation",763,3237,0.267701274250512,0.36435124508519,True,-0.031862683818234316
week5-m4-f10-seed17,M4,17,missing_swir,Portugal,11,Marine waters,498,3502,0.9393295446397263,0.8674698795180723,True,-0.0009653826393081211
week5-m4-f10-seed17,M4,17,missing_swir,Portugal,12,Mixed forest,587,3413,0.25158757686989186,0.2061328790459966,True,-0.022697698864214272
week5-m4-f10-seed17,M4,17,missing_swir,Portugal,13,"Moors, heathland and sclerophyllous vegetation",507,3493,0.1732893430504702,0.011834319526627219,True,-0.011777340436258804
week5-m4-f10-seed17,M4,17,missing_swir,Portugal,14,Natural grassland and sparsely vegetated areas,50,3950,0.012948115535683511,0.04,True,0.003890184618910379
week5-m4-f10-seed17,M4,17,missing_swir,Portugal,15,Pastures,579,3421,0.1864816503320221,0.24006908462867013,True,-0.021379526633780704
week5-m4-f10-seed17,M4,17,missing_swir,Portugal,16,Permanent crops,963,3037,0.24151254105104308,0.0,True,0.04878064702293766
week5-m4-f10-seed17,M4,17,missing_swir,Portugal,17,"Transitional woodland, shrub",1752,2248,0.6025126720065052,0.22488584474885845,True,-0.06706786407309218
week5-m4-f10-seed17,M4,17,missing_swir,Portugal,18,Urban fabric,325,3675,0.1466979453530346,0.09230769230769231,True,0.17216179429794093
week5-m4-f10-seed17,M4,17,gain_0p9,I,0,Agro-forestry areas,0,3000,,,False,
week5-m4-f10-seed17,M4,17,gain_0p9,I,1,Arable land,1036,1964,0.7962197735833414,0.8928571428571429,True,-0.09189120827303843
week5-m4-f10-seed17,M4,17,gain_0p9,I,2,"Beaches, dunes, sands",24,2976,0.02864507213102624,0.0,False,0.002312704819755873
week5-m4-f10-seed17,M4,17,gain_0p9,I,3,Broad-leaved forest,718,2282,0.4066583785248688,0.7743732590529248,True,0.0074947818547577705
week5-m4-f10-seed17,M4,17,gain_0p9,I,4,Coastal wetlands,1,2999,0.0004878048780487805,0.0,False,-6.869339439412835e-05
week5-m4-f10-seed17,M4,17,gain_0p9,I,5,Complex cultivation patterns,665,2335,0.3480077204287846,0.5969924812030075,True,0.051378749564701176
week5-m4-f10-seed17,M4,17,gain_0p9,I,6,Coniferous forest,580,2420,0.6743669098322475,0.8,True,0.015704898601539008
week5-m4-f10-seed17,M4,17,gain_0p9,I,7,Industrial or commercial units,87,2913,0.26330726166766016,0.1839080459770115,True,-0.006713492895825346
week5-m4-f10-seed17,M4,17,gain_0p9,I,8,Inland waters,208,2792,0.26477448626174926,0.3125,True,0.030055072241430947
week5-m4-f10-seed17,M4,17,gain_0p9,I,9,Inland wetlands,273,2727,0.13364582321925617,0.007326007326007326,True,-0.041142560763616026
week5-m4-f10-seed17,M4,17,gain_0p9,I,10,"Land principally occupied by agriculture, with significant areas of natural vegetation",694,2306,0.3750701899550957,0.6426512968299711,True,-0.02012711339363582
week5-m4-f10-seed17,M4,17,gain_0p9,I,11,Marine waters,617,2383,0.9699801275697297,0.8152350081037277,True,-0.004993333348932372
week5-m4-f10-seed17,M4,17,gain_0p9,I,12,Mixed forest,812,2188,0.547463706075264,0.7660098522167488,True,0.03935997399334745
week5-m4-f10-seed17,M4,17,gain_0p9,I,13,"Moors, heathland and sclerophyllous vegetation",107,2893,0.07426815709308952,0.018691588785046728,True,-0.018452449179738643
week5-m4-f10-seed17,M4,17,gain_0p9,I,14,Natural grassland and sparsely vegetated areas,70,2930,0.03947701590506978,0.04285714285714286,True,0.008425106879924073
week5-m4-f10-seed17,M4,17,gain_0p9,I,15,Pastures,1100,1900,0.7541597586268689,0.7472727272727273,True,0.01540159818977993
week5-m4-f10-seed17,M4,17,gain_0p9,I,16,Permanent crops,151,2849,0.0998490411064339,0.0,True,0.004206608602798853
week5-m4-f10-seed17,M4,17,gain_0p9,I,17,"Transitional woodland, shrub",326,2674,0.18275365760549672,0.3558282208588957,True,-0.008534546215780203
week5-m4-f10-seed17,M4,17,gain_0p9,I,18,Urban fabric,613,2387,0.6017956369858803,0.5252854812398042,True,0.04262808416358621
week5-m4-f10-seed17,M4,17,gain_0p9,Finland,0,Agro-forestry areas,0,4000,,,False,
week5-m4-f10-seed17,M4,17,gain_0p9,Finland,1,Arable land,457,3543,0.3893825957538469,0.6455142231947484,True,-0.019348263205743788
week5-m4-f10-seed17,M4,17,gain_0p9,Finland,2,"Beaches, dunes, sands",1,3999,0.002793296089385475,0.0,False,0.00017406296105962902
week5-m4-f10-seed17,M4,17,gain_0p9,Finland,3,Broad-leaved forest,229,3771,0.05409421340270077,0.8471615720524017,True,7.673102812302823e-05
week5-m4-f10-seed17,M4,17,gain_0p9,Finland,4,Coastal wetlands,10,3990,0.015525974833845458,0.0,False,0.022314733962545227
week5-m4-f10-seed17,M4,17,gain_0p9,Finland,5,Complex cultivation patterns,21,3979,0.04593420238235995,0.8571428571428571,True,0.0054317746136583675
week5-m4-f10-seed17,M4,17,gain_0p9,Finland,6,Coniferous forest,2776,1224,0.8837323171182652,0.5752881844380403,True,-0.033692453720329474
week5-m4-f10-seed17,M4,17,gain_0p9,Finland,7,Industrial or commercial units,32,3968,0.05761030195486369,0.0625,True,-0.01572930197972261
week5-m4-f10-seed17,M4,17,gain_0p9,Finland,8,Inland waters,985,3015,0.399638105936635,0.1431472081218274,True,0.01962709121801476
week5-m4-f10-seed17,M4,17,gain_0p9,Finland,9,Inland wetlands,530,3470,0.15666931598348682,0.022641509433962263,True,0.01482197971948565
week5-m4-f10-seed17,M4,17,gain_0p9,Finland,10,"Land principally occupied by agriculture, with significant areas of natural vegetation",588,3412,0.21993831762989802,0.6139455782312925,True,0.0028727700457532312
week5-m4-f10-seed17,M4,17,gain_0p9,Finland,11,Marine waters,892,3108,0.707031527248554,0.14573991031390135,True,0.010681887025194792
week5-m4-f10-seed17,M4,17,gain_0p9,Finland,12,Mixed forest,2082,1918,0.6219350019292262,0.6839577329490875,True,-0.007030658510887133
week5-m4-f10-seed17,M4,17,gain_0p9,Finland,13,"Moors, heathland and sclerophyllous vegetation",26,3974,0.07981696291054702,0.4230769230769231,True,-0.04694295319839003
week5-m4-f10-seed17,M4,17,gain_0p9,Finland,14,Natural grassland and sparsely vegetated areas,2,3998,0.0012472422415061037,0.0,True,0.0002627164006824064
week5-m4-f10-seed17,M4,17,gain_0p9,Finland,15,Pastures,3,3997,0.0010740647974894289,0.3333333333333333,True,0.00013799547569255297
week5-m4-f10-seed17,M4,17,gain_0p9,Finland,16,Permanent crops,1,3999,0.001466275659824047,0.0,True,-0.0010043818953898668
week5-m4-f10-seed17,M4,17,gain_0p9,Finland,17,"Transitional woodland, shrub",1574,2426,0.4386741925527444,0.4040660736975858,True,0.020942178277252144
week5-m4-f10-seed17,M4,17,gain_0p9,Finland,18,Urban fabric,116,3884,0.09161048016661208,0.3793103448275862,True,0.010067232857581418
week5-m4-f10-seed17,M4,17,gain_0p9,Portugal,0,Agro-forestry areas,1408,2592,0.3146932234937827,0.0,False,0.004985268927546638
week5-m4-f10-seed17,M4,17,gain_0p9,Portugal,1,Arable land,1646,2354,0.6445653163511279,0.9015795868772782,True,-0.03173751463648755
week5-m4-f10-seed17,M4,17,gain_0p9,Portugal,2,"Beaches, dunes, sands",46,3954,0.08388132948272876,0.021739130434782608,False,-0.003976550645495125
week5-m4-f10-seed17,M4,17,gain_0p9,Portugal,3,Broad-leaved forest,1588,2412,0.5196480193508618,0.6656171284634761,True,0.0010918080435368127
week5-m4-f10-seed17,M4,17,gain_0p9,Portugal,4,Coastal wetlands,45,3955,0.03164544357881548,0.0,False,0.011700846940854187
week5-m4-f10-seed17,M4,17,gain_0p9,Portugal,5,Complex cultivation patterns,816,3184,0.27286067502246436,0.40808823529411764,True,0.006388960663938681
week5-m4-f10-seed17,M4,17,gain_0p9,Portugal,6,Coniferous forest,385,3615,0.20317617967823884,0.4623376623376623,True,-0.03562954525467171
week5-m4-f10-seed17,M4,17,gain_0p9,Portugal,7,Industrial or commercial units,95,3905,0.0883312746512709,0.05263157894736842,True,-0.008454463324792244
week5-m4-f10-seed17,M4,17,gain_0p9,Portugal,8,Inland waters,206,3794,0.13733387514744042,0.10679611650485436,True,0.0028957947481963453
week5-m4-f10-seed17,M4,17,gain_0p9,Portugal,9,Inland wetlands,4,3996,0.01956705235918975,0.0,True,0.018824603474162524
week5-m4-f10-seed17,M4,17,gain_0p9,Portugal,10,"Land principally occupied by agriculture, with significant areas of natural vegetation",763,3237,0.23811447003711642,0.5334207077326344,True,-0.002275879604838743
week5-m4-f10-seed17,M4,17,gain_0p9,Portugal,11,Marine waters,498,3502,0.9331195528580093,0.4598393574297189,True,0.005244609142408874
week5-m4-f10-seed17,M4,17,gain_0p9,Portugal,12,Mixed forest,587,3413,0.24459468619736127,0.3339011925042589,True,-0.015704808191683683
week5-m4-f10-seed17,M4,17,gain_0p9,Portugal,13,"Moors, heathland and sclerophyllous vegetation",507,3493,0.15563358177545816,0.05128205128205128,True,0.005878420838753229
week5-m4-f10-seed17,M4,17,gain_0p9,Portugal,14,Natural grassland and sparsely vegetated areas,50,3950,0.01771988503891999,0.2,True,-0.0008815848843260997
week5-m4-f10-seed17,M4,17,gain_0p9,Portugal,15,Pastures,579,3421,0.18373231591736328,0.21070811744386875,True,-0.018630192219121877
week5-m4-f10-seed17,M4,17,gain_0p9,Portugal,16,Permanent crops,963,3037,0.27383088591305615,0.0010384215991692627,True,0.01646230216092459
week5-m4-f10-seed17,M4,17,gain_0p9,Portugal,17,"Transitional woodland, shrub",1752,2248,0.5115590151548107,0.4138127853881279,True,0.023885792778602255
week5-m4-f10-seed17,M4,17,gain_0p9,Portugal,18,Urban fabric,325,3675,0.30839504994998757,0.3384615384615385,True,0.010464689700987961
week5-m4-f10-seed17,M4,17,gain_1p1,I,0,Agro-forestry areas,0,3000,,,False,
week5-m4-f10-seed17,M4,17,gain_1p1,I,1,Arable land,1036,1964,0.5639508447604539,0.9102316602316602,True,0.1403777205498491
week5-m4-f10-seed17,M4,17,gain_1p1,I,2,"Beaches, dunes, sands",24,2976,0.032125863738102736,0.0,False,-0.001168086787320624
week5-m4-f10-seed17,M4,17,gain_1p1,I,3,Broad-leaved forest,718,2282,0.4002763361774256,0.7284122562674095,True,0.013876824202200988
week5-m4-f10-seed17,M4,17,gain_1p1,I,4,Coastal wetlands,1,2999,0.0007097232079489,0.0,False,-0.0002906117242942478
week5-m4-f10-seed17,M4,17,gain_1p1,I,5,Complex cultivation patterns,665,2335,0.42457570173364967,0.7714285714285715,True,-0.02518923174016391
week5-m4-f10-seed17,M4,17,gain_1p1,I,6,Coniferous forest,580,2420,0.6770294149250508,0.6827586206896552,True,0.013042393508735706
week5-m4-f10-seed17,M4,17,gain_1p1,I,7,Industrial or commercial units,87,2913,0.24872606156725824,0.13793103448275862,True,0.00786770720457658
week5-m4-f10-seed17,M4,17,gain_1p1,I,8,Inland waters,208,2792,0.29170324083930754,0.34615384615384615,True,0.0031263176638726686
week5-m4-f10-seed17,M4,17,gain_1p1,I,9,Inland wetlands,273,2727,0.08419691158874595,0.007326007326007326,True,0.008306350866894185
week5-m4-f10-seed17,M4,17,gain_1p1,I,10,"Land principally occupied by agriculture, with significant areas of natural vegetation",694,2306,0.34571485761812915,0.6123919308357348,True,0.009228218943330757
week5-m4-f10-seed17,M4,17,gain_1p1,I,11,Marine waters,617,2383,0.9534364383782215,0.8703403565640194,True,0.01155035584257591
week5-m4-f10-seed17,M4,17,gain_1p1,I,12,Mixed forest,812,2188,0.597082647117106,0.6699507389162561,True,-0.010258967048494605
week5-m4-f10-seed17,M4,17,gain_1p1,I,13,"Moors, heathland and sclerophyllous vegetation",107,2893,0.053601006585765006,0.009345794392523364,True,0.0022147013275858746
week5-m4-f10-seed17,M4,17,gain_1p1,I,14,Natural grassland and sparsely vegetated areas,70,2930,0.0485713165752533,0.1,True,-0.0006691937902594466
week5-m4-f10-seed17,M4,17,gain_1p1,I,15,Pastures,1100,1900,0.7238208865521577,0.78,True,0.04574047026449113
week5-m4-f10-seed17,M4,17,gain_1p1,I,16,Permanent crops,151,2849,0.10866060519522829,0.0,True,-0.004604955485995529
week5-m4-f10-seed17,M4,17,gain_1p1,I,17,"Transitional woodland, shrub",326,2674,0.1597943844035505,0.4294478527607362,True,0.014424726986166009
week5-m4-f10-seed17,M4,17,gain_1p1,I,18,Urban fabric,613,2387,0.6368648422901017,0.5562805872756933,True,0.007558878859364904
week5-m4-f10-seed17,M4,17,gain_1p1,Finland,0,Agro-forestry areas,0,4000,,,False,
week5-m4-f10-seed17,M4,17,gain_1p1,Finland,1,Arable land,457,3543,0.3407767989970742,0.6980306345733042,True,0.029257533551028947
week5-m4-f10-seed17,M4,17,gain_1p1,Finland,2,"Beaches, dunes, sands",1,3999,0.0027247956403269754,0.0,False,0.0002425634101181286
week5-m4-f10-seed17,M4,17,gain_1p1,Finland,3,Broad-leaved forest,229,3771,0.056956366104505024,0.8427947598253275,True,-0.002785421673681225
week5-m4-f10-seed17,M4,17,gain_1p1,Finland,4,Coastal wetlands,10,3990,0.02729917332098558,0.0,False,0.010541535475405102
week5-m4-f10-seed17,M4,17,gain_1p1,Finland,5,Complex cultivation patterns,21,3979,0.05419929142051902,0.9047619047619048,True,-0.002833314424500702
week5-m4-f10-seed17,M4,17,gain_1p1,Finland,6,Coniferous forest,2776,1224,0.8165630669434216,0.39012968299711814,True,0.03347679645451407
week5-m4-f10-seed17,M4,17,gain_1p1,Finland,7,Industrial or commercial units,32,3968,0.042539295302971646,0.15625,True,-0.0006582953278305645
week5-m4-f10-seed17,M4,17,gain_1p1,Finland,8,Inland waters,985,3015,0.44038957875557644,0.2101522842639594,True,-0.021124381600926667
week5-m4-f10-seed17,M4,17,gain_1p1,Finland,9,Inland wetlands,530,3470,0.1771121858551468,0.06037735849056604,True,-0.005620890152174318
week5-m4-f10-seed17,M4,17,gain_1p1,Finland,10,"Land principally occupied by agriculture, with significant areas of natural vegetation",588,3412,0.22032681178129343,0.7227891156462585,True,0.002484275894357818
week5-m4-f10-seed17,M4,17,gain_1p1,Finland,11,Marine waters,892,3108,0.7194939168506207,0.24887892376681614,True,-0.0017805025768719007
week5-m4-f10-seed17,M4,17,gain_1p1,Finland,12,Mixed forest,2082,1918,0.6227148713944998,0.48751200768491837,True,-0.007810527976160664
week5-m4-f10-seed17,M4,17,gain_1p1,Finland,13,"Moors, heathland and sclerophyllous vegetation",26,3974,0.014730674874783913,0.07692307692307693,True,0.018143334837373078
week5-m4-f10-seed17,M4,17,gain_1p1,Finland,14,Natural grassland and sparsely vegetated areas,2,3998,0.0013832681711137022,0.0,True,0.0001266904710748079
week5-m4-f10-seed17,M4,17,gain_1p1,Finland,15,Pastures,3,3997,0.001384164612718581,0.3333333333333333,True,-0.0001721043395365991
week5-m4-f10-seed17,M4,17,gain_1p1,Finland,16,Permanent crops,1,3999,0.00033647375504710633,0.0,True,0.0001254200093870738
week5-m4-f10-seed17,M4,17,gain_1p1,Finland,17,"Transitional woodland, shrub",1574,2426,0.47158015367450434,0.52287166454892,True,-0.011963782844507775
week5-m4-f10-seed17,M4,17,gain_1p1,Finland,18,Urban fabric,116,3884,0.1051367644398912,0.3793103448275862,True,-0.003459051415697703
week5-m4-f10-seed17,M4,17,gain_1p1,Portugal,0,Agro-forestry areas,1408,2592,0.3300800515888285,0.0,False,-0.010401559167499186
week5-m4-f10-seed17,M4,17,gain_1p1,Portugal,1,Arable land,1646,2354,0.5907516530714585,0.9113001215066828,True,0.02207614864318186
week5-m4-f10-seed17,M4,17,gain_1p1,Portugal,2,"Beaches, dunes, sands",46,3954,0.07400152583927659,0.0,False,0.005903252997957048
week5-m4-f10-seed17,M4,17,gain_1p1,Portugal,3,Broad-leaved forest,1588,2412,0.5269978074931706,0.533375314861461,True,-0.006257980098771987
week5-m4-f10-seed17,M4,17,gain_1p1,Portugal,4,Coastal wetlands,45,3955,0.04966057346148555,0.0,False,-0.006314282941815887
week5-m4-f10-seed17,M4,17,gain_1p1,Portugal,5,Complex cultivation patterns,816,3184,0.2890766413184236,0.46078431372549017,True,-0.009827005632020547
week5-m4-f10-seed17,M4,17,gain_1p1,Portugal,6,Coniferous forest,385,3615,0.14837122499978872,0.34545454545454546,True,0.019175409423778406
week5-m4-f10-seed17,M4,17,gain_1p1,Portugal,7,Industrial or commercial units,95,3905,0.07256277224318289,0.021052631578947368,True,0.0073140390832957675
week5-m4-f10-seed17,M4,17,gain_1p1,Portugal,8,Inland waters,206,3794,0.14509661261971277,0.0970873786407767,True,-0.004866942724076007
week5-m4-f10-seed17,M4,17,gain_1p1,Portugal,9,Inland wetlands,4,3996,0.05196466977990617,0.25,True,-0.0135730139465539
week5-m4-f10-seed17,M4,17,gain_1p1,Portugal,10,"Land principally occupied by agriculture, with significant areas of natural vegetation",763,3237,0.23712788387430536,0.528178243774574,True,-0.0012892934420276891
week5-m4-f10-seed17,M4,17,gain_1p1,Portugal,11,Marine waters,498,3502,0.9421587208524619,0.608433734939759,True,-0.003794558852043717
week5-m4-f10-seed17,M4,17,gain_1p1,Portugal,12,Mixed forest,587,3413,0.23169783394294632,0.2453151618398637,True,-0.0028079559372687357
week5-m4-f10-seed17,M4,17,gain_1p1,Portugal,13,"Moors, heathland and sclerophyllous vegetation",507,3493,0.16410343436697772,0.09664694280078895,True,-0.0025914317527663266
week5-m4-f10-seed17,M4,17,gain_1p1,Portugal,14,Natural grassland and sparsely vegetated areas,50,3950,0.01819253605423635,0.28,True,-0.00135423589964246
week5-m4-f10-seed17,M4,17,gain_1p1,Portugal,15,Pastures,579,3421,0.14498328243334174,0.07081174438687392,True,0.020118841264899656
week5-m4-f10-seed17,M4,17,gain_1p1,Portugal,16,Permanent crops,963,3037,0.30182482379016506,0.0,True,-0.011531635716184319
week5-m4-f10-seed17,M4,17,gain_1p1,Portugal,17,"Transitional woodland, shrub",1752,2248,0.5361218909768855,0.4686073059360731,True,-0.0006770830434724706
week5-m4-f10-seed17,M4,17,gain_1p1,Portugal,18,Urban fabric,325,3675,0.3345835053696938,0.35384615384615387,True,-0.015723765718718252
week5-m3-f10-seed29,M3,29,clean,I,0,Agro-forestry areas,0,3000,,,False,
week5-m3-f10-seed29,M3,29,clean,I,1,Arable land,1036,1964,0.8230673761747642,0.9034749034749034,True,0.0
week5-m3-f10-seed29,M3,29,clean,I,2,"Beaches, dunes, sands",24,2976,0.02714996288155433,0.0,False,0.0
week5-m3-f10-seed29,M3,29,clean,I,3,Broad-leaved forest,718,2282,0.5604999030765085,0.6796657381615598,True,0.0
week5-m3-f10-seed29,M3,29,clean,I,4,Coastal wetlands,1,2999,0.0007446016381236039,0.0,False,0.0
week5-m3-f10-seed29,M3,29,clean,I,5,Complex cultivation patterns,665,2335,0.47205566779824254,0.5744360902255639,True,0.0
week5-m3-f10-seed29,M3,29,clean,I,6,Coniferous forest,580,2420,0.7459135354131289,0.7293103448275862,True,0.0
week5-m3-f10-seed29,M3,29,clean,I,7,Industrial or commercial units,87,2913,0.2772901925902959,0.13793103448275862,True,0.0
week5-m3-f10-seed29,M3,29,clean,I,8,Inland waters,208,2792,0.2803199893341922,0.2548076923076923,True,0.0
week5-m3-f10-seed29,M3,29,clean,I,9,Inland wetlands,273,2727,0.09711128442882849,0.003663003663003663,True,0.0
week5-m3-f10-seed29,M3,29,clean,I,10,"Land principally occupied by agriculture, with significant areas of natural vegetation",694,2306,0.35312186794079,0.4092219020172911,True,0.0
week5-m3-f10-seed29,M3,29,clean,I,11,Marine waters,617,2383,0.9570683756625786,0.9092382495948136,True,0.0
week5-m3-f10-seed29,M3,29,clean,I,12,Mixed forest,812,2188,0.6001068628547861,0.6982758620689655,True,0.0
week5-m3-f10-seed29,M3,29,clean,I,13,"Moors, heathland and sclerophyllous vegetation",107,2893,0.057554478923129676,0.0,True,0.0
week5-m3-f10-seed29,M3,29,clean,I,14,Natural grassland and sparsely vegetated areas,70,2930,0.054374810833702256,0.21428571428571427,True,0.0
week5-m3-f10-seed29,M3,29,clean,I,15,Pastures,1100,1900,0.7486342264772937,0.8172727272727273,True,0.0
week5-m3-f10-seed29,M3,29,clean,I,16,Permanent crops,151,2849,0.07428034381660657,0.0,True,0.0
week5-m3-f10-seed29,M3,29,clean,I,17,"Transitional woodland, shrub",326,2674,0.15922601454699148,0.25153374233128833,True,0.0
week5-m3-f10-seed29,M3,29,clean,I,18,Urban fabric,613,2387,0.6460209492418618,0.5840130505709625,True,0.0
week5-m3-f10-seed29,M3,29,clean,Finland,0,Agro-forestry areas,0,4000,,,False,
week5-m3-f10-seed29,M3,29,clean,Finland,1,Arable land,457,3543,0.48404399038356494,0.7024070021881839,True,0.0
week5-m3-f10-seed29,M3,29,clean,Finland,2,"Beaches, dunes, sands",1,3999,0.003236245954692557,0.0,False,0.0
week5-m3-f10-seed29,M3,29,clean,Finland,3,Broad-leaved forest,229,3771,0.06617207283586785,0.7030567685589519,True,0.0
week5-m3-f10-seed29,M3,29,clean,Finland,4,Coastal wetlands,10,3990,0.005449508845345228,0.0,False,0.0
week5-m3-f10-seed29,M3,29,clean,Finland,5,Complex cultivation patterns,21,3979,0.007018597461728442,0.14285714285714285,True,0.0
week5-m3-f10-seed29,M3,29,clean,Finland,6,Coniferous forest,2776,1224,0.9051554334299222,0.5198126801152738,True,0.0
week5-m3-f10-seed29,M3,29,clean,Finland,7,Industrial or commercial units,32,3968,0.10998611709131416,0.125,True,0.0
week5-m3-f10-seed29,M3,29,clean,Finland,8,Inland waters,985,3015,0.48284476489991285,0.10761421319796954,True,0.0
week5-m3-f10-seed29,M3,29,clean,Finland,9,Inland wetlands,530,3470,0.20077997322186372,0.009433962264150943,True,0.0
week5-m3-f10-seed29,M3,29,clean,Finland,10,"Land principally occupied by agriculture, with significant areas of natural vegetation",588,3412,0.2197631143503375,0.32482993197278914,True,0.0
week5-m3-f10-seed29,M3,29,clean,Finland,11,Marine waters,892,3108,0.8750061453492977,0.8318385650224215,True,0.0
week5-m3-f10-seed29,M3,29,clean,Finland,12,Mixed forest,2082,1918,0.6360236526454935,0.5778097982708934,True,0.0
week5-m3-f10-seed29,M3,29,clean,Finland,13,"Moors, heathland and sclerophyllous vegetation",26,3974,0.0050987829046579575,0.0,True,0.0
week5-m3-f10-seed29,M3,29,clean,Finland,14,Natural grassland and sparsely vegetated areas,2,3998,0.0011217634937950454,0.0,True,0.0
week5-m3-f10-seed29,M3,29,clean,Finland,15,Pastures,3,3997,0.0020717068122248793,0.3333333333333333,True,0.0
week5-m3-f10-seed29,M3,29,clean,Finland,16,Permanent crops,1,3999,0.029411764705882353,0.0,True,0.0
week5-m3-f10-seed29,M3,29,clean,Finland,17,"Transitional woodland, shrub",1574,2426,0.5068852164348226,0.39644218551461247,True,0.0
week5-m3-f10-seed29,M3,29,clean,Finland,18,Urban fabric,116,3884,0.24751573099226062,0.45689655172413796,True,0.0
week5-m3-f10-seed29,M3,29,clean,Portugal,0,Agro-forestry areas,1408,2592,0.33470384849486795,0.0,False,0.0
week5-m3-f10-seed29,M3,29,clean,Portugal,1,Arable land,1646,2354,0.6004349337636808,0.7484811664641555,True,0.0
week5-m3-f10-seed29,M3,29,clean,Portugal,2,"Beaches, dunes, sands",46,3954,0.04625942928667367,0.0,False,0.0
week5-m3-f10-seed29,M3,29,clean,Portugal,3,Broad-leaved forest,1588,2412,0.5275354153038586,0.698992443324937,True,0.0
week5-m3-f10-seed29,M3,29,clean,Portugal,4,Coastal wetlands,45,3955,0.0603285467204492,0.0,False,0.0
week5-m3-f10-seed29,M3,29,clean,Portugal,5,Complex cultivation patterns,816,3184,0.2504886451782483,0.36887254901960786,True,0.0
week5-m3-f10-seed29,M3,29,clean,Portugal,6,Coniferous forest,385,3615,0.13530461174897687,0.33246753246753247,True,0.0
week5-m3-f10-seed29,M3,29,clean,Portugal,7,Industrial or commercial units,95,3905,0.09749575224259098,0.042105263157894736,True,0.0
week5-m3-f10-seed29,M3,29,clean,Portugal,8,Inland waters,206,3794,0.1711287393237173,0.10194174757281553,True,0.0
week5-m3-f10-seed29,M3,29,clean,Portugal,9,Inland wetlands,4,3996,0.006336317480407008,0.0,True,0.0
week5-m3-f10-seed29,M3,29,clean,Portugal,10,"Land principally occupied by agriculture, with significant areas of natural vegetation",763,3237,0.20345097253008132,0.4272608125819135,True,0.0
week5-m3-f10-seed29,M3,29,clean,Portugal,11,Marine waters,498,3502,0.9574242394306784,0.8795180722891566,True,0.0
week5-m3-f10-seed29,M3,29,clean,Portugal,12,Mixed forest,587,3413,0.18375698963713216,0.29131175468483816,True,0.0
week5-m3-f10-seed29,M3,29,clean,Portugal,13,"Moors, heathland and sclerophyllous vegetation",507,3493,0.15424888799904282,0.1203155818540434,True,0.0
week5-m3-f10-seed29,M3,29,clean,Portugal,14,Natural grassland and sparsely vegetated areas,50,3950,0.013384165788669506,0.28,True,0.0
week5-m3-f10-seed29,M3,29,clean,Portugal,15,Pastures,579,3421,0.2404084217444973,0.4473229706390328,True,0.0
week5-m3-f10-seed29,M3,29,clean,Portugal,16,Permanent crops,963,3037,0.31761822987472754,0.0010384215991692627,True,0.0
week5-m3-f10-seed29,M3,29,clean,Portugal,17,"Transitional woodland, shrub",1752,2248,0.4987108432668204,0.2585616438356164,True,0.0
week5-m3-f10-seed29,M3,29,clean,Portugal,18,Urban fabric,325,3675,0.15243264134253673,0.40923076923076923,True,0.0
week5-m3-f10-seed29,M3,29,missing_b08,I,0,Agro-forestry areas,0,3000,,,False,
week5-m3-f10-seed29,M3,29,missing_b08,I,1,Arable land,1036,1964,0.42381750453878086,0.8368725868725869,True,0.39924987163598336
week5-m3-f10-seed29,M3,29,missing_b08,I,2,"Beaches, dunes, sands",24,2976,0.01627699870308191,0.0,False,0.01087296417847242
week5-m3-f10-seed29,M3,29,missing_b08,I,3,Broad-leaved forest,718,2282,0.5366433107432321,0.786908077994429,True,0.023856592333276416
week5-m3-f10-seed29,M3,29,missing_b08,I,4,Coastal wetlands,1,2999,0.0008756567425569177,0.0,False,-0.00013105510443331381
week5-m3-f10-seed29,M3,29,missing_b08,I,5,Complex cultivation patterns,665,2335,0.26945332075328204,0.4842105263157895,True,0.2026023470449605
week5-m3-f10-seed29,M3,29,missing_b08,I,6,Coniferous forest,580,2420,0.6563559420271984,0.6862068965517242,True,0.0895575933859305
week5-m3-f10-seed29,M3,29,missing_b08,I,7,Industrial or commercial units,87,2913,0.2313786844894687,0.10344827586206896,True,0.045911508100827225
week5-m3-f10-seed29,M3,29,missing_b08,I,8,Inland waters,208,2792,0.17553529687405203,0.2980769230769231,True,0.10478469246014019
week5-m3-f10-seed29,M3,29,missing_b08,I,9,Inland wetlands,273,2727,0.09611860444499018,0.018315018315018316,True,0.0009926799838383127
week5-m3-f10-seed29,M3,29,missing_b08,I,10,"Land principally occupied by agriculture, with significant areas of natural vegetation",694,2306,0.2845435351780338,0.3285302593659942,True,0.06857833276275616
week5-m3-f10-seed29,M3,29,missing_b08,I,11,Marine waters,617,2383,0.9498761423886871,0.34359805510534847,True,0.007192233273891513
week5-m3-f10-seed29,M3,29,missing_b08,I,12,Mixed forest,812,2188,0.5295978335020909,0.6231527093596059,True,0.07050902935269521
week5-m3-f10-seed29,M3,29,missing_b08,I,13,"Moors, heathland and sclerophyllous vegetation",107,2893,0.043895090814002766,0.0,True,0.01365938810912691
week5-m3-f10-seed29,M3,29,missing_b08,I,14,Natural grassland and sparsely vegetated areas,70,2930,0.0469523249048446,0.15714285714285714,True,0.007422485928857657
week5-m3-f10-seed29,M3,29,missing_b08,I,15,Pastures,1100,1900,0.34962432952344785,0.22727272727272727,True,0.39900989695384587
week5-m3-f10-seed29,M3,29,missing_b08,I,16,Permanent crops,151,2849,0.05676975271377389,0.0,True,0.017510591102832686
week5-m3-f10-seed29,M3,29,missing_b08,I,17,"Transitional woodland, shrub",326,2674,0.16630644411234402,0.3895705521472393,True,-0.007080429565352542
week5-m3-f10-seed29,M3,29,missing_b08,I,18,Urban fabric,613,2387,0.42599899259893925,0.6101141924959217,True,0.22002195664292257
week5-m3-f10-seed29,M3,29,missing_b08,Finland,0,Agro-forestry areas,0,4000,,,False,
week5-m3-f10-seed29,M3,29,missing_b08,Finland,1,Arable land,457,3543,0.4506119443992717,0.6630196936542669,True,0.033432045984293224
week5-m3-f10-seed29,M3,29,missing_b08,Finland,2,"Beaches, dunes, sands",1,3999,0.0014044943820224719,0.0,False,0.001831751572670085
week5-m3-f10-seed29,M3,29,missing_b08,Finland,3,Broad-leaved forest,229,3771,0.06044597502354863,0.8384279475982532,True,0.005726097812319218
week5-m3-f10-seed29,M3,29,missing_b08,Finland,4,Coastal wetlands,10,3990,0.002249527194630216,0.0,False,0.0031999816507150124
week5-m3-f10-seed29,M3,29,missing_b08,Finland,5,Complex cultivation patterns,21,3979,0.005992388789676054,0.23809523809523808,True,0.0010262086720523875
week5-m3-f10-seed29,M3,29,missing_b08,Finland,6,Coniferous forest,2776,1224,0.8326592158682846,0.30331412103746397,True,0.0724962175616376
week5-m3-f10-seed29,M3,29,missing_b08,Finland,7,Industrial or commercial units,32,3968,0.12934260532146657,0.09375,True,-0.019356488230152416
week5-m3-f10-seed29,M3,29,missing_b08,Finland,8,Inland waters,985,3015,0.46902376563069,0.300507614213198,True,0.013820999269222867
week5-m3-f10-seed29,M3,29,missing_b08,Finland,9,Inland wetlands,530,3470,0.13157176024667877,0.0,True,0.06920821297518495
week5-m3-f10-seed29,M3,29,missing_b08,Finland,10,"Land principally occupied by agriculture, with significant areas of natural vegetation",588,3412,0.20952806361256066,0.45068027210884354,True,0.010235050737776835
week5-m3-f10-seed29,M3,29,missing_b08,Finland,11,Marine waters,892,3108,0.892471308602146,0.021300448430493273,True,-0.017465163252848304
week5-m3-f10-seed29,M3,29,missing_b08,Finland,12,Mixed forest,2082,1918,0.598837441924501,0.4471661863592699,True,0.037186210720992596
week5-m3-f10-seed29,M3,29,missing_b08,Finland,13,"Moors, heathland and sclerophyllous vegetation",26,3974,0.004964412591259442,0.0,True,0.00013437031339851545
week5-m3-f10-seed29,M3,29,missing_b08,Finland,14,Natural grassland and sparsely vegetated areas,2,3998,0.0007535252949278858,0.0,True,0.0003682381988671596
week5-m3-f10-seed29,M3,29,missing_b08,Finland,15,Pastures,3,3997,0.0029078102551196756,0.6666666666666666,True,-0.0008361034428947963
week5-m3-f10-seed29,M3,29,missing_b08,Finland,16,Permanent crops,1,3999,0.043478260869565216,0.0,True,-0.014066496163682864
week5-m3-f10-seed29,M3,29,missing_b08,Finland,17,"Transitional woodland, shrub",1574,2426,0.4980485396316105,0.602287166454892,True,0.008836676803212151
week5-m3-f10-seed29,M3,29,missing_b08,Finland,18,Urban fabric,116,3884,0.20139416422210654,0.3793103448275862,True,0.04612156677015408
week5-m3-f10-seed29,M3,29,missing_b08,Portugal,0,Agro-forestry areas,1408,2592,0.2996943654473579,0.0,False,0.03500948304751006
week5-m3-f10-seed29,M3,29,missing_b08,Portugal,1,Arable land,1646,2354,0.5880836356310348,0.6816524908869988,True,0.012351298132646016
week5-m3-f10-seed29,M3,29,missing_b08,Portugal,2,"Beaches, dunes, sands",46,3954,0.04771909533415147,0.0,False,-0.0014596660474778048
week5-m3-f10-seed29,M3,29,missing_b08,Portugal,3,Broad-leaved forest,1588,2412,0.5636135660545174,0.8740554156171285,True,-0.03607815075065879
week5-m3-f10-seed29,M3,29,missing_b08,Portugal,4,Coastal wetlands,45,3955,0.07046874744503709,0.0,False,-0.010140200724587892
week5-m3-f10-seed29,M3,29,missing_b08,Portugal,5,Complex cultivation patterns,816,3184,0.19923594228506858,0.30637254901960786,True,0.051252702893179736
week5-m3-f10-seed29,M3,29,missing_b08,Portugal,6,Coniferous forest,385,3615,0.12788174270435496,0.2675324675324675,True,0.007422869044621916
week5-m3-f10-seed29,M3,29,missing_b08,Portugal,7,Industrial or commercial units,95,3905,0.09406814649438741,0.042105263157894736,True,0.0034276057482035688
week5-m3-f10-seed29,M3,29,missing_b08,Portugal,8,Inland waters,206,3794,0.08225981070536191,0.06310679611650485,True,0.0888689286183554
week5-m3-f10-seed29,M3,29,missing_b08,Portugal,9,Inland wetlands,4,3996,0.0067904476965595355,0.0,True,-0.0004541302161525278
week5-m3-f10-seed29,M3,29,missing_b08,Portugal,10,"Land principally occupied by agriculture, with significant areas of natural vegetation",763,3237,0.2110036345859543,0.564875491480996,True,-0.0075526620558729884
week5-m3-f10-seed29,M3,29,missing_b08,Portugal,11,Marine waters,498,3502,0.9555032031210752,0.29518072289156627,True,0.0019210363096032745
week5-m3-f10-seed29,M3,29,missing_b08,Portugal,12,Mixed forest,587,3413,0.19693309137483675,0.28109028960817717,True,-0.013176101737704587
week5-m3-f10-seed29,M3,29,missing_b08,Portugal,13,"Moors, heathland and sclerophyllous vegetation",507,3493,0.1495809862168032,0.09467455621301775,True,0.0046679017822396085
week5-m3-f10-seed29,M3,29,missing_b08,Portugal,14,Natural grassland and sparsely vegetated areas,50,3950,0.013525049500747956,0.36,True,-0.00014088371207844966
week5-m3-f10-seed29,M3,29,missing_b08,Portugal,15,Pastures,579,3421,0.20136518626413,0.2987910189982729,True,0.03904323548036731
week5-m3-f10-seed29,M3,29,missing_b08,Portugal,16,Permanent crops,963,3037,0.28819686164120295,0.008307372793354102,True,0.029421368233524592
week5-m3-f10-seed29,M3,29,missing_b08,Portugal,17,"Transitional woodland, shrub",1752,2248,0.5012838676961182,0.3481735159817352,True,-0.002573024429297799
week5-m3-f10-seed29,M3,29,missing_b08,Portugal,18,Urban fabric,325,3675,0.13975357215433043,0.40307692307692305,True,0.012679069188206299
week5-m3-f10-seed29,M3,29,missing_red_edge,I,0,Agro-forestry areas,0,3000,,,False,
week5-m3-f10-seed29,M3,29,missing_red_edge,I,1,Arable land,1036,1964,0.6286312029893609,0.8397683397683398,True,0.1944361731854033
week5-m3-f10-seed29,M3,29,missing_red_edge,I,2,"Beaches, dunes, sands",24,2976,0.00890439205061045,0.0,False,0.01824557083094388
week5-m3-f10-seed29,M3,29,missing_red_edge,I,3,Broad-leaved forest,718,2282,0.3817204748458174,0.7200557103064067,True,0.17877942823069115
week5-m3-f10-seed29,M3,29,missing_red_edge,I,4,Coastal wetlands,1,2999,0.0009191176470588235,0.0,False,-0.00017451600893521964
week5-m3-f10-seed29,M3,29,missing_red_edge,I,5,Complex cultivation patterns,665,2335,0.276901161251976,0.22857142857142856,True,0.19515450654626654
week5-m3-f10-seed29,M3,29,missing_red_edge,I,6,Coniferous forest,580,2420,0.4673232803819274,0.6896551724137931,True,0.2785902550312015
week5-m3-f10-seed29,M3,29,missing_red_edge,I,7,Industrial or commercial units,87,2913,0.09581812455362876,0.3218390804597701,True,0.18147206803666716
week5-m3-f10-seed29,M3,29,missing_red_edge,I,8,Inland waters,208,2792,0.08217803432487959,0.03365384615384615,True,0.19814195500931264
week5-m3-f10-seed29,M3,29,missing_red_edge,I,9,Inland wetlands,273,2727,0.11432514966882687,0.0,True,-0.017213865239998377
week5-m3-f10-seed29,M3,29,missing_red_edge,I,10,"Land principally occupied by agriculture, with significant areas of natural vegetation",694,2306,0.3085228761507751,0.5331412103746398,True,0.044598991790014864
week5-m3-f10-seed29,M3,29,missing_red_edge,I,11,Marine waters,617,2383,0.15245121703971665,0.0,True,0.804617158622862
week5-m3-f10-seed29,M3,29,missing_red_edge,I,12,Mixed forest,812,2188,0.4026722384460058,0.5221674876847291,True,0.1974346244087803
week5-m3-f10-seed29,M3,29,missing_red_edge,I,13,"Moors, heathland and sclerophyllous vegetation",107,2893,0.05266538793616071,0.0,True,0.004889090986968964
week5-m3-f10-seed29,M3,29,missing_red_edge,I,14,Natural grassland and sparsely vegetated areas,70,2930,0.04419285021436375,0.32857142857142857,True,0.010181960619338508
week5-m3-f10-seed29,M3,29,missing_red_edge,I,15,Pastures,1100,1900,0.5701883372543192,0.7672727272727272,True,0.17844588922297455
week5-m3-f10-seed29,M3,29,missing_red_edge,I,16,Permanent crops,151,2849,0.09294337699288556,0.0,True,-0.018663033176278987
week5-m3-f10-seed29,M3,29,missing_red_edge,I,17,"Transitional woodland, shrub",326,2674,0.14414405629604035,0.39570552147239263,True,0.015081958250951127
week5-m3-f10-seed29,M3,29,missing_red_edge,I,18,Urban fabric,613,2387,0.4793400814673907,0.5203915171288744,True,0.1666808677744711
week5-m3-f10-seed29,M3,29,missing_red_edge,Finland,0,Agro-forestry areas,0,4000,,,False,
week5-m3-f10-seed29,M3,29,missing_red_edge,Finland,1,Arable land,457,3543,0.27233987673075266,0.5404814004376368,True,0.21170411365281228
week5-m3-f10-seed29,M3,29,missing_red_edge,Finland,2,"Beaches, dunes, sands",1,3999,0.00048449612403100775,0.0,False,0.002751749830661549
week5-m3-f10-seed29,M3,29,missing_red_edge,Finland,3,Broad-leaved forest,229,3771,0.07592615118054641,0.6550218340611353,True,-0.009754078344678563
week5-m3-f10-seed29,M3,29,missing_red_edge,Finland,4,Coastal wetlands,10,3990,0.002804948703215021,0.0,False,0.002644560142130207
week5-m3-f10-seed29,M3,29,missing_red_edge,Finland,5,Complex cultivation patterns,21,3979,0.00659874982503609,0.0,True,0.0004198476366923517
week5-m3-f10-seed29,M3,29,missing_red_edge,Finland,6,Coniferous forest,2776,1224,0.61097206445489,0.5846541786743515,True,0.29418336897503217
week5-m3-f10-seed29,M3,29,missing_red_edge,Finland,7,Industrial or commercial units,32,3968,0.18934802499149073,0.5625,True,-0.07936190790017657
week5-m3-f10-seed29,M3,29,missing_red_edge,Finland,8,Inland waters,985,3015,0.24821312034354726,0.0,True,0.2346316445563656
week5-m3-f10-seed29,M3,29,missing_red_edge,Finland,9,Inland wetlands,530,3470,0.12463957452334934,0.0,True,0.07614039869851438
week5-m3-f10-seed29,M3,29,missing_red_edge,Finland,10,"Land principally occupied by agriculture, with significant areas of natural vegetation",588,3412,0.23025810683763248,0.17517006802721088,True,-0.01049499248729499
week5-m3-f10-seed29,M3,29,missing_red_edge,Finland,11,Marine waters,892,3108,0.17211431289493337,0.0,True,0.7028918324543643
week5-m3-f10-seed29,M3,29,missing_red_edge,Finland,12,Mixed forest,2082,1918,0.4905642072075291,0.45244956772334294,True,0.14545944543796446
week5-m3-f10-seed29,M3,29,missing_red_edge,Finland,13,"Moors, heathland and sclerophyllous vegetation",26,3974,0.005816756873404018,0.0,True,-0.0007179739687460602
week5-m3-f10-seed29,M3,29,missing_red_edge,Finland,14,Natural grassland and sparsely vegetated areas,2,3998,0.0015865076021984192,1.0,True,-0.00046474410840337374
week5-m3-f10-seed29,M3,29,missing_red_edge,Finland,15,Pastures,3,3997,0.0010560548416193348,1.0,True,0.0010156519706055445
week5-m3-f10-seed29,M3,29,missing_red_edge,Finland,16,Permanent crops,1,3999,0.010752688172043012,0.0,True,0.01865907653383934
week5-m3-f10-seed29,M3,29,missing_red_edge,Finland,17,"Transitional woodland, shrub",1574,2426,0.55170033162869,0.3354510800508259,True,-0.04481511519386738
week5-m3-f10-seed29,M3,29,missing_red_edge,Finland,18,Urban fabric,116,3884,0.16176391488740854,0.5431034482758621,True,0.08575181610485208
week5-m3-f10-seed29,M3,29,missing_red_edge,Portugal,0,Agro-forestry areas,1408,2592,0.35705696016850774,0.0,False,-0.02235311167363979
week5-m3-f10-seed29,M3,29,missing_red_edge,Portugal,1,Arable land,1646,2354,0.5766248677409198,0.839003645200486,True,0.023810066022761034
week5-m3-f10-seed29,M3,29,missing_red_edge,Portugal,2,"Beaches, dunes, sands",46,3954,0.05558884685215717,0.0,False,-0.0093294175654835
week5-m3-f10-seed29,M3,29,missing_red_edge,Portugal,3,Broad-leaved forest,1588,2412,0.46729584024170323,0.3047858942065491,True,0.06023957506215538
week5-m3-f10-seed29,M3,29,missing_red_edge,Portugal,4,Coastal wetlands,45,3955,0.03499293875494683,0.0,False,0.02533560796550237
week5-m3-f10-seed29,M3,29,missing_red_edge,Portugal,5,Complex cultivation patterns,816,3184,0.21321374159069467,0.2659313725490196,True,0.03727490358755364
week5-m3-f10-seed29,M3,29,missing_red_edge,Portugal,6,Coniferous forest,385,3615,0.10937987119950411,0.3090909090909091,True,0.02592474054947276
week5-m3-f10-seed29,M3,29,missing_red_edge,Portugal,7,Industrial or commercial units,95,3905,0.05105191309394219,0.4421052631578947,True,0.04644383914864879
week5-m3-f10-seed29,M3,29,missing_red_edge,Portugal,8,Inland waters,206,3794,0.07679203927186373,0.019417475728155338,True,0.09433670005185357
week5-m3-f10-seed29,M3,29,missing_red_edge,Portugal,9,Inland wetlands,4,3996,0.0011892779233030892,0.0,True,0.0051470395571039185
week5-m3-f10-seed29,M3,29,missing_red_edge,Portugal,10,"Land principally occupied by agriculture, with significant areas of natural vegetation",763,3237,0.1707460443024255,0.23853211009174313,True,0.03270492822765583
week5-m3-f10-seed29,M3,29,missing_red_edge,Portugal,11,Marine waters,498,3502,0.2087893410111141,0.0,True,0.7486348984195643
week5-m3-f10-seed29,M3,29,missing_red_edge,Portugal,12,Mixed forest,587,3413,0.16529903277699318,0.17206132879045996,True,0.018457956860138985
week5-m3-f10-seed29,M3,29,missing_red_edge,Portugal,13,"Moors, heathland and sclerophyllous vegetation",507,3493,0.16333779730931502,0.023668639053254437,True,-0.009088909310272203
week5-m3-f10-seed29,M3,29,missing_red_edge,Portugal,14,Natural grassland and sparsely vegetated areas,50,3950,0.011403530936913977,0.28,True,0.001980634851755529
week5-m3-f10-seed29,M3,29,missing_red_edge,Portugal,15,Pastures,579,3421,0.13943642485580654,0.1001727115716753,True,0.10097199688869077
week5-m3-f10-seed29,M3,29,missing_red_edge,Portugal,16,Permanent crops,963,3037,0.27926776769507905,0.0,True,0.03835046217964849
week5-m3-f10-seed29,M3,29,missing_red_edge,Portugal,17,"Transitional woodland, shrub",1752,2248,0.4230653960537688,0.2054794520547945,True,0.07564544721305161
week5-m3-f10-seed29,M3,29,missing_red_edge,Portugal,18,Urban fabric,325,3675,0.14214605985432252,0.5661538461538461,True,0.010286581488214208
week5-m3-f10-seed29,M3,29,missing_swir,I,0,Agro-forestry areas,0,3000,,,False,
week5-m3-f10-seed29,M3,29,missing_swir,I,1,Arable land,1036,1964,0.5001715324265047,0.9777992277992278,True,0.3228958437482595
week5-m3-f10-seed29,M3,29,missing_swir,I,2,"Beaches, dunes, sands",24,2976,0.008829635824614554,0.0,False,0.018320327056939777
week5-m3-f10-seed29,M3,29,missing_swir,I,3,Broad-leaved forest,718,2282,0.3706386418808723,0.7005571030640668,True,0.18986126119563623
week5-m3-f10-seed29,M3,29,missing_swir,I,4,Coastal wetlands,1,2999,0.00046382189239332097,0.0,False,0.0002807797457302829
week5-m3-f10-seed29,M3,29,missing_swir,I,5,Complex cultivation patterns,665,2335,0.3551315841807732,0.4917293233082707,True,0.11692408361746937
week5-m3-f10-seed29,M3,29,missing_swir,I,6,Coniferous forest,580,2420,0.13854562111614827,0.005172413793103448,True,0.6073679142969806
week5-m3-f10-seed29,M3,29,missing_swir,I,7,Industrial or commercial units,87,2913,0.1345096866929533,0.11494252873563218,True,0.14278050589734262
week5-m3-f10-seed29,M3,29,missing_swir,I,8,Inland waters,208,2792,0.13016406350132037,0.009615384615384616,True,0.15015592583287185
week5-m3-f10-seed29,M3,29,missing_swir,I,9,Inland wetlands,273,2727,0.07868112916491457,0.02564102564102564,True,0.018430155263913922
week5-m3-f10-seed29,M3,29,missing_swir,I,10,"Land principally occupied by agriculture, with significant areas of natural vegetation",694,2306,0.2892826798992816,0.41354466858789624,True,0.0638391880415084
week5-m3-f10-seed29,M3,29,missing_swir,I,11,Marine waters,617,2383,0.22333348286155266,0.0032414910858995136,True,0.733734892801026
week5-m3-f10-seed29,M3,29,missing_swir,I,12,Mixed forest,812,2188,0.22184740653912158,0.029556650246305417,True,0.3782594563156645
week5-m3-f10-seed29,M3,29,missing_swir,I,13,"Moors, heathland and sclerophyllous vegetation",107,2893,0.09853702246110083,0.0,True,-0.04098254353797115
week5-m3-f10-seed29,M3,29,missing_swir,I,14,Natural grassland and sparsely vegetated areas,70,2930,0.04226316934921737,0.014285714285714285,True,0.012111641484484889
week5-m3-f10-seed29,M3,29,missing_swir,I,15,Pastures,1100,1900,0.4625743450130076,0.6645454545454546,True,0.2860598814642861
week5-m3-f10-seed29,M3,29,missing_swir,I,16,Permanent crops,151,2849,0.059085242100485685,0.006622516556291391,True,0.015195101716120887
week5-m3-f10-seed29,M3,29,missing_swir,I,17,"Transitional woodland, shrub",326,2674,0.23298460544823016,0.4570552147239264,True,-0.07375859090123868
week5-m3-f10-seed29,M3,29,missing_swir,I,18,Urban fabric,613,2387,0.3666206550446823,0.3931484502446982,True,0.27940029419717954
week5-m3-f10-seed29,M3,29,missing_swir,Finland,0,Agro-forestry areas,0,4000,,,False,
week5-m3-f10-seed29,M3,29,missing_swir,Finland,1,Arable land,457,3543,0.26333797086124444,0.7986870897155361,True,0.2207060195223205
week5-m3-f10-seed29,M3,29,missing_swir,Finland,2,"Beaches, dunes, sands",1,3999,0.0003971405877680699,0.0,False,0.002839105366924487
week5-m3-f10-seed29,M3,29,missing_swir,Finland,3,Broad-leaved forest,229,3771,0.05461434827920432,0.777292576419214,True,0.011557724556663526
week5-m3-f10-seed29,M3,29,missing_swir,Finland,4,Coastal wetlands,10,3990,0.003411303075676733,0.0,False,0.002038205769668495
week5-m3-f10-seed29,M3,29,missing_swir,Finland,5,Complex cultivation patterns,21,3979,0.003578715214598897,0.0,True,0.0034398822471295447
week5-m3-f10-seed29,M3,29,missing_swir,Finland,6,Coniferous forest,2776,1224,0.7133440044754755,0.07492795389048991,True,0.1918114289544467
week5-m3-f10-seed29,M3,29,missing_swir,Finland,7,Industrial or commercial units,32,3968,0.05968642630572553,0.0625,True,0.05029969078558863
week5-m3-f10-seed29,M3,29,missing_swir,Finland,8,Inland waters,985,3015,0.35988935107641606,0.017258883248730966,True,0.12295541382349678
week5-m3-f10-seed29,M3,29,missing_swir,Finland,9,Inland wetlands,530,3470,0.10014994186471106,0.016981132075471698,True,0.10063003135715266
week5-m3-f10-seed29,M3,29,missing_swir,Finland,10,"Land principally occupied by agriculture, with significant areas of natural vegetation",588,3412,0.1933076575307637,0.5204081632653061,True,0.026455456819573786
week5-m3-f10-seed29,M3,29,missing_swir,Finland,11,Marine waters,892,3108,0.6447525441629891,0.0,True,0.23025360118630855
week5-m3-f10-seed29,M3,29,missing_swir,Finland,12,Mixed forest,2082,1918,0.5549928675447533,0.052833813640730067,True,0.08103078510074024
week5-m3-f10-seed29,M3,29,missing_swir,Finland,13,"Moors, heathland and sclerophyllous vegetation",26,3974,0.010836289419122356,0.0,True,-0.005737506514464398
week5-m3-f10-seed29,M3,29,missing_swir,Finland,14,Natural grassland and sparsely vegetated areas,2,3998,0.0007748013400650281,0.0,True,0.00034696215373001735
week5-m3-f10-seed29,M3,29,missing_swir,Finland,15,Pastures,3,3997,0.001312732055504192,0.6666666666666666,True,0.0007589747567206873
week5-m3-f10-seed29,M3,29,missing_swir,Finland,16,Permanent crops,1,3999,0.015151515151515152,0.0,True,0.0142602495543672
week5-m3-f10-seed29,M3,29,missing_swir,Finland,17,"Transitional woodland, shrub",1574,2426,0.5017292666465797,0.7242693773824651,True,0.005155949788242964
week5-m3-f10-seed29,M3,29,missing_swir,Finland,18,Urban fabric,116,3884,0.11818043441098004,0.45689655172413796,True,0.12933529658128057
week5-m3-f10-seed29,M3,29,missing_swir,Portugal,0,Agro-forestry areas,1408,2592,0.3189174756984389,0.0,False,0.015786372796429027
week5-m3-f10-seed29,M3,29,missing_swir,Portugal,1,Arable land,1646,2354,0.5907752916033424,0.8900364520048603,True,0.009659642160338433
week5-m3-f10-seed29,M3,29,missing_swir,Portugal,2,"Beaches, dunes, sands",46,3954,0.01447215707068964,0.0,False,0.03178727221598403
week5-m3-f10-seed29,M3,29,missing_swir,Portugal,3,Broad-leaved forest,1588,2412,0.5247927583586168,0.5566750629722922,True,0.0027426569452417837
week5-m3-f10-seed29,M3,29,missing_swir,Portugal,4,Coastal wetlands,45,3955,0.020853512419595516,0.0,False,0.03947503430085368
week5-m3-f10-seed29,M3,29,missing_swir,Portugal,5,Complex cultivation patterns,816,3184,0.333313780465841,0.39950980392156865,True,-0.08282513528759267
week5-m3-f10-seed29,M3,29,missing_swir,Portugal,6,Coniferous forest,385,3615,0.15147996745074857,0.2077922077922078,True,-0.0161753557017717
week5-m3-f10-seed29,M3,29,missing_swir,Portugal,7,Industrial or commercial units,95,3905,0.18071783816688697,0.05263157894736842,True,-0.08322208592429599
week5-m3-f10-seed29,M3,29,missing_swir,Portugal,8,Inland waters,206,3794,0.11764304902951231,0.014563106796116505,True,0.053485690294204996
week5-m3-f10-seed29,M3,29,missing_swir,Portugal,9,Inland wetlands,4,3996,0.0020645535536918985,0.0,True,0.004271763926715109
week5-m3-f10-seed29,M3,29,missing_swir,Portugal,10,"Land principally occupied by agriculture, with significant areas of natural vegetation",763,3237,0.2719785483661705,0.5871559633027523,True,-0.0685275758360892
week5-m3-f10-seed29,M3,29,missing_swir,Portugal,11,Marine waters,498,3502,0.13629414541511578,0.004016064257028112,True,0.8211300940155627
week5-m3-f10-seed29,M3,29,missing_swir,Portugal,12,Mixed forest,587,3413,0.17995350100755841,0.02555366269165247,True,0.003803488629573748
week5-m3-f10-seed29,M3,29,missing_swir,Portugal,13,"Moors, heathland and sclerophyllous vegetation",507,3493,0.1491122263622447,0.0039447731755424065,True,0.005136661636798129
week5-m3-f10-seed29,M3,29,missing_swir,Portugal,14,Natural grassland and sparsely vegetated areas,50,3950,0.011011001922908863,0.0,True,0.002373163865760643
week5-m3-f10-seed29,M3,29,missing_swir,Portugal,15,Pastures,579,3421,0.17173471157276565,0.459412780656304,True,0.06867371017173166
week5-m3-f10-seed29,M3,29,missing_swir,Portugal,16,Permanent crops,963,3037,0.34497374594592556,0.035306334371754934,True,-0.027355516071198016
week5-m3-f10-seed29,M3,29,missing_swir,Portugal,17,"Transitional woodland, shrub",1752,2248,0.5539473814500795,0.17579908675799086,True,-0.055236538183259076
week5-m3-f10-seed29,M3,29,missing_swir,Portugal,18,Urban fabric,325,3675,0.2487536279666032,0.39076923076923076,True,-0.09632098662406646
week5-m3-f10-seed29,M3,29,gain_0p9,I,0,Agro-forestry areas,0,3000,,,False,
week5-m3-f10-seed29,M3,29,gain_0p9,I,1,Arable land,1036,1964,0.8217504249130718,0.9073359073359073,True,0.0013169512616924006
week5-m3-f10-seed29,M3,29,gain_0p9,I,2,"Beaches, dunes, sands",24,2976,0.06752341479814468,0.0,False,-0.04037345191659035
week5-m3-f10-seed29,M3,29,gain_0p9,I,3,Broad-leaved forest,718,2282,0.4140791984339747,0.6406685236768802,True,0.14642070464253382
week5-m3-f10-seed29,M3,29,gain_0p9,I,4,Coastal wetlands,1,2999,0.001639344262295082,0.0,False,-0.0008947426241714781
week5-m3-f10-seed29,M3,29,gain_0p9,I,5,Complex cultivation patterns,665,2335,0.4187732914558256,0.5172932330827068,True,0.05328237634241695
week5-m3-f10-seed29,M3,29,gain_0p9,I,6,Coniferous forest,580,2420,0.7340676155811323,0.7655172413793103,True,0.011845919831996565
week5-m3-f10-seed29,M3,29,gain_0p9,I,7,Industrial or commercial units,87,2913,0.25269694608903803,0.12643678160919541,True,0.02459324650125788
week5-m3-f10-seed29,M3,29,gain_0p9,I,8,Inland waters,208,2792,0.2519170929653355,0.2644230769230769,True,0.028402896368856734
week5-m3-f10-seed29,M3,29,gain_0p9,I,9,Inland wetlands,273,2727,0.09946330582477905,0.0,True,-0.00235202139595056
week5-m3-f10-seed29,M3,29,gain_0p9,I,10,"Land principally occupied by agriculture, with significant areas of natural vegetation",694,2306,0.3389003501830716,0.33861671469740634,True,0.014221517757718405
week5-m3-f10-seed29,M3,29,gain_0p9,I,11,Marine waters,617,2383,0.961187039560159,0.9124797406807131,True,-0.004118663897580421
week5-m3-f10-seed29,M3,29,gain_0p9,I,12,Mixed forest,812,2188,0.5890056699646099,0.7093596059113301,True,0.011101192890176192
week5-m3-f10-seed29,M3,29,gain_0p9,I,13,"Moors, heathland and sclerophyllous vegetation",107,2893,0.049187304758982656,0.0,True,0.00836717416414702
week5-m3-f10-seed29,M3,29,gain_0p9,I,14,Natural grassland and sparsely vegetated areas,70,2930,0.058129307832471534,0.18571428571428572,True,-0.0037544969987692786
week5-m3-f10-seed29,M3,29,gain_0p9,I,15,Pastures,1100,1900,0.6781199629945234,0.610909090909091,True,0.07051426348277035
week5-m3-f10-seed29,M3,29,gain_0p9,I,16,Permanent crops,151,2849,0.06525000859363568,0.0,True,0.009030335222970892
week5-m3-f10-seed29,M3,29,gain_0p9,I,17,"Transitional woodland, shrub",326,2674,0.13757550018979567,0.294478527607362,True,0.02165051435719581
week5-m3-f10-seed29,M3,29,gain_0p9,I,18,Urban fabric,613,2387,0.6230362362096993,0.5350734094616639,True,0.02298471303216254
week5-m3-f10-seed29,M3,29,gain_0p9,Finland,0,Agro-forestry areas,0,4000,,,False,
week5-m3-f10-seed29,M3,29,gain_0p9,Finland,1,Arable land,457,3543,0.4870899216877604,0.6914660831509847,True,-0.0030459313041954483
week5-m3-f10-seed29,M3,29,gain_0p9,Finland,2,"Beaches, dunes, sands",1,3999,0.00303951367781155,0.0,False,0.00019673227688100665
week5-m3-f10-seed29,M3,29,gain_0p9,Finland,3,Broad-leaved forest,229,3771,0.06769687042393914,0.6550218340611353,True,-0.0015247975880712944
week5-m3-f10-seed29,M3,29,gain_0p9,Finland,4,Coastal wetlands,10,3990,0.004300079326837224,0.0,False,0.0011494295185080043
week5-m3-f10-seed29,M3,29,gain_0p9,Finland,5,Complex cultivation patterns,21,3979,0.01100073150178178,0.23809523809523808,True,-0.003982134040053339
week5-m3-f10-seed29,M3,29,gain_0p9,Finland,6,Coniferous forest,2776,1224,0.9110532941855883,0.5698847262247838,True,-0.005897860755666118
week5-m3-f10-seed29,M3,29,gain_0p9,Finland,7,Industrial or commercial units,32,3968,0.1887170466914455,0.15625,True,-0.07873092960013135
week5-m3-f10-seed29,M3,29,gain_0p9,Finland,8,Inland waters,985,3015,0.446901155156169,0.07309644670050762,True,0.03594360974374383
week5-m3-f10-seed29,M3,29,gain_0p9,Finland,9,Inland wetlands,530,3470,0.22582967906402576,0.013207547169811321,True,-0.02504970584216204
week5-m3-f10-seed29,M3,29,gain_0p9,Finland,10,"Land principally occupied by agriculture, with significant areas of natural vegetation",588,3412,0.20595030592502694,0.23979591836734693,True,0.013812808425310547
week5-m3-f10-seed29,M3,29,gain_0p9,Finland,11,Marine waters,892,3108,0.8741754698285014,0.8363228699551569,True,0.0008306755207962979
week5-m3-f10-seed29,M3,29,gain_0p9,Finland,12,Mixed forest,2082,1918,0.644153158645169,0.6152737752161384,True,-0.008129505999675435
week5-m3-f10-seed29,M3,29,gain_0p9,Finland,13,"Moors, heathland and sclerophyllous vegetation",26,3974,0.004330575335231105,0.0,True,0.0007682075694268528
week5-m3-f10-seed29,M3,29,gain_0p9,Finland,14,Natural grassland and sparsely vegetated areas,2,3998,0.0008527109484274377,0.0,True,0.0002690525453676077
week5-m3-f10-seed29,M3,29,gain_0p9,Finland,15,Pastures,3,3997,0.0013485118874143312,0.0,True,0.0007231949248105482
week5-m3-f10-seed29,M3,29,gain_0p9,Finland,16,Permanent crops,1,3999,0.016666666666666666,0.0,True,0.012745098039215686
week5-m3-f10-seed29,M3,29,gain_0p9,Finland,17,"Transitional woodland, shrub",1574,2426,0.5196665976796874,0.30241423125794153,True,-0.01278138124486472
week5-m3-f10-seed29,M3,29,gain_0p9,Finland,18,Urban fabric,116,3884,0.2735199665670987,0.4224137931034483,True,-0.02600423557483808
week5-m3-f10-seed29,M3,29,gain_0p9,Portugal,0,Agro-forestry areas,1408,2592,0.34215647821462003,0.0,False,-0.00745262971975208
week5-m3-f10-seed29,M3,29,gain_0p9,Portugal,1,Arable land,1646,2354,0.6091747395410245,0.7660996354799514,True,-0.008739805777343679
week5-m3-f10-seed29,M3,29,gain_0p9,Portugal,2,"Beaches, dunes, sands",46,3954,0.048073496034389276,0.0,False,-0.0018140667477156078
week5-m3-f10-seed29,M3,29,gain_0p9,Portugal,3,Broad-leaved forest,1588,2412,0.5276568511133225,0.663727959697733,True,-0.00012143580946388788
week5-m3-f10-seed29,M3,29,gain_0p9,Portugal,4,Coastal wetlands,45,3955,0.05685560886145356,0.0,False,0.003472937858995634
week5-m3-f10-seed29,M3,29,gain_0p9,Portugal,5,Complex cultivation patterns,816,3184,0.2291655015346336,0.3272058823529412,True,0.021323143643614706
week5-m3-f10-seed29,M3,29,gain_0p9,Portugal,6,Coniferous forest,385,3615,0.13607736037685553,0.36623376623376624,True,-0.0007727486278786555
week5-m3-f10-seed29,M3,29,gain_0p9,Portugal,7,Industrial or commercial units,95,3905,0.12096605346907627,0.042105263157894736,True,-0.023470301226485288
week5-m3-f10-seed29,M3,29,gain_0p9,Portugal,8,Inland waters,206,3794,0.16618389669898748,0.10194174757281553,True,0.004944842624729828
week5-m3-f10-seed29,M3,29,gain_0p9,Portugal,9,Inland wetlands,4,3996,0.005873325865495883,0.0,True,0.0004629916149111249
week5-m3-f10-seed29,M3,29,gain_0p9,Portugal,10,"Land principally occupied by agriculture, with significant areas of natural vegetation",763,3237,0.20579175108541473,0.40235910878112713,True,-0.002340778555333406
week5-m3-f10-seed29,M3,29,gain_0p9,Portugal,11,Marine waters,498,3502,0.9593773471454313,0.8815261044176707,True,-0.0019531077147528775
week5-m3-f10-seed29,M3,29,gain_0p9,Portugal,12,Mixed forest,587,3413,0.1873050545958876,0.34071550255536626,True,-0.003548064958755426
week5-m3-f10-seed29,M3,29,gain_0p9,Portugal,13,"Moors, heathland and sclerophyllous vegetation",507,3493,0.15058592187487782,0.07889546351084813,True,0.0036629661241650013
week5-m3-f10-seed29,M3,29,gain_0p9,Portugal,14,Natural grassland and sparsely vegetated areas,50,3950,0.013911810848290634,0.26,True,-0.0005276450596211277
week5-m3-f10-seed29,M3,29,gain_0p9,Portugal,15,Pastures,579,3421,0.25464766228413066,0.44559585492227977,True,-0.014239240539633352
week5-m3-f10-seed29,M3,29,gain_0p9,Portugal,16,Permanent crops,963,3037,0.3575244338276262,0.005192107995846314,True,-0.03990620395289868
week5-m3-f10-seed29,M3,29,gain_0p9,Portugal,17,"Transitional woodland, shrub",1752,2248,0.4804467794947398,0.20490867579908675,True,0.01826406377208062
week5-m3-f10-seed29,M3,29,gain_0p9,Portugal,18,Urban fabric,325,3675,0.15805998256165688,0.3476923076923077,True,-0.005627341219120147
week5-m3-f10-seed29,M3,29,gain_1p1,I,0,Agro-forestry areas,0,3000,,,False,
week5-m3-f10-seed29,M3,29,gain_1p1,I,1,Arable land,1036,1964,0.8171279491152666,0.9131274131274131,True,0.005939427059497571
week5-m3-f10-seed29,M3,29,gain_1p1,I,2,"Beaches, dunes, sands",24,2976,0.026159142934581176,0.0,False,0.000990819946973153
week5-m3-f10-seed29,M3,29,gain_1p1,I,3,Broad-leaved forest,718,2282,0.6208079539943818,0.692200557103064,True,-0.06030805091787328
week5-m3-f10-seed29,M3,29,gain_1p1,I,4,Coastal wetlands,1,2999,0.0004975124378109452,0.0,False,0.00024708920031265864
week5-m3-f10-seed29,M3,29,gain_1p1,I,5,Complex cultivation patterns,665,2335,0.5030900891307096,0.6300751879699248,True,-0.031034421332467088
week5-m3-f10-seed29,M3,29,gain_1p1,I,6,Coniferous forest,580,2420,0.7484092065774203,0.6810344827586207,True,-0.002495671164291391
week5-m3-f10-seed29,M3,29,gain_1p1,I,7,Industrial or commercial units,87,2913,0.21300496004578057,0.14942528735632185,True,0.06428523254451535
week5-m3-f10-seed29,M3,29,gain_1p1,I,8,Inland waters,208,2792,0.29592580181844974,0.23557692307692307,True,-0.01560581248425752
week5-m3-f10-seed29,M3,29,gain_1p1,I,9,Inland wetlands,273,2727,0.09736516509257515,0.003663003663003663,True,-0.00025388066374665286
week5-m3-f10-seed29,M3,29,gain_1p1,I,10,"Land principally occupied by agriculture, with significant areas of natural vegetation",694,2306,0.3553671069597788,0.4020172910662824,True,-0.0022452390189888205
week5-m3-f10-seed29,M3,29,gain_1p1,I,11,Marine waters,617,2383,0.9471213591560598,0.9076175040518638,True,0.009947016506518858
week5-m3-f10-seed29,M3,29,gain_1p1,I,12,Mixed forest,812,2188,0.6085154430468624,0.687192118226601,True,-0.008408580192076354
week5-m3-f10-seed29,M3,29,gain_1p1,I,13,"Moors, heathland and sclerophyllous vegetation",107,2893,0.06403650628501296,0.0,True,-0.0064820273618832885
week5-m3-f10-seed29,M3,29,gain_1p1,I,14,Natural grassland and sparsely vegetated areas,70,2930,0.057118648722344324,0.22857142857142856,True,-0.0027438378886420686
week5-m3-f10-seed29,M3,29,gain_1p1,I,15,Pastures,1100,1900,0.8070569816004635,0.8718181818181818,True,-0.058422755123169745
week5-m3-f10-seed29,M3,29,gain_1p1,I,16,Permanent crops,151,2849,0.09130510032883224,0.0,True,-0.017024756512225667
week5-m3-f10-seed29,M3,29,gain_1p1,I,17,"Transitional woodland, shrub",326,2674,0.17293540677610594,0.2147239263803681,True,-0.013709392229114464
week5-m3-f10-seed29,M3,29,gain_1p1,I,18,Urban fabric,613,2387,0.6077847288808884,0.598694942903752,True,0.038236220360973405
week5-m3-f10-seed29,M3,29,gain_1p1,Finland,0,Agro-forestry areas,0,4000,,,False,
week5-m3-f10-seed29,M3,29,gain_1p1,Finland,1,Arable land,457,3543,0.46279777383146253,0.7308533916849015,True,0.021246216552102404
week5-m3-f10-seed29,M3,29,gain_1p1,Finland,2,"Beaches, dunes, sands",1,3999,0.003125,0.0,False,0.00011124595469255661
week5-m3-f10-seed29,M3,29,gain_1p1,Finland,3,Broad-leaved forest,229,3771,0.06436565101815643,0.7205240174672489,True,0.001806421817711415
week5-m3-f10-seed29,M3,29,gain_1p1,Finland,4,Coastal wetlands,10,3990,0.006716968548431869,0.0,False,-0.0012674597030866404
week5-m3-f10-seed29,M3,29,gain_1p1,Finland,5,Complex cultivation patterns,21,3979,0.005077932027427028,0.09523809523809523,True,0.0019406654343014137
week5-m3-f10-seed29,M3,29,gain_1p1,Finland,6,Coniferous forest,2776,1224,0.8953894663033019,0.4585734870317003,True,0.009765967126620367
week5-m3-f10-seed29,M3,29,gain_1p1,Finland,7,Industrial or commercial units,32,3968,0.08006483824000062,0.125,True,0.029921278851313543
week5-m3-f10-seed29,M3,29,gain_1p1,Finland,8,Inland waters,985,3015,0.5076349865000932,0.14111675126903553,True,-0.02479022160018035
week5-m3-f10-seed29,M3,29,gain_1p1,Finland,9,Inland wetlands,530,3470,0.17692970223222074,0.009433962264150943,True,0.023850270989642985
week5-m3-f10-seed29,M3,29,gain_1p1,Finland,10,"Land principally occupied by agriculture, with significant areas of natural vegetation",588,3412,0.2432856304211256,0.39625850340136054,True,-0.02352251607078812
week5-m3-f10-seed29,M3,29,gain_1p1,Finland,11,Marine waters,892,3108,0.8748957291013567,0.8295964125560538,True,0.00011041624794094762
week5-m3-f10-seed29,M3,29,gain_1p1,Finland,12,Mixed forest,2082,1918,0.6398349217318774,0.5067243035542748,True,-0.0038112690863838505
week5-m3-f10-seed29,M3,29,gain_1p1,Finland,13,"Moors, heathland and sclerophyllous vegetation",26,3974,0.006477808281142065,0.0,True,-0.0013790253764841076
week5-m3-f10-seed29,M3,29,gain_1p1,Finland,14,Natural grassland and sparsely vegetated areas,2,3998,0.001282059095078051,0.0,True,-0.00016029560128300556
week5-m3-f10-seed29,M3,29,gain_1p1,Finland,15,Pastures,3,3997,0.002914145594837077,0.3333333333333333,True,-0.0008424387826121977
week5-m3-f10-seed29,M3,29,gain_1p1,Finland,16,Permanent crops,1,3999,0.01694915254237288,0.0,True,0.012462612163509471
week5-m3-f10-seed29,M3,29,gain_1p1,Finland,17,"Transitional woodland, shrub",1574,2426,0.4956779285761312,0.45171537484116897,True,0.011207287858691461
week5-m3-f10-seed29,M3,29,gain_1p1,Finland,18,Urban fabric,116,3884,0.21547702562055512,0.39655172413793105,True,0.0320387053717055
week5-m3-f10-seed29,M3,29,gain_1p1,Portugal,0,Agro-forestry areas,1408,2592,0.32156338718579075,0.0,False,0.0131404613090772
week5-m3-f10-seed29,M3,29,gain_1p1,Portugal,1,Arable land,1646,2354,0.5927662740021521,0.7235722964763062,True,0.007668659761528751
week5-m3-f10-seed29,M3,29,gain_1p1,Portugal,2,"Beaches, dunes, sands",46,3954,0.04621758963354816,0.0,False,4.1839653125506915e-05
week5-m3-f10-seed29,M3,29,gain_1p1,Portugal,3,Broad-leaved forest,1588,2412,0.5349544197961462,0.6838790931989924,True,-0.007419004492287606
week5-m3-f10-seed29,M3,29,gain_1p1,Portugal,4,Coastal wetlands,45,3955,0.06537486317622525,0.0,False,-0.005046316455776051
week5-m3-f10-seed29,M3,29,gain_1p1,Portugal,5,Complex cultivation patterns,816,3184,0.2691195606326735,0.3958333333333333,True,-0.01863091545442519
week5-m3-f10-seed29,M3,29,gain_1p1,Portugal,6,Coniferous forest,385,3615,0.14039429368409292,0.3220779220779221,True,-0.005089681935116053
week5-m3-f10-seed29,M3,29,gain_1p1,Portugal,7,Industrial or commercial units,95,3905,0.07691789065747168,0.042105263157894736,True,0.020577861585119303
week5-m3-f10-seed29,M3,29,gain_1p1,Portugal,8,Inland waters,206,3794,0.16120605945981895,0.08737864077669903,True,0.00992267986389836
week5-m3-f10-seed29,M3,29,gain_1p1,Portugal,9,Inland wetlands,4,3996,0.005668909338343759,0.0,True,0.0006674081420632487
week5-m3-f10-seed29,M3,29,gain_1p1,Portugal,10,"Land principally occupied by agriculture, with significant areas of natural vegetation",763,3237,0.21070160980645167,0.418086500655308,True,-0.0072506372763703475
week5-m3-f10-seed29,M3,29,gain_1p1,Portugal,11,Marine waters,498,3502,0.9559007251389227,0.8795180722891566,True,0.0015235142917557898
week5-m3-f10-seed29,M3,29,gain_1p1,Portugal,12,Mixed forest,587,3413,0.19829822684076295,0.2572402044293015,True,-0.014541237203630791
week5-m3-f10-seed29,M3,29,gain_1p1,Portugal,13,"Moors, heathland and sclerophyllous vegetation",507,3493,0.16497475825986652,0.15384615384615385,True,-0.010725870260823694
week5-m3-f10-seed29,M3,29,gain_1p1,Portugal,14,Natural grassland and sparsely vegetated areas,50,3950,0.013278741260189455,0.36,True,0.00010542452848005118
week5-m3-f10-seed29,M3,29,gain_1p1,Portugal,15,Pastures,579,3421,0.2268238761915111,0.46632124352331605,True,0.013584545552986216
week5-m3-f10-seed29,M3,29,gain_1p1,Portugal,16,Permanent crops,963,3037,0.2718534703219921,0.0020768431983385254,True,0.04576475955273546
week5-m3-f10-seed29,M3,29,gain_1p1,Portugal,17,"Transitional woodland, shrub",1752,2248,0.5186894198076328,0.2728310502283105,True,-0.01997857654081242
week5-m3-f10-seed29,M3,29,gain_1p1,Portugal,18,Urban fabric,325,3675,0.15678385057188596,0.4461538461538462,True,-0.004351209229349229
week5-m4-f10-seed29,M4,29,clean,I,0,Agro-forestry areas,0,3000,,,False,
week5-m4-f10-seed29,M4,29,clean,I,1,Arable land,1036,1964,0.8272926728213872,0.9025096525096525,True,0.0
week5-m4-f10-seed29,M4,29,clean,I,2,"Beaches, dunes, sands",24,2976,0.020735443100428217,0.0,False,0.0
week5-m4-f10-seed29,M4,29,clean,I,3,Broad-leaved forest,718,2282,0.502481231658356,0.7409470752089137,True,0.0
week5-m4-f10-seed29,M4,29,clean,I,4,Coastal wetlands,1,2999,0.0014144271570014145,0.0,False,0.0
week5-m4-f10-seed29,M4,29,clean,I,5,Complex cultivation patterns,665,2335,0.4715742727417672,0.5909774436090226,True,0.0
week5-m4-f10-seed29,M4,29,clean,I,6,Coniferous forest,580,2420,0.7284939680137933,0.7241379310344828,True,0.0
week5-m4-f10-seed29,M4,29,clean,I,7,Industrial or commercial units,87,2913,0.2956241546292091,0.2413793103448276,True,0.0
week5-m4-f10-seed29,M4,29,clean,I,8,Inland waters,208,2792,0.31793284904524827,0.2403846153846154,True,0.0
week5-m4-f10-seed29,M4,29,clean,I,9,Inland wetlands,273,2727,0.13972982186514177,0.003663003663003663,True,0.0
week5-m4-f10-seed29,M4,29,clean,I,10,"Land principally occupied by agriculture, with significant areas of natural vegetation",694,2306,0.33776697305431463,0.4034582132564842,True,0.0
week5-m4-f10-seed29,M4,29,clean,I,11,Marine waters,617,2383,0.9664925029075577,0.8833063209076175,True,0.0
week5-m4-f10-seed29,M4,29,clean,I,12,Mixed forest,812,2188,0.6187386700052186,0.6403940886699507,True,0.0
week5-m4-f10-seed29,M4,29,clean,I,13,"Moors, heathland and sclerophyllous vegetation",107,2893,0.05594859915127513,0.0,True,0.0
week5-m4-f10-seed29,M4,29,clean,I,14,Natural grassland and sparsely vegetated areas,70,2930,0.07460845790564186,0.15714285714285714,True,0.0
week5-m4-f10-seed29,M4,29,clean,I,15,Pastures,1100,1900,0.775004097888176,0.7518181818181818,True,0.0
week5-m4-f10-seed29,M4,29,clean,I,16,Permanent crops,151,2849,0.08384726209876196,0.0,True,0.0
week5-m4-f10-seed29,M4,29,clean,I,17,"Transitional woodland, shrub",326,2674,0.1685988819554797,0.2607361963190184,True,0.0
week5-m4-f10-seed29,M4,29,clean,I,18,Urban fabric,613,2387,0.5655592775716624,0.5269168026101142,True,0.0
week5-m4-f10-seed29,M4,29,clean,Finland,0,Agro-forestry areas,0,4000,,,False,
week5-m4-f10-seed29,M4,29,clean,Finland,1,Arable land,457,3543,0.45653835917961444,0.6673960612691466,True,0.0
week5-m4-f10-seed29,M4,29,clean,Finland,2,"Beaches, dunes, sands",1,3999,0.0026041666666666665,0.0,False,0.0
week5-m4-f10-seed29,M4,29,clean,Finland,3,Broad-leaved forest,229,3771,0.08021979614461892,0.7379912663755459,True,0.0
week5-m4-f10-seed29,M4,29,clean,Finland,4,Coastal wetlands,10,3990,0.010324797472816564,0.0,False,0.0
week5-m4-f10-seed29,M4,29,clean,Finland,5,Complex cultivation patterns,21,3979,0.0049674811201929365,0.0,True,0.0
week5-m4-f10-seed29,M4,29,clean,Finland,6,Coniferous forest,2776,1224,0.8753734768915716,0.4881123919308357,True,0.0
week5-m4-f10-seed29,M4,29,clean,Finland,7,Industrial or commercial units,32,3968,0.07701303345385951,0.21875,True,0.0
week5-m4-f10-seed29,M4,29,clean,Finland,8,Inland waters,985,3015,0.5301454165272059,0.14822335025380712,True,0.0
week5-m4-f10-seed29,M4,29,clean,Finland,9,Inland wetlands,530,3470,0.14400440824911825,0.0,True,0.0
week5-m4-f10-seed29,M4,29,clean,Finland,10,"Land principally occupied by agriculture, with significant areas of natural vegetation",588,3412,0.24500313093877316,0.3333333333333333,True,0.0
week5-m4-f10-seed29,M4,29,clean,Finland,11,Marine waters,892,3108,0.887352720818792,0.672645739910314,True,0.0
week5-m4-f10-seed29,M4,29,clean,Finland,12,Mixed forest,2082,1918,0.6553044311214106,0.5,True,0.0
week5-m4-f10-seed29,M4,29,clean,Finland,13,"Moors, heathland and sclerophyllous vegetation",26,3974,0.004144871850789294,0.0,True,0.0
week5-m4-f10-seed29,M4,29,clean,Finland,14,Natural grassland and sparsely vegetated areas,2,3998,0.000990573455084294,0.0,True,0.0
week5-m4-f10-seed29,M4,29,clean,Finland,15,Pastures,3,3997,0.002077835819366425,0.6666666666666666,True,0.0
week5-m4-f10-seed29,M4,29,clean,Finland,16,Permanent crops,1,3999,0.00625,0.0,True,0.0
week5-m4-f10-seed29,M4,29,clean,Finland,17,"Transitional woodland, shrub",1574,2426,0.5179724979014189,0.2128335451080051,True,0.0
week5-m4-f10-seed29,M4,29,clean,Finland,18,Urban fabric,116,3884,0.14361435276254306,0.43103448275862066,True,0.0
week5-m4-f10-seed29,M4,29,clean,Portugal,0,Agro-forestry areas,1408,2592,0.3407674900356687,0.0,False,0.0
week5-m4-f10-seed29,M4,29,clean,Portugal,1,Arable land,1646,2354,0.5110677903644862,0.7168894289185905,True,0.0
week5-m4-f10-seed29,M4,29,clean,Portugal,2,"Beaches, dunes, sands",46,3954,0.04678506776354846,0.0,False,0.0
week5-m4-f10-seed29,M4,29,clean,Portugal,3,Broad-leaved forest,1588,2412,0.5127222646737366,0.52455919395466,True,0.0
week5-m4-f10-seed29,M4,29,clean,Portugal,4,Coastal wetlands,45,3955,0.01651218950908206,0.0,False,0.0
week5-m4-f10-seed29,M4,29,clean,Portugal,5,Complex cultivation patterns,816,3184,0.3052487460773088,0.3125,True,0.0
week5-m4-f10-seed29,M4,29,clean,Portugal,6,Coniferous forest,385,3615,0.15638931475933943,0.33246753246753247,True,0.0
week5-m4-f10-seed29,M4,29,clean,Portugal,7,Industrial or commercial units,95,3905,0.08325345263492005,0.042105263157894736,True,0.0
week5-m4-f10-seed29,M4,29,clean,Portugal,8,Inland waters,206,3794,0.1166624462778226,0.07281553398058252,True,0.0
week5-m4-f10-seed29,M4,29,clean,Portugal,9,Inland wetlands,4,3996,0.021414698926805108,0.0,True,0.0
week5-m4-f10-seed29,M4,29,clean,Portugal,10,"Land principally occupied by agriculture, with significant areas of natural vegetation",763,3237,0.28888557273719906,0.2948885976408912,True,0.0
week5-m4-f10-seed29,M4,29,clean,Portugal,11,Marine waters,498,3502,0.948671042825645,0.8654618473895582,True,0.0
week5-m4-f10-seed29,M4,29,clean,Portugal,12,Mixed forest,587,3413,0.20613586391166125,0.20783645655877342,True,0.0
week5-m4-f10-seed29,M4,29,clean,Portugal,13,"Moors, heathland and sclerophyllous vegetation",507,3493,0.17490359550403828,0.023668639053254437,True,0.0
week5-m4-f10-seed29,M4,29,clean,Portugal,14,Natural grassland and sparsely vegetated areas,50,3950,0.012732981298230493,0.16,True,0.0
week5-m4-f10-seed29,M4,29,clean,Portugal,15,Pastures,579,3421,0.1994135891286371,0.2987910189982729,True,0.0
week5-m4-f10-seed29,M4,29,clean,Portugal,16,Permanent crops,963,3037,0.4059495136963054,0.0,True,0.0
week5-m4-f10-seed29,M4,29,clean,Portugal,17,"Transitional woodland, shrub",1752,2248,0.48204992055310086,0.1797945205479452,True,0.0
week5-m4-f10-seed29,M4,29,clean,Portugal,18,Urban fabric,325,3675,0.1885020897896816,0.20615384615384616,True,0.0
week5-m4-f10-seed29,M4,29,missing_b08,I,0,Agro-forestry areas,0,3000,,,False,
week5-m4-f10-seed29,M4,29,missing_b08,I,1,Arable land,1036,1964,0.7414745266621111,0.9343629343629344,True,0.08581814615927608
week5-m4-f10-seed29,M4,29,missing_b08,I,2,"Beaches, dunes, sands",24,2976,0.036098293039443084,0.0,False,-0.015362849939014867
week5-m4-f10-seed29,M4,29,missing_b08,I,3,Broad-leaved forest,718,2282,0.5602574527419324,0.7172701949860725,True,-0.057776221083576385
week5-m4-f10-seed29,M4,29,missing_b08,I,4,Coastal wetlands,1,2999,0.0015360983102918587,0.0,False,-0.0001216711532904442
week5-m4-f10-seed29,M4,29,missing_b08,I,5,Complex cultivation patterns,665,2335,0.4131804366484408,0.5488721804511278,True,0.058393836093326434
week5-m4-f10-seed29,M4,29,missing_b08,I,6,Coniferous forest,580,2420,0.7384808039835945,0.7137931034482758,True,-0.009986835969801211
week5-m4-f10-seed29,M4,29,missing_b08,I,7,Industrial or commercial units,87,2913,0.24560295545575508,0.2413793103448276,True,0.05002119917345402
week5-m4-f10-seed29,M4,29,missing_b08,I,8,Inland waters,208,2792,0.250446040195052,0.2644230769230769,True,0.06748680885019626
week5-m4-f10-seed29,M4,29,missing_b08,I,9,Inland wetlands,273,2727,0.13334328209017549,0.0,True,0.006386539774966282
week5-m4-f10-seed29,M4,29,missing_b08,I,10,"Land principally occupied by agriculture, with significant areas of natural vegetation",694,2306,0.3033348045895204,0.27521613832853026,True,0.034432168464794244
week5-m4-f10-seed29,M4,29,missing_b08,I,11,Marine waters,617,2383,0.9517584963993795,0.3565640194489465,True,0.014734006508178243
week5-m4-f10-seed29,M4,29,missing_b08,I,12,Mixed forest,812,2188,0.6163567198354926,0.5775862068965517,True,0.002381950169726088
week5-m4-f10-seed29,M4,29,missing_b08,I,13,"Moors, heathland and sclerophyllous vegetation",107,2893,0.05523646000002635,0.0,True,0.0007121391512487849
week5-m4-f10-seed29,M4,29,missing_b08,I,14,Natural grassland and sparsely vegetated areas,70,2930,0.06568997327579457,0.17142857142857143,True,0.00891848462984729
week5-m4-f10-seed29,M4,29,missing_b08,I,15,Pastures,1100,1900,0.6536286813452383,0.5318181818181819,True,0.12137541654293771
week5-m4-f10-seed29,M4,29,missing_b08,I,16,Permanent crops,151,2849,0.08928036531659109,0.0,True,-0.005433103217829124
week5-m4-f10-seed29,M4,29,missing_b08,I,17,"Transitional woodland, shrub",326,2674,0.22244985781108578,0.29141104294478526,True,-0.05385097585560608
week5-m4-f10-seed29,M4,29,missing_b08,I,18,Urban fabric,613,2387,0.5077285821370029,0.5040783034257749,True,0.05783069543465946
week5-m4-f10-seed29,M4,29,missing_b08,Finland,0,Agro-forestry areas,0,4000,,,False,
week5-m4-f10-seed29,M4,29,missing_b08,Finland,1,Arable land,457,3543,0.4698760572621749,0.6652078774617067,True,-0.013337698082560467
week5-m4-f10-seed29,M4,29,missing_b08,Finland,2,"Beaches, dunes, sands",1,3999,0.002531645569620253,0.0,False,7.252109704641331e-05
week5-m4-f10-seed29,M4,29,missing_b08,Finland,3,Broad-leaved forest,229,3771,0.07775615933521947,0.7991266375545851,True,0.0024636368093994554
week5-m4-f10-seed29,M4,29,missing_b08,Finland,4,Coastal wetlands,10,3990,0.004951363076397581,0.0,False,0.0053734343964189826
week5-m4-f10-seed29,M4,29,missing_b08,Finland,5,Complex cultivation patterns,21,3979,0.004412758862087893,0.0,True,0.0005547222581050431
week5-m4-f10-seed29,M4,29,missing_b08,Finland,6,Coniferous forest,2776,1224,0.7869659481942538,0.3814841498559078,True,0.08840752869731783
week5-m4-f10-seed29,M4,29,missing_b08,Finland,7,Industrial or commercial units,32,3968,0.06905524557254317,0.125,True,0.007957787881316347
week5-m4-f10-seed29,M4,29,missing_b08,Finland,8,Inland waters,985,3015,0.478120485595657,0.19695431472081218,True,0.05202493093154892
week5-m4-f10-seed29,M4,29,missing_b08,Finland,9,Inland wetlands,530,3470,0.11536311101886146,0.0,True,0.028641297230256796
week5-m4-f10-seed29,M4,29,missing_b08,Finland,10,"Land principally occupied by agriculture, with significant areas of natural vegetation",588,3412,0.2033891582404493,0.28741496598639454,True,0.04161397269832384
week5-m4-f10-seed29,M4,29,missing_b08,Finland,11,Marine waters,892,3108,0.9010061776900611,0.24775784753363228,True,-0.013653456871269065
week5-m4-f10-seed29,M4,29,missing_b08,Finland,12,Mixed forest,2082,1918,0.633902587630209,0.441402497598463,True,0.021401843491201555
week5-m4-f10-seed29,M4,29,missing_b08,Finland,13,"Moors, heathland and sclerophyllous vegetation",26,3974,0.004535970144693225,0.0,True,-0.000391098293903931
week5-m4-f10-seed29,M4,29,missing_b08,Finland,14,Natural grassland and sparsely vegetated areas,2,3998,0.0012089432156619194,0.0,True,-0.00021836976057762534
week5-m4-f10-seed29,M4,29,missing_b08,Finland,15,Pastures,3,3997,0.002416629812403663,0.6666666666666666,True,-0.00033879399303723794
week5-m4-f10-seed29,M4,29,missing_b08,Finland,16,Permanent crops,1,3999,0.004016064257028112,0.0,True,0.0022339357429718883
week5-m4-f10-seed29,M4,29,missing_b08,Finland,17,"Transitional woodland, shrub",1574,2426,0.5189991399178243,0.3144853875476493,True,-0.0010266420164054546
week5-m4-f10-seed29,M4,29,missing_b08,Finland,18,Urban fabric,116,3884,0.10927725545901358,0.3706896551724138,True,0.034337097303529476
week5-m4-f10-seed29,M4,29,missing_b08,Portugal,0,Agro-forestry areas,1408,2592,0.33468282704558344,0.0,False,0.0060846629900852545
week5-m4-f10-seed29,M4,29,missing_b08,Portugal,1,Arable land,1646,2354,0.5291704688194703,0.7320777642770352,True,-0.018102678454984034
week5-m4-f10-seed29,M4,29,missing_b08,Portugal,2,"Beaches, dunes, sands",46,3954,0.04104346364984331,0.0,False,0.005741604113705147
week5-m4-f10-seed29,M4,29,missing_b08,Portugal,3,Broad-leaved forest,1588,2412,0.5467865526588137,0.5976070528967254,True,-0.0340642879850771
week5-m4-f10-seed29,M4,29,missing_b08,Portugal,4,Coastal wetlands,45,3955,0.01509759644042313,0.0,False,0.0014145930686589314
week5-m4-f10-seed29,M4,29,missing_b08,Portugal,5,Complex cultivation patterns,816,3184,0.28877779321914626,0.2916666666666667,True,0.016470952858162524
week5-m4-f10-seed29,M4,29,missing_b08,Portugal,6,Coniferous forest,385,3615,0.16703660285284178,0.3142857142857143,True,-0.01064728809350235
week5-m4-f10-seed29,M4,29,missing_b08,Portugal,7,Industrial or commercial units,95,3905,0.0901543880973113,0.06315789473684211,True,-0.006900935462391247
week5-m4-f10-seed29,M4,29,missing_b08,Portugal,8,Inland waters,206,3794,0.12840197475877896,0.07766990291262135,True,-0.011739528480956357
week5-m4-f10-seed29,M4,29,missing_b08,Portugal,9,Inland wetlands,4,3996,0.01524076506624502,0.0,True,0.006173933860560088
week5-m4-f10-seed29,M4,29,missing_b08,Portugal,10,"Land principally occupied by agriculture, with significant areas of natural vegetation",763,3237,0.27985787824498415,0.3119266055045872,True,0.00902769449221491
week5-m4-f10-seed29,M4,29,missing_b08,Portugal,11,Marine waters,498,3502,0.9389227465574875,0.857429718875502,True,0.00974829626815743
week5-m4-f10-seed29,M4,29,missing_b08,Portugal,12,Mixed forest,587,3413,0.20448787290556222,0.20272572402044292,True,0.0016479910060990255
week5-m4-f10-seed29,M4,29,missing_b08,Portugal,13,"Moors, heathland and sclerophyllous vegetation",507,3493,0.17038453372066206,0.005917159763313609,True,0.004519061783376216
week5-m4-f10-seed29,M4,29,missing_b08,Portugal,14,Natural grassland and sparsely vegetated areas,50,3950,0.012785044222232294,0.18,True,-5.206292400180071e-05
week5-m4-f10-seed29,M4,29,missing_b08,Portugal,15,Pastures,579,3421,0.16707115766555047,0.11917098445595854,True,0.03234243146308663
week5-m4-f10-seed29,M4,29,missing_b08,Portugal,16,Permanent crops,963,3037,0.41156726980773967,0.0,True,-0.00561775611143428
week5-m4-f10-seed29,M4,29,missing_b08,Portugal,17,"Transitional woodland, shrub",1752,2248,0.5095601465208257,0.2471461187214612,True,-0.027510225967724844
week5-m4-f10-seed29,M4,29,missing_b08,Portugal,18,Urban fabric,325,3675,0.23515128405390937,0.23076923076923078,True,-0.046649194264227756
week5-m4-f10-seed29,M4,29,missing_red_edge,I,0,Agro-forestry areas,0,3000,,,False,
week5-m4-f10-seed29,M4,29,missing_red_edge,I,1,Arable land,1036,1964,0.8149624259671945,0.8687258687258688,True,0.012330246854192706
week5-m4-f10-seed29,M4,29,missing_red_edge,I,2,"Beaches, dunes, sands",24,2976,0.0473047761781179,0.0,False,-0.026569333077689685
week5-m4-f10-seed29,M4,29,missing_red_edge,I,3,Broad-leaved forest,718,2282,0.3060811435073476,0.7103064066852368,True,0.1964000881510084
week5-m4-f10-seed29,M4,29,missing_red_edge,I,4,Coastal wetlands,1,2999,0.0011806375442739079,0.0,False,0.00023378961272750663
week5-m4-f10-seed29,M4,29,missing_red_edge,I,5,Complex cultivation patterns,665,2335,0.43531955144962786,0.5894736842105263,True,0.03625472129213936
week5-m4-f10-seed29,M4,29,missing_red_edge,I,6,Coniferous forest,580,2420,0.6426311970022062,0.653448275862069,True,0.08586277101158712
week5-m4-f10-seed29,M4,29,missing_red_edge,I,7,Industrial or commercial units,87,2913,0.17559840747430738,0.22988505747126436,True,0.12002574715490172
week5-m4-f10-seed29,M4,29,missing_red_edge,I,8,Inland waters,208,2792,0.23187012826069234,0.13942307692307693,True,0.08606272078455593
week5-m4-f10-seed29,M4,29,missing_red_edge,I,9,Inland wetlands,273,2727,0.14241638960710437,0.0,True,-0.0026865677419626033
week5-m4-f10-seed29,M4,29,missing_red_edge,I,10,"Land principally occupied by agriculture, with significant areas of natural vegetation",694,2306,0.31535083232804495,0.484149855907781,True,0.022416140726269684
week5-m4-f10-seed29,M4,29,missing_red_edge,I,11,Marine waters,617,2383,0.9697342389485792,0.9124797406807131,True,-0.0032417360410215146
week5-m4-f10-seed29,M4,29,missing_red_edge,I,12,Mixed forest,812,2188,0.6266120884839014,0.5381773399014779,True,-0.007873418478682725
week5-m4-f10-seed29,M4,29,missing_red_edge,I,13,"Moors, heathland and sclerophyllous vegetation",107,2893,0.04584937713327301,0.0,True,0.010099222018002126
week5-m4-f10-seed29,M4,29,missing_red_edge,I,14,Natural grassland and sparsely vegetated areas,70,2930,0.06192178343403143,0.21428571428571427,True,0.012686674471610426
week5-m4-f10-seed29,M4,29,missing_red_edge,I,15,Pastures,1100,1900,0.4529277685772733,0.21272727272727274,True,0.32207632931090274
week5-m4-f10-seed29,M4,29,missing_red_edge,I,16,Permanent crops,151,2849,0.10780458451431488,0.0,True,-0.023957322415552915
week5-m4-f10-seed29,M4,29,missing_red_edge,I,17,"Transitional woodland, shrub",326,2674,0.11185340034257442,0.26993865030674846,True,0.05674548161290528
week5-m4-f10-seed29,M4,29,missing_red_edge,I,18,Urban fabric,613,2387,0.536336185602729,0.48450244698205547,True,0.029223091968933357
week5-m4-f10-seed29,M4,29,missing_red_edge,Finland,0,Agro-forestry areas,0,4000,,,False,
week5-m4-f10-seed29,M4,29,missing_red_edge,Finland,1,Arable land,457,3543,0.36358525964305544,0.4814004376367615,True,0.092953099536559
week5-m4-f10-seed29,M4,29,missing_red_edge,Finland,2,"Beaches, dunes, sands",1,3999,0.00196078431372549,0.0,False,0.0006433823529411764
week5-m4-f10-seed29,M4,29,missing_red_edge,Finland,3,Broad-leaved forest,229,3771,0.08002026054773917,0.6200873362445415,True,0.00019953559687975464
week5-m4-f10-seed29,M4,29,missing_red_edge,Finland,4,Coastal wetlands,10,3990,0.030358867533665533,0.0,False,-0.02003407006084897
week5-m4-f10-seed29,M4,29,missing_red_edge,Finland,5,Complex cultivation patterns,21,3979,0.005480478364987015,0.0,True,-0.0005129972447940785
week5-m4-f10-seed29,M4,29,missing_red_edge,Finland,6,Coniferous forest,2776,1224,0.8881772887171255,0.4942363112391931,True,-0.012803811825553901
week5-m4-f10-seed29,M4,29,missing_red_edge,Finland,7,Industrial or commercial units,32,3968,0.10784498429400621,0.15625,True,-0.0308319508401467
week5-m4-f10-seed29,M4,29,missing_red_edge,Finland,8,Inland waters,985,3015,0.4155093580260874,0.048730964467005075,True,0.11463605850111852
week5-m4-f10-seed29,M4,29,missing_red_edge,Finland,9,Inland wetlands,530,3470,0.21008727203445607,0.0,True,-0.06608286378533781
week5-m4-f10-seed29,M4,29,missing_red_edge,Finland,10,"Land principally occupied by agriculture, with significant areas of natural vegetation",588,3412,0.25730149199580776,0.3333333333333333,True,-0.012298361057034607
week5-m4-f10-seed29,M4,29,missing_red_edge,Finland,11,Marine waters,892,3108,0.8125232431884765,0.6423766816143498,True,0.07482947763031556
week5-m4-f10-seed29,M4,29,missing_red_edge,Finland,12,Mixed forest,2082,1918,0.6615637899587007,0.5369836695485111,True,-0.006259358837290119
week5-m4-f10-seed29,M4,29,missing_red_edge,Finland,13,"Moors, heathland and sclerophyllous vegetation",26,3974,0.005718082291286243,0.0,True,-0.001573210440496949
week5-m4-f10-seed29,M4,29,missing_red_edge,Finland,14,Natural grassland and sparsely vegetated areas,2,3998,0.000842979405445315,0.0,True,0.00014759404963897904
week5-m4-f10-seed29,M4,29,missing_red_edge,Finland,15,Pastures,3,3997,0.001356125700081718,0.0,True,0.0007217101192847071
week5-m4-f10-seed29,M4,29,missing_red_edge,Finland,16,Permanent crops,1,3999,0.003236245954692557,0.0,True,0.0030137540453074436
week5-m4-f10-seed29,M4,29,missing_red_edge,Finland,17,"Transitional woodland, shrub",1574,2426,0.42218163784289475,0.06670902160101652,True,0.09579086005852411
week5-m4-f10-seed29,M4,29,missing_red_edge,Finland,18,Urban fabric,116,3884,0.14705553485224196,0.27586206896551724,True,-0.003441182089698902
week5-m4-f10-seed29,M4,29,missing_red_edge,Portugal,0,Agro-forestry areas,1408,2592,0.33207519498179916,0.0,False,0.008692295053869536
week5-m4-f10-seed29,M4,29,missing_red_edge,Portugal,1,Arable land,1646,2354,0.504845071429665,0.712636695018226,True,0.006222718934821292
week5-m4-f10-seed29,M4,29,missing_red_edge,Portugal,2,"Beaches, dunes, sands",46,3954,0.0514248512581791,0.0,False,-0.0046397834946306366
week5-m4-f10-seed29,M4,29,missing_red_edge,Portugal,3,Broad-leaved forest,1588,2412,0.481499505219729,0.5768261964735516,True,0.031222759454007598
week5-m4-f10-seed29,M4,29,missing_red_edge,Portugal,4,Coastal wetlands,45,3955,0.016313590523008892,0.0,False,0.00019859898607316878
week5-m4-f10-seed29,M4,29,missing_red_edge,Portugal,5,Complex cultivation patterns,816,3184,0.2481913085929696,0.2512254901960784,True,0.057057437484339196
week5-m4-f10-seed29,M4,29,missing_red_edge,Portugal,6,Coniferous forest,385,3615,0.14374583444150832,0.3090909090909091,True,0.012643480317831107
week5-m4-f10-seed29,M4,29,missing_red_edge,Portugal,7,Industrial or commercial units,95,3905,0.031123201392247862,0.0,True,0.05213025124267219
week5-m4-f10-seed29,M4,29,missing_red_edge,Portugal,8,Inland waters,206,3794,0.11372908614201642,0.04854368932038835,True,0.0029333601358061817
week5-m4-f10-seed29,M4,29,missing_red_edge,Portugal,9,Inland wetlands,4,3996,0.004161886426979708,0.0,True,0.0172528124998254
week5-m4-f10-seed29,M4,29,missing_red_edge,Portugal,10,"Land principally occupied by agriculture, with significant areas of natural vegetation",763,3237,0.24499523655829697,0.2686762778505898,True,0.04389033617890209
week5-m4-f10-seed29,M4,29,missing_red_edge,Portugal,11,Marine waters,498,3502,0.9546831371057297,0.8734939759036144,True,-0.0060120942800847565
week5-m4-f10-seed29,M4,29,missing_red_edge,Portugal,12,Mixed forest,587,3413,0.21093119998635612,0.23850085178875638,True,-0.0047953360746948726
week5-m4-f10-seed29,M4,29,missing_red_edge,Portugal,13,"Moors, heathland and sclerophyllous vegetation",507,3493,0.17839610232458322,0.03747534516765286,True,-0.003492506820544944
week5-m4-f10-seed29,M4,29,missing_red_edge,Portugal,14,Natural grassland and sparsely vegetated areas,50,3950,0.014189256448160808,0.18,True,-0.0014562751499303146
week5-m4-f10-seed29,M4,29,missing_red_edge,Portugal,15,Pastures,579,3421,0.18579029608487074,0.13989637305699482,True,0.01362329304376636
week5-m4-f10-seed29,M4,29,missing_red_edge,Portugal,16,Permanent crops,963,3037,0.33028289523614,0.0,True,0.07566661846016537
week5-m4-f10-seed29,M4,29,missing_red_edge,Portugal,17,"Transitional woodland, shrub",1752,2248,0.47178912311137583,0.1695205479452055,True,0.010260797441725034
week5-m4-f10-seed29,M4,29,missing_red_edge,Portugal,18,Urban fabric,325,3675,0.11298366759131938,0.14153846153846153,True,0.07551842219836223
week5-m4-f10-seed29,M4,29,missing_swir,I,0,Agro-forestry areas,0,3000,,,False,
week5-m4-f10-seed29,M4,29,missing_swir,I,1,Arable land,1036,1964,0.7683619587157196,0.9527027027027027,True,0.058930714105667636
week5-m4-f10-seed29,M4,29,missing_swir,I,2,"Beaches, dunes, sands",24,2976,0.01617567138026593,0.0,False,0.004559771720162288
week5-m4-f10-seed29,M4,29,missing_swir,I,3,Broad-leaved forest,718,2282,0.540144449146469,0.841225626740947,True,-0.037663217488112966
week5-m4-f10-seed29,M4,29,missing_swir,I,4,Coastal wetlands,1,2999,0.013333333333333334,0.0,False,-0.01191890617633192
week5-m4-f10-seed29,M4,29,missing_swir,I,5,Complex cultivation patterns,665,2335,0.46435275805964055,0.6345864661654136,True,0.007221514682126673
week5-m4-f10-seed29,M4,29,missing_swir,I,6,Coniferous forest,580,2420,0.5038700030629214,0.2672413793103448,True,0.2246239649508719
week5-m4-f10-seed29,M4,29,missing_swir,I,7,Industrial or commercial units,87,2913,0.20143023390800185,0.1839080459770115,True,0.09419392072120725
week5-m4-f10-seed29,M4,29,missing_swir,I,8,Inland waters,208,2792,0.1694142976016428,0.30288461538461536,True,0.14851855144360546
week5-m4-f10-seed29,M4,29,missing_swir,I,9,Inland wetlands,273,2727,0.12068691023852965,0.01098901098901099,True,0.01904291162661212
week5-m4-f10-seed29,M4,29,missing_swir,I,10,"Land principally occupied by agriculture, with significant areas of natural vegetation",694,2306,0.3056110695939452,0.46253602305475505,True,0.03215590346036945
week5-m4-f10-seed29,M4,29,missing_swir,I,11,Marine waters,617,2383,0.8874854077291819,0.2106969205834684,True,0.07900709517837579
week5-m4-f10-seed29,M4,29,missing_swir,I,12,Mixed forest,812,2188,0.423879993484834,0.3017241379310345,True,0.19485867652038463
week5-m4-f10-seed29,M4,29,missing_swir,I,13,"Moors, heathland and sclerophyllous vegetation",107,2893,0.05352047487618619,0.0,True,0.0024281242750889415
week5-m4-f10-seed29,M4,29,missing_swir,I,14,Natural grassland and sparsely vegetated areas,70,2930,0.07016971718266124,0.02857142857142857,True,0.004438740722980616
week5-m4-f10-seed29,M4,29,missing_swir,I,15,Pastures,1100,1900,0.8197047197234874,0.7181818181818181,True,-0.044700621835311316
week5-m4-f10-seed29,M4,29,missing_swir,I,16,Permanent crops,151,2849,0.10027902667082661,0.0,True,-0.016431764572064647
week5-m4-f10-seed29,M4,29,missing_swir,I,17,"Transitional woodland, shrub",326,2674,0.1808427777340199,0.3374233128834356,True,-0.01224389577854021
week5-m4-f10-seed29,M4,29,missing_swir,I,18,Urban fabric,613,2387,0.4135418379445713,0.5448613376835236,True,0.15201743962709108
week5-m4-f10-seed29,M4,29,missing_swir,Finland,0,Agro-forestry areas,0,4000,,,False,
week5-m4-f10-seed29,M4,29,missing_swir,Finland,1,Arable land,457,3543,0.4542689168864079,0.7089715536105032,True,0.002269442293206525
week5-m4-f10-seed29,M4,29,missing_swir,Finland,2,"Beaches, dunes, sands",1,3999,0.001088139281828074,0.0,False,0.0015160273848385925
week5-m4-f10-seed29,M4,29,missing_swir,Finland,3,Broad-leaved forest,229,3771,0.07665811133353273,0.8253275109170306,True,0.0035616848110861937
week5-m4-f10-seed29,M4,29,missing_swir,Finland,4,Coastal wetlands,10,3990,0.010654467933914634,0.0,False,-0.0003296704610980701
week5-m4-f10-seed29,M4,29,missing_swir,Finland,5,Complex cultivation patterns,21,3979,0.004612539080754714,0.0,True,0.00035494203943822224
week5-m4-f10-seed29,M4,29,missing_swir,Finland,6,Coniferous forest,2776,1224,0.7860401545098561,0.10230547550432277,True,0.08933332238171554
week5-m4-f10-seed29,M4,29,missing_swir,Finland,7,Industrial or commercial units,32,3968,0.10587694415667323,0.4375,True,-0.028863910702813717
week5-m4-f10-seed29,M4,29,missing_swir,Finland,8,Inland waters,985,3015,0.47915454172308247,0.27614213197969545,True,0.050990874804123454
week5-m4-f10-seed29,M4,29,missing_swir,Finland,9,Inland wetlands,530,3470,0.13245121681877828,0.0,True,0.011553191430339976
week5-m4-f10-seed29,M4,29,missing_swir,Finland,10,"Land principally occupied by agriculture, with significant areas of natural vegetation",588,3412,0.21340094775574542,0.5476190476190477,True,0.03160218318302774
week5-m4-f10-seed29,M4,29,missing_swir,Finland,11,Marine waters,892,3108,0.8379700517884472,0.7365470852017937,True,0.04938266903034483
week5-m4-f10-seed29,M4,29,missing_swir,Finland,12,Mixed forest,2082,1918,0.5450961536716702,0.15609990393852066,True,0.11020827744974038
week5-m4-f10-seed29,M4,29,missing_swir,Finland,13,"Moors, heathland and sclerophyllous vegetation",26,3974,0.00489069984771564,0.0,True,-0.0007458279969263463
week5-m4-f10-seed29,M4,29,missing_swir,Finland,14,Natural grassland and sparsely vegetated areas,2,3998,0.0009240513718871059,0.0,True,6.652208319718814e-05
week5-m4-f10-seed29,M4,29,missing_swir,Finland,15,Pastures,3,3997,0.001220967487718657,0.0,True,0.0008568683316477681
week5-m4-f10-seed29,M4,29,missing_swir,Finland,16,Permanent crops,1,3999,0.047619047619047616,0.0,True,-0.04136904761904762
week5-m4-f10-seed29,M4,29,missing_swir,Finland,17,"Transitional woodland, shrub",1574,2426,0.5576898200995715,0.4834815756035578,True,-0.039717322198152605
week5-m4-f10-seed29,M4,29,missing_swir,Finland,18,Urban fabric,116,3884,0.155698393429347,0.5775862068965517,True,-0.012084040666803936
week5-m4-f10-seed29,M4,29,missing_swir,Portugal,0,Agro-forestry areas,1408,2592,0.31680922392382616,0.0,False,0.02395826611184254
week5-m4-f10-seed29,M4,29,missing_swir,Portugal,1,Arable land,1646,2354,0.4877553808213294,0.9374240583232077,True,0.02331240954315683
week5-m4-f10-seed29,M4,29,missing_swir,Portugal,2,"Beaches, dunes, sands",46,3954,0.03530544517902789,0.0,False,0.011479622584520573
week5-m4-f10-seed29,M4,29,missing_swir,Portugal,3,Broad-leaved forest,1588,2412,0.49654251022192897,0.6152392947103275,True,0.016179754451807637
week5-m4-f10-seed29,M4,29,missing_swir,Portugal,4,Coastal wetlands,45,3955,0.010848859352438574,0.0,False,0.0056633301566434875
week5-m4-f10-seed29,M4,29,missing_swir,Portugal,5,Complex cultivation patterns,816,3184,0.2774542172916152,0.6703431372549019,True,0.027794528785693606
week5-m4-f10-seed29,M4,29,missing_swir,Portugal,6,Coniferous forest,385,3615,0.1756241531020504,0.14025974025974025,True,-0.019234838342710975
week5-m4-f10-seed29,M4,29,missing_swir,Portugal,7,Industrial or commercial units,95,3905,0.1059283560944072,0.09473684210526316,True,-0.022674903459487153
week5-m4-f10-seed29,M4,29,missing_swir,Portugal,8,Inland waters,206,3794,0.09100966842123816,0.08737864077669903,True,0.025652777856584444
week5-m4-f10-seed29,M4,29,missing_swir,Portugal,9,Inland wetlands,4,3996,0.007050250037493575,0.0,True,0.014364448889311533
week5-m4-f10-seed29,M4,29,missing_swir,Portugal,10,"Land principally occupied by agriculture, with significant areas of natural vegetation",763,3237,0.2483530248545043,0.5766710353866317,True,0.04053254788269475
week5-m4-f10-seed29,M4,29,missing_swir,Portugal,11,Marine waters,498,3502,0.9218578688147551,0.46586345381526106,True,0.026813174010889895
week5-m4-f10-seed29,M4,29,missing_swir,Portugal,12,Mixed forest,587,3413,0.16719368353378036,0.10732538330494037,True,0.038942180377880886
week5-m4-f10-seed29,M4,29,missing_swir,Portugal,13,"Moors, heathland and sclerophyllous vegetation",507,3493,0.13715063190566232,0.0,True,0.03775296359837596
week5-m4-f10-seed29,M4,29,missing_swir,Portugal,14,Natural grassland and sparsely vegetated areas,50,3950,0.012162646963206321,0.0,True,0.0005703343350241721
week5-m4-f10-seed29,M4,29,missing_swir,Portugal,15,Pastures,579,3421,0.2239656046870012,0.39378238341968913,True,-0.024552015558364088
week5-m4-f10-seed29,M4,29,missing_swir,Portugal,16,Permanent crops,963,3037,0.35724129584657954,0.0,True,0.04870821784972584
week5-m4-f10-seed29,M4,29,missing_swir,Portugal,17,"Transitional woodland, shrub",1752,2248,0.5682116911450356,0.01997716894977169,True,-0.0861617705919347
week5-m4-f10-seed29,M4,29,missing_swir,Portugal,18,Urban fabric,325,3675,0.12728038390479707,0.5230769230769231,True,0.06122170588488454
week5-m4-f10-seed29,M4,29,gain_0p9,I,0,Agro-forestry areas,0,3000,,,False,
week5-m4-f10-seed29,M4,29,gain_0p9,I,1,Arable land,1036,1964,0.819456536278634,0.9102316602316602,True,0.00783613654275317
week5-m4-f10-seed29,M4,29,gain_0p9,I,2,"Beaches, dunes, sands",24,2976,0.03506269352862448,0.0,False,-0.014327250428196266
week5-m4-f10-seed29,M4,29,gain_0p9,I,3,Broad-leaved forest,718,2282,0.3634683322557789,0.7256267409470752,True,0.1390128994025771
week5-m4-f10-seed29,M4,29,gain_0p9,I,4,Coastal wetlands,1,2999,0.0017667844522968198,0.0,False,-0.0003523572952954053
week5-m4-f10-seed29,M4,29,gain_0p9,I,5,Complex cultivation patterns,665,2335,0.4409105333397077,0.5669172932330827,True,0.03066373940205952
week5-m4-f10-seed29,M4,29,gain_0p9,I,6,Coniferous forest,580,2420,0.681121813516128,0.7517241379310344,True,0.0473721544976653
week5-m4-f10-seed29,M4,29,gain_0p9,I,7,Industrial or commercial units,87,2913,0.27873580582554025,0.25287356321839083,True,0.01688834880366885
week5-m4-f10-seed29,M4,29,gain_0p9,I,8,Inland waters,208,2792,0.32853178688171386,0.2692307692307692,True,-0.010598937836465594
week5-m4-f10-seed29,M4,29,gain_0p9,I,9,Inland wetlands,273,2727,0.14685182943884126,0.007326007326007326,True,-0.00712200757369949
week5-m4-f10-seed29,M4,29,gain_0p9,I,10,"Land principally occupied by agriculture, with significant areas of natural vegetation",694,2306,0.33697480839013505,0.3804034582132565,True,0.0007921646641795843
week5-m4-f10-seed29,M4,29,gain_0p9,I,11,Marine waters,617,2383,0.9696384288309353,0.899513776337115,True,-0.0031459259233775905
week5-m4-f10-seed29,M4,29,gain_0p9,I,12,Mixed forest,812,2188,0.5912408465584248,0.7056650246305419,True,0.027497823446793856
week5-m4-f10-seed29,M4,29,gain_0p9,I,13,"Moors, heathland and sclerophyllous vegetation",107,2893,0.04897255760602568,0.0,True,0.006976041545249452
week5-m4-f10-seed29,M4,29,gain_0p9,I,14,Natural grassland and sparsely vegetated areas,70,2930,0.05663458033133155,0.12857142857142856,True,0.017973877574310307
week5-m4-f10-seed29,M4,29,gain_0p9,I,15,Pastures,1100,1900,0.6879596992734607,0.6227272727272727,True,0.08704439861471536
week5-m4-f10-seed29,M4,29,gain_0p9,I,16,Permanent crops,151,2849,0.07882223240066162,0.0,True,0.005025029698100342
week5-m4-f10-seed29,M4,29,gain_0p9,I,17,"Transitional woodland, shrub",326,2674,0.15586299642873738,0.24539877300613497,True,0.012735885526742319
week5-m4-f10-seed29,M4,29,gain_0p9,I,18,Urban fabric,613,2387,0.5748355222997392,0.5693311582381729,True,-0.009276244728076866
week5-m4-f10-seed29,M4,29,gain_0p9,Finland,0,Agro-forestry areas,0,4000,,,False,
week5-m4-f10-seed29,M4,29,gain_0p9,Finland,1,Arable land,457,3543,0.42617098295093364,0.6323851203501094,True,0.030367376228680798
week5-m4-f10-seed29,M4,29,gain_0p9,Finland,2,"Beaches, dunes, sands",1,3999,0.003125,0.0,False,-0.0005208333333333337
week5-m4-f10-seed29,M4,29,gain_0p9,Finland,3,Broad-leaved forest,229,3771,0.08797251696554313,0.7205240174672489,True,-0.007752720820924208
week5-m4-f10-seed29,M4,29,gain_0p9,Finland,4,Coastal wetlands,10,3990,0.008819059814800082,0.0,False,0.0015057376580164816
week5-m4-f10-seed29,M4,29,gain_0p9,Finland,5,Complex cultivation patterns,21,3979,0.005011392247291897,0.0,True,-4.391112709896047e-05
week5-m4-f10-seed29,M4,29,gain_0p9,Finland,6,Coniferous forest,2776,1224,0.8920488432975765,0.5860951008645533,True,-0.016675366406004866
week5-m4-f10-seed29,M4,29,gain_0p9,Finland,7,Industrial or commercial units,32,3968,0.09053786101545282,0.28125,True,-0.013524827561593303
week5-m4-f10-seed29,M4,29,gain_0p9,Finland,8,Inland waters,985,3015,0.528502358835249,0.12791878172588833,True,0.0016430576919569395
week5-m4-f10-seed29,M4,29,gain_0p9,Finland,9,Inland wetlands,530,3470,0.14824324491647375,0.0,True,-0.0042388366673555
week5-m4-f10-seed29,M4,29,gain_0p9,Finland,10,"Land principally occupied by agriculture, with significant areas of natural vegetation",588,3412,0.26022949130603384,0.304421768707483,True,-0.015226360367260688
week5-m4-f10-seed29,M4,29,gain_0p9,Finland,11,Marine waters,892,3108,0.8848047621809744,0.6659192825112108,True,0.002547958637817649
week5-m4-f10-seed29,M4,29,gain_0p9,Finland,12,Mixed forest,2082,1918,0.6674876822175946,0.6023054755043228,True,-0.012183251096184011
week5-m4-f10-seed29,M4,29,gain_0p9,Finland,13,"Moors, heathland and sclerophyllous vegetation",26,3974,0.0038954380194039092,0.0,True,0.00024943383138538444
week5-m4-f10-seed29,M4,29,gain_0p9,Finland,14,Natural grassland and sparsely vegetated areas,2,3998,0.001091600928942451,0.0,True,-0.00010102747385815698
week5-m4-f10-seed29,M4,29,gain_0p9,Finland,15,Pastures,3,3997,0.002128669601591516,0.6666666666666666,True,-5.083378222509082e-05
week5-m4-f10-seed29,M4,29,gain_0p9,Finland,16,Permanent crops,1,3999,0.00847457627118644,0.0,True,-0.0022245762711864403
week5-m4-f10-seed29,M4,29,gain_0p9,Finland,17,"Transitional woodland, shrub",1574,2426,0.5029316788356076,0.1473951715374841,True,0.015040819065811228
week5-m4-f10-seed29,M4,29,gain_0p9,Finland,18,Urban fabric,116,3884,0.1765229031787984,0.5517241379310345,True,-0.032908550416255344
week5-m4-f10-seed29,M4,29,gain_0p9,Portugal,0,Agro-forestry areas,1408,2592,0.3347162058064244,0.0,False,0.00605128422924428
week5-m4-f10-seed29,M4,29,gain_0p9,Portugal,1,Arable land,1646,2354,0.5286873194046098,0.7466585662211421,True,-0.01761952904012354
week5-m4-f10-seed29,M4,29,gain_0p9,Portugal,2,"Beaches, dunes, sands",46,3954,0.0509584141981475,0.0,False,-0.004173346434599039
week5-m4-f10-seed29,M4,29,gain_0p9,Portugal,3,Broad-leaved forest,1588,2412,0.49677463815036066,0.5415617128463476,True,0.015947626523375946
week5-m4-f10-seed29,M4,29,gain_0p9,Portugal,4,Coastal wetlands,45,3955,0.017188207180281415,0.0,False,-0.000676017671199354
week5-m4-f10-seed29,M4,29,gain_0p9,Portugal,5,Complex cultivation patterns,816,3184,0.2794429640223899,0.3713235294117647,True,0.025805782054918902
week5-m4-f10-seed29,M4,29,gain_0p9,Portugal,6,Coniferous forest,385,3615,0.15976286160228345,0.36623376623376624,True,-0.003373546842944025
week5-m4-f10-seed29,M4,29,gain_0p9,Portugal,7,Industrial or commercial units,95,3905,0.10077540311459832,0.06315789473684211,True,-0.017521950479678264
week5-m4-f10-seed29,M4,29,gain_0p9,Portugal,8,Inland waters,206,3794,0.1348020950135506,0.0825242718446602,True,-0.018139648735727987
week5-m4-f10-seed29,M4,29,gain_0p9,Portugal,9,Inland wetlands,4,3996,0.09567802797241025,0.0,True,-0.07426332904560515
week5-m4-f10-seed29,M4,29,gain_0p9,Portugal,10,"Land principally occupied by agriculture, with significant areas of natural vegetation",763,3237,0.26657400940090015,0.3617300131061599,True,0.022311563336298912
week5-m4-f10-seed29,M4,29,gain_0p9,Portugal,11,Marine waters,498,3502,0.9534387821278459,0.8654618473895582,True,-0.0047677393022009795
week5-m4-f10-seed29,M4,29,gain_0p9,Portugal,12,Mixed forest,587,3413,0.21434966464089492,0.26405451448040884,True,-0.008213800729233667
week5-m4-f10-seed29,M4,29,gain_0p9,Portugal,13,"Moors, heathland and sclerophyllous vegetation",507,3493,0.15944396431271798,0.0019723865877712033,True,0.015459631191320294
week5-m4-f10-seed29,M4,29,gain_0p9,Portugal,14,Natural grassland and sparsely vegetated areas,50,3950,0.012647037378661484,0.16,True,8.594391956900926e-05
week5-m4-f10-seed29,M4,29,gain_0p9,Portugal,15,Pastures,579,3421,0.21966942610714033,0.2970639032815199,True,-0.020255836978503222
week5-m4-f10-seed29,M4,29,gain_0p9,Portugal,16,Permanent crops,963,3037,0.3955042297925029,0.0,True,0.010445283903802505
week5-m4-f10-seed29,M4,29,gain_0p9,Portugal,17,"Transitional woodland, shrub",1752,2248,0.47766542967573866,0.1832191780821918,True,0.0043844908773622016
week5-m4-f10-seed29,M4,29,gain_0p9,Portugal,18,Urban fabric,325,3675,0.19342638216095132,0.29846153846153844,True,-0.004924292371269706
week5-m4-f10-seed29,M4,29,gain_1p1,I,0,Agro-forestry areas,0,3000,,,False,
week5-m4-f10-seed29,M4,29,gain_1p1,I,1,Arable land,1036,1964,0.8141684408451835,0.8745173745173745,True,0.013124231976203715
week5-m4-f10-seed29,M4,29,gain_1p1,I,2,"Beaches, dunes, sands",24,2976,0.01847421960577836,0.0,False,0.0022612234946498555
week5-m4-f10-seed29,M4,29,gain_1p1,I,3,Broad-leaved forest,718,2282,0.5493054040242206,0.7465181058495822,True,-0.04682417236586456
week5-m4-f10-seed29,M4,29,gain_1p1,I,4,Coastal wetlands,1,2999,0.0019801980198019802,0.0,False,-0.0005657708628005657
week5-m4-f10-seed29,M4,29,gain_1p1,I,5,Complex cultivation patterns,665,2335,0.4979021760520249,0.6090225563909775,True,-0.026327903310257694
week5-m4-f10-seed29,M4,29,gain_1p1,I,6,Coniferous forest,580,2420,0.7491865859263026,0.6741379310344827,True,-0.020692617912509315
week5-m4-f10-seed29,M4,29,gain_1p1,I,7,Industrial or commercial units,87,2913,0.26677427126976394,0.1839080459770115,True,0.02884988335944516
week5-m4-f10-seed29,M4,29,gain_1p1,I,8,Inland waters,208,2792,0.2702394535871402,0.22115384615384615,True,0.04769339545810808
week5-m4-f10-seed29,M4,29,gain_1p1,I,9,Inland wetlands,273,2727,0.14909987962135468,0.003663003663003663,True,-0.009370057756212913
week5-m4-f10-seed29,M4,29,gain_1p1,I,10,"Land principally occupied by agriculture, with significant areas of natural vegetation",694,2306,0.3336584301841209,0.3746397694524496,True,0.004108542870193743
week5-m4-f10-seed29,M4,29,gain_1p1,I,11,Marine waters,617,2383,0.9633117845752658,0.8622366288492707,True,0.003180718332291943
week5-m4-f10-seed29,M4,29,gain_1p1,I,12,Mixed forest,812,2188,0.6032810343422836,0.5948275862068966,True,0.01545763566293501
week5-m4-f10-seed29,M4,29,gain_1p1,I,13,"Moors, heathland and sclerophyllous vegetation",107,2893,0.06049099684256338,0.0,True,-0.0045423976912882455
week5-m4-f10-seed29,M4,29,gain_1p1,I,14,Natural grassland and sparsely vegetated areas,70,2930,0.08462548058272969,0.24285714285714285,True,-0.01001702267708783
week5-m4-f10-seed29,M4,29,gain_1p1,I,15,Pastures,1100,1900,0.8076250768184617,0.7772727272727272,True,-0.032620978930285705
week5-m4-f10-seed29,M4,29,gain_1p1,I,16,Permanent crops,151,2849,0.09207796868547526,0.0,True,-0.008230706586713293
week5-m4-f10-seed29,M4,29,gain_1p1,I,17,"Transitional woodland, shrub",326,2674,0.17498133633174043,0.2668711656441718,True,-0.006382454376260727
week5-m4-f10-seed29,M4,29,gain_1p1,I,18,Urban fabric,613,2387,0.4995134303670833,0.433931484502447,True,0.06604584720457907
week5-m4-f10-seed29,M4,29,gain_1p1,Finland,0,Agro-forestry areas,0,4000,,,False,
week5-m4-f10-seed29,M4,29,gain_1p1,Finland,1,Arable land,457,3543,0.4543122240647412,0.649890590809628,True,0.00222613511487324
week5-m4-f10-seed29,M4,29,gain_1p1,Finland,2,"Beaches, dunes, sands",1,3999,0.0022271714922048997,0.0,False,0.00037699517446176684
week5-m4-f10-seed29,M4,29,gain_1p1,Finland,3,Broad-leaved forest,229,3771,0.07072558841199096,0.74235807860262,True,0.009494207732627963
week5-m4-f10-seed29,M4,29,gain_1p1,Finland,4,Coastal wetlands,10,3990,0.015426425984978042,0.0,False,-0.005101628512161479
week5-m4-f10-seed29,M4,29,gain_1p1,Finland,5,Complex cultivation patterns,21,3979,0.004924154651180661,0.0,True,4.3326469012275846e-05
week5-m4-f10-seed29,M4,29,gain_1p1,Finland,6,Coniferous forest,2776,1224,0.85357598486422,0.36635446685878964,True,0.021797492027351595
week5-m4-f10-seed29,M4,29,gain_1p1,Finland,7,Industrial or commercial units,32,3968,0.0701838798534386,0.15625,True,0.006829153600420912
week5-m4-f10-seed29,M4,29,gain_1p1,Finland,8,Inland waters,985,3015,0.5295349308162249,0.15837563451776648,True,0.0006104857109809902
week5-m4-f10-seed29,M4,29,gain_1p1,Finland,9,Inland wetlands,530,3470,0.14941772332359468,0.0,True,-0.005413315074476427
week5-m4-f10-seed29,M4,29,gain_1p1,Finland,10,"Land principally occupied by agriculture, with significant areas of natural vegetation",588,3412,0.23616143713204465,0.3707482993197279,True,0.008841693806728501
week5-m4-f10-seed29,M4,29,gain_1p1,Finland,11,Marine waters,892,3108,0.884746766601896,0.6760089686098655,True,0.0026059542168960226
week5-m4-f10-seed29,M4,29,gain_1p1,Finland,12,Mixed forest,2082,1918,0.6447922850505897,0.41930835734870314,True,0.01051214607082085
week5-m4-f10-seed29,M4,29,gain_1p1,Finland,13,"Moors, heathland and sclerophyllous vegetation",26,3974,0.004763583917402966,0.0,True,-0.0006187120666136725
week5-m4-f10-seed29,M4,29,gain_1p1,Finland,14,Natural grassland and sparsely vegetated areas,2,3998,0.0010084005677332133,0.0,True,-1.7827112648919263e-05
week5-m4-f10-seed29,M4,29,gain_1p1,Finland,15,Pastures,3,3997,0.0018968041957969529,0.6666666666666666,True,0.00018103162356947222
week5-m4-f10-seed29,M4,29,gain_1p1,Finland,16,Permanent crops,1,3999,0.005208333333333333,0.0,True,0.0010416666666666673
week5-m4-f10-seed29,M4,29,gain_1p1,Finland,17,"Transitional woodland, shrub",1574,2426,0.522945647895067,0.2611181702668361,True,-0.004973149993648174
week5-m4-f10-seed29,M4,29,gain_1p1,Finland,18,Urban fabric,116,3884,0.11130638599333557,0.43103448275862066,True,0.03230796676920748
week5-m4-f10-seed29,M4,29,gain_1p1,Portugal,0,Agro-forestry areas,1408,2592,0.3451948143826791,0.0,False,-0.004427324347010431
week5-m4-f10-seed29,M4,29,gain_1p1,Portugal,1,Arable land,1646,2354,0.4992549312178385,0.6822600243013366,True,0.011812859146647758
week5-m4-f10-seed29,M4,29,gain_1p1,Portugal,2,"Beaches, dunes, sands",46,3954,0.039722045127876894,0.0,False,0.007063022635671566
week5-m4-f10-seed29,M4,29,gain_1p1,Portugal,3,Broad-leaved forest,1588,2412,0.5210925588360996,0.5251889168765743,True,-0.008370294162363012
week5-m4-f10-seed29,M4,29,gain_1p1,Portugal,4,Coastal wetlands,45,3955,0.0171973500871316,0.0,False,-0.0006851605780495394
week5-m4-f10-seed29,M4,29,gain_1p1,Portugal,5,Complex cultivation patterns,816,3184,0.3321735261731737,0.26838235294117646,True,-0.02692478009586491
week5-m4-f10-seed29,M4,29,gain_1p1,Portugal,6,Coniferous forest,385,3615,0.1597787658542303,0.2935064935064935,True,-0.0033894510948908607
week5-m4-f10-seed29,M4,29,gain_1p1,Portugal,7,Industrial or commercial units,95,3905,0.07042137450420091,0.010526315789473684,True,0.01283207813071914
week5-m4-f10-seed29,M4,29,gain_1p1,Portugal,8,Inland waters,206,3794,0.11281769486222169,0.07281553398058252,True,0.0038447514156009083
week5-m4-f10-seed29,M4,29,gain_1p1,Portugal,9,Inland wetlands,4,3996,0.009706759028704206,0.0,True,0.011707939898100901
week5-m4-f10-seed29,M4,29,gain_1p1,Portugal,10,"Land principally occupied by agriculture, with significant areas of natural vegetation",763,3237,0.29200583469711044,0.2621231979030144,True,-0.0031202619599113857
week5-m4-f10-seed29,M4,29,gain_1p1,Portugal,11,Marine waters,498,3502,0.9437482326791408,0.8534136546184738,True,0.004922810146504197
week5-m4-f10-seed29,M4,29,gain_1p1,Portugal,12,Mixed forest,587,3413,0.2122786052807043,0.16013628620102216,True,-0.006142741369043053
week5-m4-f10-seed29,M4,29,gain_1p1,Portugal,13,"Moors, heathland and sclerophyllous vegetation",507,3493,0.18475769973222883,0.04339250493096647,True,-0.009854104228190552
week5-m4-f10-seed29,M4,29,gain_1p1,Portugal,14,Natural grassland and sparsely vegetated areas,50,3950,0.012861434540903114,0.2,True,-0.00012845324267262044
week5-m4-f10-seed29,M4,29,gain_1p1,Portugal,15,Pastures,579,3421,0.18577520343157428,0.25215889464594127,True,0.013638385697062827
week5-m4-f10-seed29,M4,29,gain_1p1,Portugal,16,Permanent crops,963,3037,0.4025367202891201,0.0,True,0.0034127934071853105
week5-m4-f10-seed29,M4,29,gain_1p1,Portugal,17,"Transitional woodland, shrub",1752,2248,0.4836960183792669,0.18493150684931506,True,-0.0016460978261660375
week5-m4-f10-seed29,M4,29,gain_1p1,Portugal,18,Urban fabric,325,3675,0.1882337366243956,0.1723076923076923,True,0.00026835316528600606
week5-m3-f10-seed43,M3,43,clean,I,0,Agro-forestry areas,0,3000,,,False,
week5-m3-f10-seed43,M3,43,clean,I,1,Arable land,1036,1964,0.75619313775534,0.9411196911196911,True,0.0
week5-m3-f10-seed43,M3,43,clean,I,2,"Beaches, dunes, sands",24,2976,0.03858965906346983,0.0,False,0.0
week5-m3-f10-seed43,M3,43,clean,I,3,Broad-leaved forest,718,2282,0.5425544871011314,0.7061281337047354,True,0.0
week5-m3-f10-seed43,M3,43,clean,I,4,Coastal wetlands,1,2999,0.0007513148009015778,0.0,False,0.0
week5-m3-f10-seed43,M3,43,clean,I,5,Complex cultivation patterns,665,2335,0.28918146063868894,0.6270676691729323,True,0.0
week5-m3-f10-seed43,M3,43,clean,I,6,Coniferous forest,580,2420,0.7720893459291386,0.746551724137931,True,0.0
week5-m3-f10-seed43,M3,43,clean,I,7,Industrial or commercial units,87,2913,0.24568882237397346,0.22988505747126436,True,0.0
week5-m3-f10-seed43,M3,43,clean,I,8,Inland waters,208,2792,0.2565900332373688,0.2692307692307692,True,0.0
week5-m3-f10-seed43,M3,43,clean,I,9,Inland wetlands,273,2727,0.12021779861664049,0.003663003663003663,True,0.0
week5-m3-f10-seed43,M3,43,clean,I,10,"Land principally occupied by agriculture, with significant areas of natural vegetation",694,2306,0.36731886219870497,0.49279538904899134,True,0.0
week5-m3-f10-seed43,M3,43,clean,I,11,Marine waters,617,2383,0.9763785565238329,0.8606158833063209,True,0.0
week5-m3-f10-seed43,M3,43,clean,I,12,Mixed forest,812,2188,0.6130647696931711,0.6354679802955665,True,0.0
week5-m3-f10-seed43,M3,43,clean,I,13,"Moors, heathland and sclerophyllous vegetation",107,2893,0.04737482822180827,0.0,True,0.0
week5-m3-f10-seed43,M3,43,clean,I,14,Natural grassland and sparsely vegetated areas,70,2930,0.06154222519459815,0.14285714285714285,True,0.0
week5-m3-f10-seed43,M3,43,clean,I,15,Pastures,1100,1900,0.7670888138563332,0.81,True,0.0
week5-m3-f10-seed43,M3,43,clean,I,16,Permanent crops,151,2849,0.10073037336831148,0.0,True,0.0
week5-m3-f10-seed43,M3,43,clean,I,17,"Transitional woodland, shrub",326,2674,0.1746420917690961,0.3895705521472393,True,0.0
week5-m3-f10-seed43,M3,43,clean,I,18,Urban fabric,613,2387,0.623050656897736,0.5889070146818923,True,0.0
week5-m3-f10-seed43,M3,43,clean,Finland,0,Agro-forestry areas,0,4000,,,False,
week5-m3-f10-seed43,M3,43,clean,Finland,1,Arable land,457,3543,0.3709106142114124,0.6389496717724289,True,0.0
week5-m3-f10-seed43,M3,43,clean,Finland,2,"Beaches, dunes, sands",1,3999,0.0033222591362126247,0.0,False,0.0
week5-m3-f10-seed43,M3,43,clean,Finland,3,Broad-leaved forest,229,3771,0.0772707215419371,0.7205240174672489,True,0.0
week5-m3-f10-seed43,M3,43,clean,Finland,4,Coastal wetlands,10,3990,0.005942035265055024,0.0,False,0.0
week5-m3-f10-seed43,M3,43,clean,Finland,5,Complex cultivation patterns,21,3979,0.008149123589473709,0.0,True,0.0
week5-m3-f10-seed43,M3,43,clean,Finland,6,Coniferous forest,2776,1224,0.9261999555222237,0.7424351585014409,True,0.0
week5-m3-f10-seed43,M3,43,clean,Finland,7,Industrial or commercial units,32,3968,0.13019277297672519,0.15625,True,0.0
week5-m3-f10-seed43,M3,43,clean,Finland,8,Inland waters,985,3015,0.5224571857774318,0.14619289340101524,True,0.0
week5-m3-f10-seed43,M3,43,clean,Finland,9,Inland wetlands,530,3470,0.13147115345930238,0.0,True,0.0
week5-m3-f10-seed43,M3,43,clean,Finland,10,"Land principally occupied by agriculture, with significant areas of natural vegetation",588,3412,0.26643967741736074,0.33843537414965985,True,0.0
week5-m3-f10-seed43,M3,43,clean,Finland,11,Marine waters,892,3108,0.8314117432408583,0.5605381165919282,True,0.0
week5-m3-f10-seed43,M3,43,clean,Finland,12,Mixed forest,2082,1918,0.679332589136289,0.5177713736791547,True,0.0
week5-m3-f10-seed43,M3,43,clean,Finland,13,"Moors, heathland and sclerophyllous vegetation",26,3974,0.003911228020242231,0.0,True,0.0
week5-m3-f10-seed43,M3,43,clean,Finland,14,Natural grassland and sparsely vegetated areas,2,3998,0.0005884466151470883,0.0,True,0.0
week5-m3-f10-seed43,M3,43,clean,Finland,15,Pastures,3,3997,0.0019393741565456844,0.3333333333333333,True,0.0
week5-m3-f10-seed43,M3,43,clean,Finland,16,Permanent crops,1,3999,0.06666666666666667,0.0,True,0.0
week5-m3-f10-seed43,M3,43,clean,Finland,17,"Transitional woodland, shrub",1574,2426,0.48886601123580187,0.2878017789072427,True,0.0
week5-m3-f10-seed43,M3,43,clean,Finland,18,Urban fabric,116,3884,0.15331374371936868,0.25862068965517243,True,0.0
week5-m3-f10-seed43,M3,43,clean,Portugal,0,Agro-forestry areas,1408,2592,0.37664419850091435,0.0,False,0.0
week5-m3-f10-seed43,M3,43,clean,Portugal,1,Arable land,1646,2354,0.6146051582634876,0.913730255164034,True,0.0
week5-m3-f10-seed43,M3,43,clean,Portugal,2,"Beaches, dunes, sands",46,3954,0.05414835262007145,0.0,False,0.0
week5-m3-f10-seed43,M3,43,clean,Portugal,3,Broad-leaved forest,1588,2412,0.3901291989456216,0.5472292191435768,True,0.0
week5-m3-f10-seed43,M3,43,clean,Portugal,4,Coastal wetlands,45,3955,0.015213423276749169,0.0,False,0.0
week5-m3-f10-seed43,M3,43,clean,Portugal,5,Complex cultivation patterns,816,3184,0.23321774668423256,0.48161764705882354,True,0.0
week5-m3-f10-seed43,M3,43,clean,Portugal,6,Coniferous forest,385,3615,0.12695933269329027,0.32727272727272727,True,0.0
week5-m3-f10-seed43,M3,43,clean,Portugal,7,Industrial or commercial units,95,3905,0.09359045683095832,0.021052631578947368,True,0.0
week5-m3-f10-seed43,M3,43,clean,Portugal,8,Inland waters,206,3794,0.19638026580226137,0.14563106796116504,True,0.0
week5-m3-f10-seed43,M3,43,clean,Portugal,9,Inland wetlands,4,3996,0.0061156970153375696,0.0,True,0.0
week5-m3-f10-seed43,M3,43,clean,Portugal,10,"Land principally occupied by agriculture, with significant areas of natural vegetation",763,3237,0.19527094674611523,0.5399737876802096,True,0.0
week5-m3-f10-seed43,M3,43,clean,Portugal,11,Marine waters,498,3502,0.9465960331915242,0.8755020080321285,True,0.0
week5-m3-f10-seed43,M3,43,clean,Portugal,12,Mixed forest,587,3413,0.21939793793275778,0.36626916524701875,True,0.0
week5-m3-f10-seed43,M3,43,clean,Portugal,13,"Moors, heathland and sclerophyllous vegetation",507,3493,0.18355166057224145,0.03944773175542406,True,0.0
week5-m3-f10-seed43,M3,43,clean,Portugal,14,Natural grassland and sparsely vegetated areas,50,3950,0.01254776581074658,0.16,True,0.0
week5-m3-f10-seed43,M3,43,clean,Portugal,15,Pastures,579,3421,0.24417166915631597,0.41796200345423146,True,0.0
week5-m3-f10-seed43,M3,43,clean,Portugal,16,Permanent crops,963,3037,0.41743125583098556,0.0,True,0.0
week5-m3-f10-seed43,M3,43,clean,Portugal,17,"Transitional woodland, shrub",1752,2248,0.47853679585298,0.3270547945205479,True,0.0
week5-m3-f10-seed43,M3,43,clean,Portugal,18,Urban fabric,325,3675,0.17936074503049587,0.2276923076923077,True,0.0
week5-m3-f10-seed43,M3,43,missing_b08,I,0,Agro-forestry areas,0,3000,,,False,
week5-m3-f10-seed43,M3,43,missing_b08,I,1,Arable land,1036,1964,0.6701395467655997,0.8996138996138996,True,0.0860535909897403
week5-m3-f10-seed43,M3,43,missing_b08,I,2,"Beaches, dunes, sands",24,2976,0.025824860373662478,0.0,False,0.012764798689807354
week5-m3-f10-seed43,M3,43,missing_b08,I,3,Broad-leaved forest,718,2282,0.5010422885495139,0.7033426183844012,True,0.041512198551617474
week5-m3-f10-seed43,M3,43,missing_b08,I,4,Coastal wetlands,1,2999,0.00047281323877068556,0.0,False,0.00027850156213089224
week5-m3-f10-seed43,M3,43,missing_b08,I,5,Complex cultivation patterns,665,2335,0.33616926760635224,0.5789473684210527,True,-0.046987806967663304
week5-m3-f10-seed43,M3,43,missing_b08,I,6,Coniferous forest,580,2420,0.7554036567358945,0.7741379310344828,True,0.01668568919324409
week5-m3-f10-seed43,M3,43,missing_b08,I,7,Industrial or commercial units,87,2913,0.21455667858449562,0.11494252873563218,True,0.031132143789477845
week5-m3-f10-seed43,M3,43,missing_b08,I,8,Inland waters,208,2792,0.16491162512419805,0.125,True,0.09167840811317074
week5-m3-f10-seed43,M3,43,missing_b08,I,9,Inland wetlands,273,2727,0.13536209291287912,0.007326007326007326,True,-0.015144294296238633
week5-m3-f10-seed43,M3,43,missing_b08,I,10,"Land principally occupied by agriculture, with significant areas of natural vegetation",694,2306,0.3091142406023754,0.3126801152737752,True,0.05820462159632955
week5-m3-f10-seed43,M3,43,missing_b08,I,11,Marine waters,617,2383,0.8986955331846349,0.44084278768233387,True,0.07768302333919797
week5-m3-f10-seed43,M3,43,missing_b08,I,12,Mixed forest,812,2188,0.5876873896297988,0.5985221674876847,True,0.025377380063372312
week5-m3-f10-seed43,M3,43,missing_b08,I,13,"Moors, heathland and sclerophyllous vegetation",107,2893,0.04779910231742676,0.0,True,-0.00042427409561849455
week5-m3-f10-seed43,M3,43,missing_b08,I,14,Natural grassland and sparsely vegetated areas,70,2930,0.03928160304194217,0.14285714285714285,True,0.02226062215265598
week5-m3-f10-seed43,M3,43,missing_b08,I,15,Pastures,1100,1900,0.6814111345125579,0.6481818181818182,True,0.08567767934377535
week5-m3-f10-seed43,M3,43,missing_b08,I,16,Permanent crops,151,2849,0.09460122054043292,0.0,True,0.006129152827878556
week5-m3-f10-seed43,M3,43,missing_b08,I,17,"Transitional woodland, shrub",326,2674,0.18571824787886476,0.36809815950920244,True,-0.01107615610976867
week5-m3-f10-seed43,M3,43,missing_b08,I,18,Urban fabric,613,2387,0.5585875567111163,0.4698205546492659,True,0.06446310018661972
week5-m3-f10-seed43,M3,43,missing_b08,Finland,0,Agro-forestry areas,0,4000,,,False,
week5-m3-f10-seed43,M3,43,missing_b08,Finland,1,Arable land,457,3543,0.42675774446713594,0.6017505470459519,True,-0.05584713025572352
week5-m3-f10-seed43,M3,43,missing_b08,Finland,2,"Beaches, dunes, sands",1,3999,0.001736111111111111,0.0,False,0.0015861480251015136
week5-m3-f10-seed43,M3,43,missing_b08,Finland,3,Broad-leaved forest,229,3771,0.07979516680327274,0.6724890829694323,True,-0.002524445261335634
week5-m3-f10-seed43,M3,43,missing_b08,Finland,4,Coastal wetlands,10,3990,0.0061265411639510655,0.0,False,-0.00018450589889604154
week5-m3-f10-seed43,M3,43,missing_b08,Finland,5,Complex cultivation patterns,21,3979,0.009730260540366038,0.0,True,-0.0015811369508923288
week5-m3-f10-seed43,M3,43,missing_b08,Finland,6,Coniferous forest,2776,1224,0.8444272279243666,0.8404178674351584,True,0.08177272759785703
week5-m3-f10-seed43,M3,43,missing_b08,Finland,7,Industrial or commercial units,32,3968,0.08211901159624246,0.0625,True,0.04807376138048272
week5-m3-f10-seed43,M3,43,missing_b08,Finland,8,Inland waters,985,3015,0.4337473155730127,0.05279187817258883,True,0.08870987020441912
week5-m3-f10-seed43,M3,43,missing_b08,Finland,9,Inland wetlands,530,3470,0.12493078485641741,0.0,True,0.006540368602884969
week5-m3-f10-seed43,M3,43,missing_b08,Finland,10,"Land principally occupied by agriculture, with significant areas of natural vegetation",588,3412,0.25498508405448855,0.2108843537414966,True,0.01145459336287219
week5-m3-f10-seed43,M3,43,missing_b08,Finland,11,Marine waters,892,3108,0.7731808133381051,0.0773542600896861,True,0.05823092990275325
week5-m3-f10-seed43,M3,43,missing_b08,Finland,12,Mixed forest,2082,1918,0.6885541019803758,0.553314121037464,True,-0.009221512844086788
week5-m3-f10-seed43,M3,43,missing_b08,Finland,13,"Moors, heathland and sclerophyllous vegetation",26,3974,0.0035212863215743264,0.0,True,0.00038994169866790433
week5-m3-f10-seed43,M3,43,missing_b08,Finland,14,Natural grassland and sparsely vegetated areas,2,3998,0.0017663299847920642,0.5,True,-0.0011778833696449759
week5-m3-f10-seed43,M3,43,missing_b08,Finland,15,Pastures,3,3997,0.001971760680147042,0.3333333333333333,True,-3.23865236013575e-05
week5-m3-f10-seed43,M3,43,missing_b08,Finland,16,Permanent crops,1,3999,0.014705882352941176,0.0,True,0.051960784313725486
week5-m3-f10-seed43,M3,43,missing_b08,Finland,17,"Transitional woodland, shrub",1574,2426,0.47922644814806536,0.24777636594663277,True,0.009639563087736502
week5-m3-f10-seed43,M3,43,missing_b08,Finland,18,Urban fabric,116,3884,0.1116000413848769,0.23275862068965517,True,0.04171370233449177
week5-m3-f10-seed43,M3,43,missing_b08,Portugal,0,Agro-forestry areas,1408,2592,0.40040871931115113,0.0,False,-0.023764520810236778
week5-m3-f10-seed43,M3,43,missing_b08,Portugal,1,Arable land,1646,2354,0.6267838116608517,0.8754556500607533,True,-0.012178653397364125
week5-m3-f10-seed43,M3,43,missing_b08,Portugal,2,"Beaches, dunes, sands",46,3954,0.05032014126282228,0.0,False,0.0038282113572491727
week5-m3-f10-seed43,M3,43,missing_b08,Portugal,3,Broad-leaved forest,1588,2412,0.37876733405164403,0.5277078085642317,True,0.011361864893977558
week5-m3-f10-seed43,M3,43,missing_b08,Portugal,4,Coastal wetlands,45,3955,0.017052602406019454,0.0,False,-0.0018391791292702853
week5-m3-f10-seed43,M3,43,missing_b08,Portugal,5,Complex cultivation patterns,816,3184,0.2170159675347676,0.4215686274509804,True,0.016201779149464968
week5-m3-f10-seed43,M3,43,missing_b08,Portugal,6,Coniferous forest,385,3615,0.11926378783425572,0.3948051948051948,True,0.00769554485903455
week5-m3-f10-seed43,M3,43,missing_b08,Portugal,7,Industrial or commercial units,95,3905,0.12109436242450602,0.031578947368421054,True,-0.027503905593547706
week5-m3-f10-seed43,M3,43,missing_b08,Portugal,8,Inland waters,206,3794,0.15684823113478605,0.09223300970873786,True,0.03953203466747532
week5-m3-f10-seed43,M3,43,missing_b08,Portugal,9,Inland wetlands,4,3996,0.002195026394633621,0.0,True,0.0039206706207039485
week5-m3-f10-seed43,M3,43,missing_b08,Portugal,10,"Land principally occupied by agriculture, with significant areas of natural vegetation",763,3237,0.20068575846489126,0.47575360419397117,True,-0.00541481171877603
week5-m3-f10-seed43,M3,43,missing_b08,Portugal,11,Marine waters,498,3502,0.9033900371862126,0.42369477911646586,True,0.04320599600531161
week5-m3-f10-seed43,M3,43,missing_b08,Portugal,12,Mixed forest,587,3413,0.18962717942049864,0.3679727427597956,True,0.029770758512259132
week5-m3-f10-seed43,M3,43,missing_b08,Portugal,13,"Moors, heathland and sclerophyllous vegetation",507,3493,0.17159100935564514,0.03155818540433925,True,0.011960651216596313
week5-m3-f10-seed43,M3,43,missing_b08,Portugal,14,Natural grassland and sparsely vegetated areas,50,3950,0.011309973665747184,0.22,True,0.0012377921449993959
week5-m3-f10-seed43,M3,43,missing_b08,Portugal,15,Pastures,579,3421,0.22158772886150402,0.3298791018998273,True,0.02258394029481195
week5-m3-f10-seed43,M3,43,missing_b08,Portugal,16,Permanent crops,963,3037,0.4349194757244679,0.0,True,-0.017488219893482315
week5-m3-f10-seed43,M3,43,missing_b08,Portugal,17,"Transitional woodland, shrub",1752,2248,0.4715056372580692,0.3441780821917808,True,0.007031158594910769
week5-m3-f10-seed43,M3,43,missing_b08,Portugal,18,Urban fabric,325,3675,0.20838169731264272,0.26153846153846155,True,-0.02902095228214685
week5-m3-f10-seed43,M3,43,missing_red_edge,I,0,Agro-forestry areas,0,3000,,,False,
week5-m3-f10-seed43,M3,43,missing_red_edge,I,1,Arable land,1036,1964,0.8117536152533044,0.8735521235521235,True,-0.05556047749796433
week5-m3-f10-seed43,M3,43,missing_red_edge,I,2,"Beaches, dunes, sands",24,2976,0.01409499749790448,0.0,False,0.024494661565565352
week5-m3-f10-seed43,M3,43,missing_red_edge,I,3,Broad-leaved forest,718,2282,0.46595079880180884,0.7005571030640668,True,0.07660368829932257
week5-m3-f10-seed43,M3,43,missing_red_edge,I,4,Coastal wetlands,1,2999,0.000499001996007984,0.0,False,0.0002523128048935938
week5-m3-f10-seed43,M3,43,missing_red_edge,I,5,Complex cultivation patterns,665,2335,0.29430022858135196,0.48270676691729325,True,-0.005118767942663027
week5-m3-f10-seed43,M3,43,missing_red_edge,I,6,Coniferous forest,580,2420,0.43746112590161257,0.7258620689655172,True,0.334628220027526
week5-m3-f10-seed43,M3,43,missing_red_edge,I,7,Industrial or commercial units,87,2913,0.09952671389552557,0.12643678160919541,True,0.1461621084784479
week5-m3-f10-seed43,M3,43,missing_red_edge,I,8,Inland waters,208,2792,0.05886965949998667,0.0,True,0.1977203737373821
week5-m3-f10-seed43,M3,43,missing_red_edge,I,9,Inland wetlands,273,2727,0.07407246404676666,0.003663003663003663,True,0.046145334569873825
week5-m3-f10-seed43,M3,43,missing_red_edge,I,10,"Land principally occupied by agriculture, with significant areas of natural vegetation",694,2306,0.3505320088335167,0.5273775216138329,True,0.01678685336518826
week5-m3-f10-seed43,M3,43,missing_red_edge,I,11,Marine waters,617,2383,0.8667356700736152,0.027552674230145867,True,0.10964288645021769
week5-m3-f10-seed43,M3,43,missing_red_edge,I,12,Mixed forest,812,2188,0.5297740065657218,0.5467980295566502,True,0.08329076312744932
week5-m3-f10-seed43,M3,43,missing_red_edge,I,13,"Moors, heathland and sclerophyllous vegetation",107,2893,0.0520456301598203,0.018691588785046728,True,-0.004670801938012031
week5-m3-f10-seed43,M3,43,missing_red_edge,I,14,Natural grassland and sparsely vegetated areas,70,2930,0.06132351986824445,0.34285714285714286,True,0.0002187053263537006
week5-m3-f10-seed43,M3,43,missing_red_edge,I,15,Pastures,1100,1900,0.4888536681685692,0.3781818181818182,True,0.27823514568776403
week5-m3-f10-seed43,M3,43,missing_red_edge,I,16,Permanent crops,151,2849,0.05720163499563036,0.0,True,0.04352873837268112
week5-m3-f10-seed43,M3,43,missing_red_edge,I,17,"Transitional woodland, shrub",326,2674,0.09151155677664022,0.2668711656441718,True,0.08313053499245587
week5-m3-f10-seed43,M3,43,missing_red_edge,I,18,Urban fabric,613,2387,0.3317199750403606,0.2724306688417618,True,0.2913306818573754
week5-m3-f10-seed43,M3,43,missing_red_edge,Finland,0,Agro-forestry areas,0,4000,,,False,
week5-m3-f10-seed43,M3,43,missing_red_edge,Finland,1,Arable land,457,3543,0.34222648777026116,0.6017505470459519,True,0.02868412644115126
week5-m3-f10-seed43,M3,43,missing_red_edge,Finland,2,"Beaches, dunes, sands",1,3999,0.00042918454935622315,0.0,False,0.0028930745868564014
week5-m3-f10-seed43,M3,43,missing_red_edge,Finland,3,Broad-leaved forest,229,3771,0.0714585554119823,0.6375545851528385,True,0.005812166129954804
week5-m3-f10-seed43,M3,43,missing_red_edge,Finland,4,Coastal wetlands,10,3990,0.007519170549346511,0.0,False,-0.0015771352842914874
week5-m3-f10-seed43,M3,43,missing_red_edge,Finland,5,Complex cultivation patterns,21,3979,0.004988198466904227,0.0,True,0.0031609251225694817
week5-m3-f10-seed43,M3,43,missing_red_edge,Finland,6,Coniferous forest,2776,1224,0.5323414768937096,0.718299711815562,True,0.3938584786285141
week5-m3-f10-seed43,M3,43,missing_red_edge,Finland,7,Industrial or commercial units,32,3968,0.06058058146377062,0.0625,True,0.06961219151295456
week5-m3-f10-seed43,M3,43,missing_red_edge,Finland,8,Inland waters,985,3015,0.22890249464456885,0.0040609137055837565,True,0.293554691132863
week5-m3-f10-seed43,M3,43,missing_red_edge,Finland,9,Inland wetlands,530,3470,0.11286607369611006,0.0,True,0.018605079763192325
week5-m3-f10-seed43,M3,43,missing_red_edge,Finland,10,"Land principally occupied by agriculture, with significant areas of natural vegetation",588,3412,0.21584173550558883,0.29081632653061223,True,0.050597941911771915
week5-m3-f10-seed43,M3,43,missing_red_edge,Finland,11,Marine waters,892,3108,0.34761199893346423,0.010089686098654708,True,0.4837997443073941
week5-m3-f10-seed43,M3,43,missing_red_edge,Finland,12,Mixed forest,2082,1918,0.5517133084522032,0.542747358309318,True,0.1276192806840858
week5-m3-f10-seed43,M3,43,missing_red_edge,Finland,13,"Moors, heathland and sclerophyllous vegetation",26,3974,0.003588738262802811,0.0,True,0.0003224897574394198
week5-m3-f10-seed43,M3,43,missing_red_edge,Finland,14,Natural grassland and sparsely vegetated areas,2,3998,0.0019914896606071384,0.5,True,-0.00140304304546005
week5-m3-f10-seed43,M3,43,missing_red_edge,Finland,15,Pastures,3,3997,0.0008699265287863182,0.0,True,0.0010694476277593663
week5-m3-f10-seed43,M3,43,missing_red_edge,Finland,16,Permanent crops,1,3999,0.0007246376811594203,0.0,True,0.06594202898550725
week5-m3-f10-seed43,M3,43,missing_red_edge,Finland,17,"Transitional woodland, shrub",1574,2426,0.40034263670944686,0.09085133418043202,True,0.088523374526355
week5-m3-f10-seed43,M3,43,missing_red_edge,Finland,18,Urban fabric,116,3884,0.0743278894860414,0.2413793103448276,True,0.07898585423332728
week5-m3-f10-seed43,M3,43,missing_red_edge,Portugal,0,Agro-forestry areas,1408,2592,0.29503269202439386,0.0,False,0.08161150647652049
week5-m3-f10-seed43,M3,43,missing_red_edge,Portugal,1,Arable land,1646,2354,0.4810200110126944,0.8529769137302552,True,0.13358514725079318
week5-m3-f10-seed43,M3,43,missing_red_edge,Portugal,2,"Beaches, dunes, sands",46,3954,0.07509119880084746,0.043478260869565216,False,-0.020942846180776006
week5-m3-f10-seed43,M3,43,missing_red_edge,Portugal,3,Broad-leaved forest,1588,2412,0.4488016172787023,0.23929471032745592,True,-0.058672418333080734
week5-m3-f10-seed43,M3,43,missing_red_edge,Portugal,4,Coastal wetlands,45,3955,0.07968373335457384,0.0,False,-0.06447031007782467
week5-m3-f10-seed43,M3,43,missing_red_edge,Portugal,5,Complex cultivation patterns,816,3184,0.1910834581126898,0.25735294117647056,True,0.04213428857154275
week5-m3-f10-seed43,M3,43,missing_red_edge,Portugal,6,Coniferous forest,385,3615,0.09595368184509533,0.38701298701298703,True,0.03100565084819494
week5-m3-f10-seed43,M3,43,missing_red_edge,Portugal,7,Industrial or commercial units,95,3905,0.023213871724538235,0.010526315789473684,True,0.07037658510642009
week5-m3-f10-seed43,M3,43,missing_red_edge,Portugal,8,Inland waters,206,3794,0.05171207856540374,0.03398058252427184,True,0.14466818723685762
week5-m3-f10-seed43,M3,43,missing_red_edge,Portugal,9,Inland wetlands,4,3996,0.0015107678679601162,0.0,True,0.004604929147377453
week5-m3-f10-seed43,M3,43,missing_red_edge,Portugal,10,"Land principally occupied by agriculture, with significant areas of natural vegetation",763,3237,0.15562733651194868,0.10353866317169069,True,0.03964361023416654
week5-m3-f10-seed43,M3,43,missing_red_edge,Portugal,11,Marine waters,498,3502,0.7855233941594545,0.020080321285140562,True,0.1610726390320697
week5-m3-f10-seed43,M3,43,missing_red_edge,Portugal,12,Mixed forest,587,3413,0.16126807092987014,0.25383304940374785,True,0.058129867002887636
week5-m3-f10-seed43,M3,43,missing_red_edge,Portugal,13,"Moors, heathland and sclerophyllous vegetation",507,3493,0.16628579596782378,0.1834319526627219,True,0.017265864604417674
week5-m3-f10-seed43,M3,43,missing_red_edge,Portugal,14,Natural grassland and sparsely vegetated areas,50,3950,0.011038763128519043,0.18,True,0.0015090026822275372
week5-m3-f10-seed43,M3,43,missing_red_edge,Portugal,15,Pastures,579,3421,0.15829322514070857,0.09844559585492228,True,0.0858784440156074
week5-m3-f10-seed43,M3,43,missing_red_edge,Portugal,16,Permanent crops,963,3037,0.21052232398645004,0.0,True,0.20690893184453552
week5-m3-f10-seed43,M3,43,missing_red_edge,Portugal,17,"Transitional woodland, shrub",1752,2248,0.3680490359608986,0.10102739726027397,True,0.11048775989208137
week5-m3-f10-seed43,M3,43,missing_red_edge,Portugal,18,Urban fabric,325,3675,0.07892484758801013,0.12923076923076923,True,0.10043589744248574
week5-m3-f10-seed43,M3,43,missing_swir,I,0,Agro-forestry areas,0,3000,,,False,
week5-m3-f10-seed43,M3,43,missing_swir,I,1,Arable land,1036,1964,0.282056889722297,0.9507722007722008,True,0.47413624803304305
week5-m3-f10-seed43,M3,43,missing_swir,I,2,"Beaches, dunes, sands",24,2976,0.007243812427585257,0.0,False,0.03134584663588458
week5-m3-f10-seed43,M3,43,missing_swir,I,3,Broad-leaved forest,718,2282,0.45544392243288867,0.7423398328690808,True,0.08711056466824274
week5-m3-f10-seed43,M3,43,missing_swir,I,4,Coastal wetlands,1,2999,0.0003333333333333333,0.0,False,0.0004179814675682445
week5-m3-f10-seed43,M3,43,missing_swir,I,5,Complex cultivation patterns,665,2335,0.4490820576306114,0.5353383458646617,True,-0.15990059699192244
week5-m3-f10-seed43,M3,43,missing_swir,I,6,Coniferous forest,580,2420,0.2801320857316427,0.05862068965517241,True,0.49195726019749586
week5-m3-f10-seed43,M3,43,missing_swir,I,7,Industrial or commercial units,87,2913,0.09477993918153935,0.2413793103448276,True,0.15090888319243412
week5-m3-f10-seed43,M3,43,missing_swir,I,8,Inland waters,208,2792,0.07559584917675476,0.004807692307692308,True,0.18099418406061402
week5-m3-f10-seed43,M3,43,missing_swir,I,9,Inland wetlands,273,2727,0.13812297315421448,0.0,True,-0.017905174537573995
week5-m3-f10-seed43,M3,43,missing_swir,I,10,"Land principally occupied by agriculture, with significant areas of natural vegetation",694,2306,0.2939745165273641,0.4510086455331412,True,0.07334434567134085
week5-m3-f10-seed43,M3,43,missing_swir,I,11,Marine waters,617,2383,0.22389120075412697,0.006482982171799027,True,0.7524873557697059
week5-m3-f10-seed43,M3,43,missing_swir,I,12,Mixed forest,812,2188,0.345113932290566,0.04926108374384237,True,0.26795083740260517
week5-m3-f10-seed43,M3,43,missing_swir,I,13,"Moors, heathland and sclerophyllous vegetation",107,2893,0.03648019710235839,0.0,True,0.010894631119449875
week5-m3-f10-seed43,M3,43,missing_swir,I,14,Natural grassland and sparsely vegetated areas,70,2930,0.02546531427649274,0.014285714285714285,True,0.03607691091810541
week5-m3-f10-seed43,M3,43,missing_swir,I,15,Pastures,1100,1900,0.8270123013239058,0.7427272727272727,True,-0.05992348746757259
week5-m3-f10-seed43,M3,43,missing_swir,I,16,Permanent crops,151,2849,0.07006122296707994,0.0,True,0.03066915040123154
week5-m3-f10-seed43,M3,43,missing_swir,I,17,"Transitional woodland, shrub",326,2674,0.19945475351431924,0.5061349693251533,True,-0.024812661745223147
week5-m3-f10-seed43,M3,43,missing_swir,I,18,Urban fabric,613,2387,0.39306296447973527,0.3360522022838499,True,0.2299876924180007
week5-m3-f10-seed43,M3,43,missing_swir,Finland,0,Agro-forestry areas,0,4000,,,False,
week5-m3-f10-seed43,M3,43,missing_swir,Finland,1,Arable land,457,3543,0.11812472197296309,0.8643326039387309,True,0.25278589223844933
week5-m3-f10-seed43,M3,43,missing_swir,Finland,2,"Beaches, dunes, sands",1,3999,0.00025680534155110427,0.0,False,0.0030654537946615203
week5-m3-f10-seed43,M3,43,missing_swir,Finland,3,Broad-leaved forest,229,3771,0.07541384617798912,0.7685589519650655,True,0.0018568753639479907
week5-m3-f10-seed43,M3,43,missing_swir,Finland,4,Coastal wetlands,10,3990,0.007907627704204324,0.0,False,-0.0019655924391492998
week5-m3-f10-seed43,M3,43,missing_swir,Finland,5,Complex cultivation patterns,21,3979,0.004784265279908973,0.0,True,0.003364858309564736
week5-m3-f10-seed43,M3,43,missing_swir,Finland,6,Coniferous forest,2776,1224,0.9245488103836471,0.25504322766570603,True,0.0016511451385765596
week5-m3-f10-seed43,M3,43,missing_swir,Finland,7,Industrial or commercial units,32,3968,0.0993459029560046,0.375,True,0.03084687002072059
week5-m3-f10-seed43,M3,43,missing_swir,Finland,8,Inland waters,985,3015,0.25976368484878165,0.0,True,0.2626935009286502
week5-m3-f10-seed43,M3,43,missing_swir,Finland,9,Inland wetlands,530,3470,0.15012708978464465,0.0,True,-0.018655936325342265
week5-m3-f10-seed43,M3,43,missing_swir,Finland,10,"Land principally occupied by agriculture, with significant areas of natural vegetation",588,3412,0.18455436894722757,0.5850340136054422,True,0.08188530847013317
week5-m3-f10-seed43,M3,43,missing_swir,Finland,11,Marine waters,892,3108,0.39339638530788024,0.0,True,0.4380153579329781
week5-m3-f10-seed43,M3,43,missing_swir,Finland,12,Mixed forest,2082,1918,0.6503797111187343,0.01585014409221902,True,0.02895287801755475
week5-m3-f10-seed43,M3,43,missing_swir,Finland,13,"Moors, heathland and sclerophyllous vegetation",26,3974,0.005086103747089959,0.0,True,-0.0011748757268477284
week5-m3-f10-seed43,M3,43,missing_swir,Finland,14,Natural grassland and sparsely vegetated areas,2,3998,0.0005557253792539276,0.0,True,3.272123589316068e-05
week5-m3-f10-seed43,M3,43,missing_swir,Finland,15,Pastures,3,3997,0.0008860242777158504,0.0,True,0.0010533498788298339
week5-m3-f10-seed43,M3,43,missing_swir,Finland,16,Permanent crops,1,3999,0.2,0.0,True,-0.13333333333333336
week5-m3-f10-seed43,M3,43,missing_swir,Finland,17,"Transitional woodland, shrub",1574,2426,0.5753025061102051,0.4326556543837357,True,-0.08643649487440319
week5-m3-f10-seed43,M3,43,missing_swir,Finland,18,Urban fabric,116,3884,0.16920272207159168,0.46551724137931033,True,-0.015888978352223
week5-m3-f10-seed43,M3,43,missing_swir,Portugal,0,Agro-forestry areas,1408,2592,0.33084090562497576,0.0,False,0.045803292875938595
week5-m3-f10-seed43,M3,43,missing_swir,Portugal,1,Arable land,1646,2354,0.46911302515812286,0.9550425273390036,True,0.14549213310536474
week5-m3-f10-seed43,M3,43,missing_swir,Portugal,2,"Beaches, dunes, sands",46,3954,0.01677549164084788,0.0,False,0.03737286097922357
week5-m3-f10-seed43,M3,43,missing_swir,Portugal,3,Broad-leaved forest,1588,2412,0.5414517823495911,0.5365239294710328,True,-0.15132258340396953
week5-m3-f10-seed43,M3,43,missing_swir,Portugal,4,Coastal wetlands,45,3955,0.012907305067961982,0.0,False,0.0023061182087871866
week5-m3-f10-seed43,M3,43,missing_swir,Portugal,5,Complex cultivation patterns,816,3184,0.22260526623380572,0.22181372549019607,True,0.010612480450426842
week5-m3-f10-seed43,M3,43,missing_swir,Portugal,6,Coniferous forest,385,3615,0.12287370098712706,0.04935064935064935,True,0.004085631706163204
week5-m3-f10-seed43,M3,43,missing_swir,Portugal,7,Industrial or commercial units,95,3905,0.038700472105022615,0.14736842105263157,True,0.0548899847259357
week5-m3-f10-seed43,M3,43,missing_swir,Portugal,8,Inland waters,206,3794,0.0802165103742606,0.0,True,0.11616375542800077
week5-m3-f10-seed43,M3,43,missing_swir,Portugal,9,Inland wetlands,4,3996,0.011736730866474653,0.0,True,-0.005621033851137084
week5-m3-f10-seed43,M3,43,missing_swir,Portugal,10,"Land principally occupied by agriculture, with significant areas of natural vegetation",763,3237,0.2570038978197119,0.46657929226736566,True,-0.061732951073596665
week5-m3-f10-seed43,M3,43,missing_swir,Portugal,11,Marine waters,498,3502,0.13731059332821333,0.002008032128514056,True,0.8092854398633109
week5-m3-f10-seed43,M3,43,missing_swir,Portugal,12,Mixed forest,587,3413,0.2510415506514609,0.056218057921635436,True,-0.03164361271870311
week5-m3-f10-seed43,M3,43,missing_swir,Portugal,13,"Moors, heathland and sclerophyllous vegetation",507,3493,0.12122155127816983,0.0,True,0.06233010929407162
week5-m3-f10-seed43,M3,43,missing_swir,Portugal,14,Natural grassland and sparsely vegetated areas,50,3950,0.02254645299191373,0.08,True,-0.00999868718116715
week5-m3-f10-seed43,M3,43,missing_swir,Portugal,15,Pastures,579,3421,0.2448667616617468,0.6580310880829016,True,-0.0006950925054308443
week5-m3-f10-seed43,M3,43,missing_swir,Portugal,16,Permanent crops,963,3037,0.25718746865043746,0.0,True,0.1602437871805481
week5-m3-f10-seed43,M3,43,missing_swir,Portugal,17,"Transitional woodland, shrub",1752,2248,0.5679293596282545,0.305365296803653,True,-0.08939256377527455
week5-m3-f10-seed43,M3,43,missing_swir,Portugal,18,Urban fabric,325,3675,0.09974042884255468,0.1723076923076923,True,0.07962031618794119
week5-m3-f10-seed43,M3,43,gain_0p9,I,0,Agro-forestry areas,0,3000,,,False,
week5-m3-f10-seed43,M3,43,gain_0p9,I,1,Arable land,1036,1964,0.7611423715029946,0.9266409266409267,True,-0.004949233747654547
week5-m3-f10-seed43,M3,43,gain_0p9,I,2,"Beaches, dunes, sands",24,2976,0.047196501267216966,0.0,False,-0.008606842203747134
week5-m3-f10-seed43,M3,43,gain_0p9,I,3,Broad-leaved forest,718,2282,0.49930307646648714,0.7437325905292479,True,0.04325141063464427
week5-m3-f10-seed43,M3,43,gain_0p9,I,4,Coastal wetlands,1,2999,0.0005892751915144372,0.0,False,0.00016203960938714057
week5-m3-f10-seed43,M3,43,gain_0p9,I,5,Complex cultivation patterns,665,2335,0.25706546774216527,0.5037593984962406,True,0.03211599289652367
week5-m3-f10-seed43,M3,43,gain_0p9,I,6,Coniferous forest,580,2420,0.7718589423101511,0.7741379310344828,True,0.00023040361898751804
week5-m3-f10-seed43,M3,43,gain_0p9,I,7,Industrial or commercial units,87,2913,0.24762594722129588,0.21839080459770116,True,-0.001937124847322419
week5-m3-f10-seed43,M3,43,gain_0p9,I,8,Inland waters,208,2792,0.25277182421376176,0.27884615384615385,True,0.003818209023607022
week5-m3-f10-seed43,M3,43,gain_0p9,I,9,Inland wetlands,273,2727,0.12873434219056248,0.007326007326007326,True,-0.008516543573921995
week5-m3-f10-seed43,M3,43,gain_0p9,I,10,"Land principally occupied by agriculture, with significant areas of natural vegetation",694,2306,0.3592472247765949,0.4711815561959654,True,0.00807163742211009
week5-m3-f10-seed43,M3,43,gain_0p9,I,11,Marine waters,617,2383,0.9792890424216557,0.86709886547812,True,-0.0029104858978228343
week5-m3-f10-seed43,M3,43,gain_0p9,I,12,Mixed forest,812,2188,0.5702201857627973,0.6637931034482759,True,0.042844583930373825
week5-m3-f10-seed43,M3,43,gain_0p9,I,13,"Moors, heathland and sclerophyllous vegetation",107,2893,0.04895242019036858,0.0,True,-0.0015775919685603115
week5-m3-f10-seed43,M3,43,gain_0p9,I,14,Natural grassland and sparsely vegetated areas,70,2930,0.048123925793355594,0.11428571428571428,True,0.013418299401242555
week5-m3-f10-seed43,M3,43,gain_0p9,I,15,Pastures,1100,1900,0.7851145997899309,0.7118181818181818,True,-0.018025785933597716
week5-m3-f10-seed43,M3,43,gain_0p9,I,16,Permanent crops,151,2849,0.10653125282167468,0.0,True,-0.005800879453363203
week5-m3-f10-seed43,M3,43,gain_0p9,I,17,"Transitional woodland, shrub",326,2674,0.17388169611683724,0.41411042944785276,True,0.0007603956522588551
week5-m3-f10-seed43,M3,43,gain_0p9,I,18,Urban fabric,613,2387,0.6257875863193415,0.5497553017944535,True,-0.0027369294216055273
week5-m3-f10-seed43,M3,43,gain_0p9,Finland,0,Agro-forestry areas,0,4000,,,False,
week5-m3-f10-seed43,M3,43,gain_0p9,Finland,1,Arable land,457,3543,0.3984927774480037,0.6017505470459519,True,-0.027582163236591295
week5-m3-f10-seed43,M3,43,gain_0p9,Finland,2,"Beaches, dunes, sands",1,3999,0.004016064257028112,0.0,False,-0.0006938051208154874
week5-m3-f10-seed43,M3,43,gain_0p9,Finland,3,Broad-leaved forest,229,3771,0.09546538923598644,0.7161572052401747,True,-0.01819466769404933
week5-m3-f10-seed43,M3,43,gain_0p9,Finland,4,Coastal wetlands,10,3990,0.004974376712164805,0.0,False,0.0009676585528902186
week5-m3-f10-seed43,M3,43,gain_0p9,Finland,5,Complex cultivation patterns,21,3979,0.009309605508822563,0.0,True,-0.0011604819193488537
week5-m3-f10-seed43,M3,43,gain_0p9,Finland,6,Coniferous forest,2776,1224,0.9310751751251287,0.7939481268011528,True,-0.004875219602905045
week5-m3-f10-seed43,M3,43,gain_0p9,Finland,7,Industrial or commercial units,32,3968,0.15213054771467893,0.15625,True,-0.021937774737953747
week5-m3-f10-seed43,M3,43,gain_0p9,Finland,8,Inland waters,985,3015,0.5167033502245265,0.116751269035533,True,0.0057538355529053176
week5-m3-f10-seed43,M3,43,gain_0p9,Finland,9,Inland wetlands,530,3470,0.14049577178964723,0.0018867924528301887,True,-0.009024618330344847
week5-m3-f10-seed43,M3,43,gain_0p9,Finland,10,"Land principally occupied by agriculture, with significant areas of natural vegetation",588,3412,0.2841451310786474,0.2687074829931973,True,-0.017705453661286674
week5-m3-f10-seed43,M3,43,gain_0p9,Finland,11,Marine waters,892,3108,0.8381729237694084,0.5325112107623319,True,-0.006761180528550126
week5-m3-f10-seed43,M3,43,gain_0p9,Finland,12,Mixed forest,2082,1918,0.6685542387230582,0.5288184438040345,True,0.01077835041323083
week5-m3-f10-seed43,M3,43,gain_0p9,Finland,13,"Moors, heathland and sclerophyllous vegetation",26,3974,0.003924036961065454,0.0,True,-1.2808940823223584e-05
week5-m3-f10-seed43,M3,43,gain_0p9,Finland,14,Natural grassland and sparsely vegetated areas,2,3998,0.0006942907592701589,0.0,True,-0.00010584414412307059
week5-m3-f10-seed43,M3,43,gain_0p9,Finland,15,Pastures,3,3997,0.0010033648409518926,0.0,True,0.0009360093155937918
week5-m3-f10-seed43,M3,43,gain_0p9,Finland,16,Permanent crops,1,3999,0.0625,0.0,True,0.004166666666666666
week5-m3-f10-seed43,M3,43,gain_0p9,Finland,17,"Transitional woodland, shrub",1574,2426,0.4845066982887887,0.26429479034307496,True,0.004359312947013194
week5-m3-f10-seed43,M3,43,gain_0p9,Finland,18,Urban fabric,116,3884,0.1526527548643004,0.2413793103448276,True,0.0006609888550682674
week5-m3-f10-seed43,M3,43,gain_0p9,Portugal,0,Agro-forestry areas,1408,2592,0.36671022383991364,0.0,False,0.00993397466100071
week5-m3-f10-seed43,M3,43,gain_0p9,Portugal,1,Arable land,1646,2354,0.6202766680559658,0.9100850546780073,True,-0.005671509792478213
week5-m3-f10-seed43,M3,43,gain_0p9,Portugal,2,"Beaches, dunes, sands",46,3954,0.05531258472851415,0.0,False,-0.0011642321084427004
week5-m3-f10-seed43,M3,43,gain_0p9,Portugal,3,Broad-leaved forest,1588,2412,0.38644582807932376,0.5465994962216625,True,0.0036833708662978304
week5-m3-f10-seed43,M3,43,gain_0p9,Portugal,4,Coastal wetlands,45,3955,0.0124172097482293,0.0,False,0.002796213528519869
week5-m3-f10-seed43,M3,43,gain_0p9,Portugal,5,Complex cultivation patterns,816,3184,0.23212647502380296,0.38480392156862747,True,0.0010912716604296047
week5-m3-f10-seed43,M3,43,gain_0p9,Portugal,6,Coniferous forest,385,3615,0.1294826641242755,0.35584415584415585,True,-0.0025233314309852373
week5-m3-f10-seed43,M3,43,gain_0p9,Portugal,7,Industrial or commercial units,95,3905,0.11097860392368626,0.07368421052631578,True,-0.017388147092727943
week5-m3-f10-seed43,M3,43,gain_0p9,Portugal,8,Inland waters,206,3794,0.19950629621074698,0.1553398058252427,True,-0.0031260304084856083
week5-m3-f10-seed43,M3,43,gain_0p9,Portugal,9,Inland wetlands,4,3996,0.0072443460453943355,0.0,True,-0.001128649030056766
week5-m3-f10-seed43,M3,43,gain_0p9,Portugal,10,"Land principally occupied by agriculture, with significant areas of natural vegetation",763,3237,0.18690006614903776,0.48623853211009177,True,0.008370880597077468
week5-m3-f10-seed43,M3,43,gain_0p9,Portugal,11,Marine waters,498,3502,0.9495492619861855,0.8795180722891566,True,-0.002953228794661311
week5-m3-f10-seed43,M3,43,gain_0p9,Portugal,12,Mixed forest,587,3413,0.22185648722060164,0.4071550255536627,True,-0.002458549287843864
week5-m3-f10-seed43,M3,43,gain_0p9,Portugal,13,"Moors, heathland and sclerophyllous vegetation",507,3493,0.19531845862716574,0.023668639053254437,True,-0.011766798054924282
week5-m3-f10-seed43,M3,43,gain_0p9,Portugal,14,Natural grassland and sparsely vegetated areas,50,3950,0.011917743013710996,0.06,True,0.0006300227970355843
week5-m3-f10-seed43,M3,43,gain_0p9,Portugal,15,Pastures,579,3421,0.24629449888136795,0.40414507772020725,True,-0.0021228297250519834
week5-m3-f10-seed43,M3,43,gain_0p9,Portugal,16,Permanent crops,963,3037,0.41184950235300444,0.0,True,0.005581753477981122
week5-m3-f10-seed43,M3,43,gain_0p9,Portugal,17,"Transitional woodland, shrub",1752,2248,0.4964740066246,0.3127853881278539,True,-0.017937210771620027
week5-m3-f10-seed43,M3,43,gain_0p9,Portugal,18,Urban fabric,325,3675,0.22569055261788804,0.28,True,-0.04632980758739216
week5-m3-f10-seed43,M3,43,gain_1p1,I,0,Agro-forestry areas,0,3000,,,False,
week5-m3-f10-seed43,M3,43,gain_1p1,I,1,Arable land,1036,1964,0.6773827169587029,0.9478764478764479,True,0.07881042079663714
week5-m3-f10-seed43,M3,43,gain_1p1,I,2,"Beaches, dunes, sands",24,2976,0.031073638123550188,0.0,False,0.007516020939919644
week5-m3-f10-seed43,M3,43,gain_1p1,I,3,Broad-leaved forest,718,2282,0.5348011439394716,0.6295264623955432,True,0.007753343161659765
week5-m3-f10-seed43,M3,43,gain_1p1,I,4,Coastal wetlands,1,2999,0.0012422360248447205,0.0,False,-0.0004909212239431427
week5-m3-f10-seed43,M3,43,gain_1p1,I,5,Complex cultivation patterns,665,2335,0.36427913506515713,0.6857142857142857,True,-0.0750976744264682
week5-m3-f10-seed43,M3,43,gain_1p1,I,6,Coniferous forest,580,2420,0.7623172483011172,0.7120689655172414,True,0.009772097628021337
week5-m3-f10-seed43,M3,43,gain_1p1,I,7,Industrial or commercial units,87,2913,0.23158053696573377,0.16091954022988506,True,0.01410828540823969
week5-m3-f10-seed43,M3,43,gain_1p1,I,8,Inland waters,208,2792,0.2604698954135865,0.27403846153846156,True,-0.003879862176217719
week5-m3-f10-seed43,M3,43,gain_1p1,I,9,Inland wetlands,273,2727,0.1118528398974027,0.003663003663003663,True,0.008364958719237786
week5-m3-f10-seed43,M3,43,gain_1p1,I,10,"Land principally occupied by agriculture, with significant areas of natural vegetation",694,2306,0.3661686018883224,0.49711815561959655,True,0.001150260310382567
week5-m3-f10-seed43,M3,43,gain_1p1,I,11,Marine waters,617,2383,0.9719812774675983,0.8622366288492707,True,0.004397279056234549
week5-m3-f10-seed43,M3,43,gain_1p1,I,12,Mixed forest,812,2188,0.6463067434532324,0.6206896551724138,True,-0.033241973760061216
week5-m3-f10-seed43,M3,43,gain_1p1,I,13,"Moors, heathland and sclerophyllous vegetation",107,2893,0.04712802666236543,0.0,True,0.00024680155944283716
week5-m3-f10-seed43,M3,43,gain_1p1,I,14,Natural grassland and sparsely vegetated areas,70,2930,0.057383328154405076,0.12857142857142856,True,0.004158897040193073
week5-m3-f10-seed43,M3,43,gain_1p1,I,15,Pastures,1100,1900,0.7917170847821552,0.8481818181818181,True,-0.024628270925821982
week5-m3-f10-seed43,M3,43,gain_1p1,I,16,Permanent crops,151,2849,0.07938324469299582,0.0,True,0.021347128675315657
week5-m3-f10-seed43,M3,43,gain_1p1,I,17,"Transitional woodland, shrub",326,2674,0.17025492879931303,0.31901840490797545,True,0.004387162969783059
week5-m3-f10-seed43,M3,43,gain_1p1,I,18,Urban fabric,613,2387,0.5929777035137038,0.5579119086460033,True,0.030072953384032153
week5-m3-f10-seed43,M3,43,gain_1p1,Finland,0,Agro-forestry areas,0,4000,,,False,
week5-m3-f10-seed43,M3,43,gain_1p1,Finland,1,Arable land,457,3543,0.3387741264269436,0.6673960612691466,True,0.032136487784468815
week5-m3-f10-seed43,M3,43,gain_1p1,Finland,2,"Beaches, dunes, sands",1,3999,0.0026666666666666666,0.0,False,0.0006555924695459581
week5-m3-f10-seed43,M3,43,gain_1p1,Finland,3,Broad-leaved forest,229,3771,0.06814141637648134,0.7161572052401747,True,0.009129305165455764
week5-m3-f10-seed43,M3,43,gain_1p1,Finland,4,Coastal wetlands,10,3990,0.006837150226553084,0.0,False,-0.0008951149614980598
week5-m3-f10-seed43,M3,43,gain_1p1,Finland,5,Complex cultivation patterns,21,3979,0.0072139635741666555,0.0,True,0.0009351600153070534
week5-m3-f10-seed43,M3,43,gain_1p1,Finland,6,Coniferous forest,2776,1224,0.9201206324663237,0.6869596541786743,True,0.006079323055899977
week5-m3-f10-seed43,M3,43,gain_1p1,Finland,7,Industrial or commercial units,32,3968,0.13096749985263112,0.125,True,-0.0007747268759059345
week5-m3-f10-seed43,M3,43,gain_1p1,Finland,8,Inland waters,985,3015,0.5210442028973828,0.18071065989847715,True,0.0014129828800489852
week5-m3-f10-seed43,M3,43,gain_1p1,Finland,9,Inland wetlands,530,3470,0.13091578139196436,0.0018867924528301887,True,0.0005553720673380225
week5-m3-f10-seed43,M3,43,gain_1p1,Finland,10,"Land principally occupied by agriculture, with significant areas of natural vegetation",588,3412,0.25954768209178003,0.39285714285714285,True,0.006891995325580713
week5-m3-f10-seed43,M3,43,gain_1p1,Finland,11,Marine waters,892,3108,0.8199888751044764,0.5908071748878924,True,0.011422868136381936
week5-m3-f10-seed43,M3,43,gain_1p1,Finland,12,Mixed forest,2082,1918,0.7014996411415174,0.484149855907781,True,-0.022167052005228394
week5-m3-f10-seed43,M3,43,gain_1p1,Finland,13,"Moors, heathland and sclerophyllous vegetation",26,3974,0.004243519125360087,0.0,True,-0.00033229110511785644
week5-m3-f10-seed43,M3,43,gain_1p1,Finland,14,Natural grassland and sparsely vegetated areas,2,3998,0.0005815350943164861,0.0,True,6.911520830602132e-06
week5-m3-f10-seed43,M3,43,gain_1p1,Finland,15,Pastures,3,3997,0.0035419397942700703,0.3333333333333333,True,-0.001602565637724386
week5-m3-f10-seed43,M3,43,gain_1p1,Finland,16,Permanent crops,1,3999,0.058823529411764705,0.0,True,0.00784313725490196
week5-m3-f10-seed43,M3,43,gain_1p1,Finland,17,"Transitional woodland, shrub",1574,2426,0.49587991974053736,0.2789072426937738,True,-0.007013908504735489
week5-m3-f10-seed43,M3,43,gain_1p1,Finland,18,Urban fabric,116,3884,0.14476098547731336,0.25,True,0.008552758242055314
week5-m3-f10-seed43,M3,43,gain_1p1,Portugal,0,Agro-forestry areas,1408,2592,0.3787896441791789,0.0,False,-0.0021454456782645237
week5-m3-f10-seed43,M3,43,gain_1p1,Portugal,1,Arable land,1646,2354,0.5905915557441764,0.9058323207776428,True,0.024013602519311172
week5-m3-f10-seed43,M3,43,gain_1p1,Portugal,2,"Beaches, dunes, sands",46,3954,0.05516071240740322,0.0,False,-0.0010123597873317736
week5-m3-f10-seed43,M3,43,gain_1p1,Portugal,3,Broad-leaved forest,1588,2412,0.40147246292184235,0.5409319899244333,True,-0.011343263976220763
week5-m3-f10-seed43,M3,43,gain_1p1,Portugal,4,Coastal wetlands,45,3955,0.016436829881068666,0.0,False,-0.001223406604319497
week5-m3-f10-seed43,M3,43,gain_1p1,Portugal,5,Complex cultivation patterns,816,3184,0.2462530842648059,0.5281862745098039,True,-0.013035337580573347
week5-m3-f10-seed43,M3,43,gain_1p1,Portugal,6,Coniferous forest,385,3615,0.12297808593646561,0.3220779220779221,True,0.003981246756824652
week5-m3-f10-seed43,M3,43,gain_1p1,Portugal,7,Industrial or commercial units,95,3905,0.07701208378173854,0.021052631578947368,True,0.016578373049219775
week5-m3-f10-seed43,M3,43,gain_1p1,Portugal,8,Inland waters,206,3794,0.19585451746340918,0.1407766990291262,True,0.0005257483388521889
week5-m3-f10-seed43,M3,43,gain_1p1,Portugal,9,Inland wetlands,4,3996,0.006980162403597169,0.0,True,-0.0008644653882595998
week5-m3-f10-seed43,M3,43,gain_1p1,Portugal,10,"Land principally occupied by agriculture, with significant areas of natural vegetation",763,3237,0.20924196126595673,0.5176933158584535,True,-0.013971014519841507
week5-m3-f10-seed43,M3,43,gain_1p1,Portugal,11,Marine waters,498,3502,0.9430246029564494,0.8775100401606426,True,0.0035714302350747795
week5-m3-f10-seed43,M3,43,gain_1p1,Portugal,12,Mixed forest,587,3413,0.21465785962897124,0.313458262350937,True,0.004740078303786532
week5-m3-f10-seed43,M3,43,gain_1p1,Portugal,13,"Moors, heathland and sclerophyllous vegetation",507,3493,0.17514860895055867,0.07495069033530571,True,0.008403051621682783
week5-m3-f10-seed43,M3,43,gain_1p1,Portugal,14,Natural grassland and sparsely vegetated areas,50,3950,0.012955388633904538,0.22,True,-0.0004076228231579583
week5-m3-f10-seed43,M3,43,gain_1p1,Portugal,15,Pastures,579,3421,0.23736124417381238,0.40932642487046633,True,0.006810424982503588
week5-m3-f10-seed43,M3,43,gain_1p1,Portugal,16,Permanent crops,963,3037,0.4205970090650443,0.0,True,-0.0031657532340587657
week5-m3-f10-seed43,M3,43,gain_1p1,Portugal,17,"Transitional woodland, shrub",1752,2248,0.47020450546798015,0.353310502283105,True,0.00833229038499983
week5-m3-f10-seed43,M3,43,gain_1p1,Portugal,18,Urban fabric,325,3675,0.153098291135603,0.16,True,0.026262453894892873
week5-m4-f10-seed43,M4,43,clean,I,0,Agro-forestry areas,0,3000,,,False,
week5-m4-f10-seed43,M4,43,clean,I,1,Arable land,1036,1964,0.5837616184095772,0.9276061776061776,True,0.0
week5-m4-f10-seed43,M4,43,clean,I,2,"Beaches, dunes, sands",24,2976,0.04517878639060805,0.0,False,0.0
week5-m4-f10-seed43,M4,43,clean,I,3,Broad-leaved forest,718,2282,0.5384658266283853,0.6908077994428969,True,0.0
week5-m4-f10-seed43,M4,43,clean,I,4,Coastal wetlands,1,2999,0.0003946329913180742,0.0,False,0.0
week5-m4-f10-seed43,M4,43,clean,I,5,Complex cultivation patterns,665,2335,0.4013566473646082,0.6842105263157895,True,0.0
week5-m4-f10-seed43,M4,43,clean,I,6,Coniferous forest,580,2420,0.7421382394483209,0.7189655172413794,True,0.0
week5-m4-f10-seed43,M4,43,clean,I,7,Industrial or commercial units,87,2913,0.24125681051421513,0.20689655172413793,True,0.0
week5-m4-f10-seed43,M4,43,clean,I,8,Inland waters,208,2792,0.2153981991850517,0.1875,True,0.0
week5-m4-f10-seed43,M4,43,clean,I,9,Inland wetlands,273,2727,0.1612748562642026,0.018315018315018316,True,0.0
week5-m4-f10-seed43,M4,43,clean,I,10,"Land principally occupied by agriculture, with significant areas of natural vegetation",694,2306,0.3616761267209622,0.4020172910662824,True,0.0
week5-m4-f10-seed43,M4,43,clean,I,11,Marine waters,617,2383,0.9727745864891963,0.880064829821718,True,0.0
week5-m4-f10-seed43,M4,43,clean,I,12,Mixed forest,812,2188,0.6226556562678547,0.6379310344827587,True,0.0
week5-m4-f10-seed43,M4,43,clean,I,13,"Moors, heathland and sclerophyllous vegetation",107,2893,0.0439914369307276,0.0,True,0.0
week5-m4-f10-seed43,M4,43,clean,I,14,Natural grassland and sparsely vegetated areas,70,2930,0.03870955638773545,0.04285714285714286,True,0.0
week5-m4-f10-seed43,M4,43,clean,I,15,Pastures,1100,1900,0.7314125698745743,0.8109090909090909,True,0.0
week5-m4-f10-seed43,M4,43,clean,I,16,Permanent crops,151,2849,0.08639960476771232,0.0,True,0.0
week5-m4-f10-seed43,M4,43,clean,I,17,"Transitional woodland, shrub",326,2674,0.2065134551921782,0.36809815950920244,True,0.0
week5-m4-f10-seed43,M4,43,clean,I,18,Urban fabric,613,2387,0.6136960130569539,0.6150081566068516,True,0.0
week5-m4-f10-seed43,M4,43,clean,Finland,0,Agro-forestry areas,0,4000,,,False,
week5-m4-f10-seed43,M4,43,clean,Finland,1,Arable land,457,3543,0.3948598409167714,0.5951859956236324,True,0.0
week5-m4-f10-seed43,M4,43,clean,Finland,2,"Beaches, dunes, sands",1,3999,0.0023094688221709007,0.0,False,0.0
week5-m4-f10-seed43,M4,43,clean,Finland,3,Broad-leaved forest,229,3771,0.07854333768348833,0.759825327510917,True,0.0
week5-m4-f10-seed43,M4,43,clean,Finland,4,Coastal wetlands,10,3990,0.01941165407663598,0.0,False,0.0
week5-m4-f10-seed43,M4,43,clean,Finland,5,Complex cultivation patterns,21,3979,0.003958995266561673,0.0,True,0.0
week5-m4-f10-seed43,M4,43,clean,Finland,6,Coniferous forest,2776,1224,0.9108230029215502,0.5190922190201729,True,0.0
week5-m4-f10-seed43,M4,43,clean,Finland,7,Industrial or commercial units,32,3968,0.09374186922202724,0.0625,True,0.0
week5-m4-f10-seed43,M4,43,clean,Finland,8,Inland waters,985,3015,0.4637585972346998,0.11979695431472082,True,0.0
week5-m4-f10-seed43,M4,43,clean,Finland,9,Inland wetlands,530,3470,0.16620487130373873,0.0037735849056603774,True,0.0
week5-m4-f10-seed43,M4,43,clean,Finland,10,"Land principally occupied by agriculture, with significant areas of natural vegetation",588,3412,0.35335040234581583,0.29931972789115646,True,0.0
week5-m4-f10-seed43,M4,43,clean,Finland,11,Marine waters,892,3108,0.803553348233145,0.649103139013453,True,0.0
week5-m4-f10-seed43,M4,43,clean,Finland,12,Mixed forest,2082,1918,0.6755355014247412,0.43948126801152737,True,0.0
week5-m4-f10-seed43,M4,43,clean,Finland,13,"Moors, heathland and sclerophyllous vegetation",26,3974,0.00485431037962463,0.0,True,0.0
week5-m4-f10-seed43,M4,43,clean,Finland,14,Natural grassland and sparsely vegetated areas,2,3998,0.000996020696583611,0.0,True,0.0
week5-m4-f10-seed43,M4,43,clean,Finland,15,Pastures,3,3997,0.002289726193001246,0.3333333333333333,True,0.0
week5-m4-f10-seed43,M4,43,clean,Finland,16,Permanent crops,1,3999,0.03333333333333333,0.0,True,0.0
week5-m4-f10-seed43,M4,43,clean,Finland,17,"Transitional woodland, shrub",1574,2426,0.47070096977180353,0.24015247776365947,True,0.0
week5-m4-f10-seed43,M4,43,clean,Finland,18,Urban fabric,116,3884,0.15288297416908342,0.31896551724137934,True,0.0
week5-m4-f10-seed43,M4,43,clean,Portugal,0,Agro-forestry areas,1408,2592,0.31055282522601163,0.0,False,0.0
week5-m4-f10-seed43,M4,43,clean,Portugal,1,Arable land,1646,2354,0.5852389834218865,0.8280680437424058,True,0.0
week5-m4-f10-seed43,M4,43,clean,Portugal,2,"Beaches, dunes, sands",46,3954,0.09252319677990133,0.0,False,0.0
week5-m4-f10-seed43,M4,43,clean,Portugal,3,Broad-leaved forest,1588,2412,0.4507776891279698,0.5384130982367759,True,0.0
week5-m4-f10-seed43,M4,43,clean,Portugal,4,Coastal wetlands,45,3955,0.021645035905178484,0.0,False,0.0
week5-m4-f10-seed43,M4,43,clean,Portugal,5,Complex cultivation patterns,816,3184,0.21872040308699314,0.5563725490196079,True,0.0
week5-m4-f10-seed43,M4,43,clean,Portugal,6,Coniferous forest,385,3615,0.15593528677307486,0.2701298701298701,True,0.0
week5-m4-f10-seed43,M4,43,clean,Portugal,7,Industrial or commercial units,95,3905,0.13129113265874337,0.11578947368421053,True,0.0
week5-m4-f10-seed43,M4,43,clean,Portugal,8,Inland waters,206,3794,0.16209018496817326,0.10679611650485436,True,0.0
week5-m4-f10-seed43,M4,43,clean,Portugal,9,Inland wetlands,4,3996,0.006761877661626712,0.0,True,0.0
week5-m4-f10-seed43,M4,43,clean,Portugal,10,"Land principally occupied by agriculture, with significant areas of natural vegetation",763,3237,0.22672590140483506,0.5111402359108781,True,0.0
week5-m4-f10-seed43,M4,43,clean,Portugal,11,Marine waters,498,3502,0.9663780477075133,0.8775100401606426,True,0.0
week5-m4-f10-seed43,M4,43,clean,Portugal,12,Mixed forest,587,3413,0.21152920447107013,0.1635434412265758,True,0.0
week5-m4-f10-seed43,M4,43,clean,Portugal,13,"Moors, heathland and sclerophyllous vegetation",507,3493,0.2112398619284648,0.03747534516765286,True,0.0
week5-m4-f10-seed43,M4,43,clean,Portugal,14,Natural grassland and sparsely vegetated areas,50,3950,0.013092044535001018,0.14,True,0.0
week5-m4-f10-seed43,M4,43,clean,Portugal,15,Pastures,579,3421,0.2005835806503113,0.27288428324697755,True,0.0
week5-m4-f10-seed43,M4,43,clean,Portugal,16,Permanent crops,963,3037,0.30040110478747256,0.003115264797507788,True,0.0
week5-m4-f10-seed43,M4,43,clean,Portugal,17,"Transitional woodland, shrub",1752,2248,0.5502202065447604,0.16666666666666666,True,0.0
week5-m4-f10-seed43,M4,43,clean,Portugal,18,Urban fabric,325,3675,0.14562177694355447,0.48307692307692307,True,0.0
week5-m4-f10-seed43,M4,43,missing_b08,I,0,Agro-forestry areas,0,3000,,,False,
week5-m4-f10-seed43,M4,43,missing_b08,I,1,Arable land,1036,1964,0.4034852958326622,0.9343629343629344,True,0.180276322576915
week5-m4-f10-seed43,M4,43,missing_b08,I,2,"Beaches, dunes, sands",24,2976,0.056847412632739625,0.0,False,-0.011668626242131573
week5-m4-f10-seed43,M4,43,missing_b08,I,3,Broad-leaved forest,718,2282,0.6183769628445133,0.7910863509749304,True,-0.079911136216128
week5-m4-f10-seed43,M4,43,missing_b08,I,4,Coastal wetlands,1,2999,0.00046816479400749064,0.0,False,-7.353180268941645e-05
week5-m4-f10-seed43,M4,43,missing_b08,I,5,Complex cultivation patterns,665,2335,0.41379759795631577,0.45112781954887216,True,-0.012440950591707578
week5-m4-f10-seed43,M4,43,missing_b08,I,6,Coniferous forest,580,2420,0.744467310083085,0.6724137931034483,True,-0.0023290706347640633
week5-m4-f10-seed43,M4,43,missing_b08,I,7,Industrial or commercial units,87,2913,0.21227582135763934,0.1839080459770115,True,0.028980989156575793
week5-m4-f10-seed43,M4,43,missing_b08,I,8,Inland waters,208,2792,0.15519948200665143,0.25,True,0.06019871717840028
week5-m4-f10-seed43,M4,43,missing_b08,I,9,Inland wetlands,273,2727,0.12807795989465073,0.029304029304029304,True,0.033196896369551865
week5-m4-f10-seed43,M4,43,missing_b08,I,10,"Land principally occupied by agriculture, with significant areas of natural vegetation",694,2306,0.33442880628561905,0.22910662824207492,True,0.02724732043534317
week5-m4-f10-seed43,M4,43,missing_b08,I,11,Marine waters,617,2383,0.9816715286882147,0.9222042139384117,True,-0.008896942199018376
week5-m4-f10-seed43,M4,43,missing_b08,I,12,Mixed forest,812,2188,0.6668723969570326,0.5738916256157636,True,-0.044216740689177914
week5-m4-f10-seed43,M4,43,missing_b08,I,13,"Moors, heathland and sclerophyllous vegetation",107,2893,0.03952076607244732,0.0,True,0.004470670858280283
week5-m4-f10-seed43,M4,43,missing_b08,I,14,Natural grassland and sparsely vegetated areas,70,2930,0.031522068934875934,0.04285714285714286,True,0.007187487452859513
week5-m4-f10-seed43,M4,43,missing_b08,I,15,Pastures,1100,1900,0.6924310337814322,0.6854545454545454,True,0.03898153609314203
week5-m4-f10-seed43,M4,43,missing_b08,I,16,Permanent crops,151,2849,0.09330101486285915,0.0,True,-0.006901410095146832
week5-m4-f10-seed43,M4,43,missing_b08,I,17,"Transitional woodland, shrub",326,2674,0.1900889506895704,0.4386503067484663,True,0.016424504502607795
week5-m4-f10-seed43,M4,43,missing_b08,I,18,Urban fabric,613,2387,0.5152684383798923,0.3915171288743883,True,0.09842757467706154
week5-m4-f10-seed43,M4,43,missing_b08,Finland,0,Agro-forestry areas,0,4000,,,False,
week5-m4-f10-seed43,M4,43,missing_b08,Finland,1,Arable land,457,3543,0.434639466306283,0.6214442013129103,True,-0.039779625389511575
week5-m4-f10-seed43,M4,43,missing_b08,Finland,2,"Beaches, dunes, sands",1,3999,0.0016420361247947454,0.0,False,0.0006674326973761552
week5-m4-f10-seed43,M4,43,missing_b08,Finland,3,Broad-leaved forest,229,3771,0.0835509940017828,0.8253275109170306,True,-0.005007656318294473
week5-m4-f10-seed43,M4,43,missing_b08,Finland,4,Coastal wetlands,10,3990,0.0212234463499796,0.0,False,-0.0018117922733436216
week5-m4-f10-seed43,M4,43,missing_b08,Finland,5,Complex cultivation patterns,21,3979,0.0039593062119762535,0.0,True,-3.1094541458071695e-07
week5-m4-f10-seed43,M4,43,missing_b08,Finland,6,Coniferous forest,2776,1224,0.8618809706499213,0.4697406340057637,True,0.048942032271628855
week5-m4-f10-seed43,M4,43,missing_b08,Finland,7,Industrial or commercial units,32,3968,0.0864959018218786,0.15625,True,0.0072459674001486285
week5-m4-f10-seed43,M4,43,missing_b08,Finland,8,Inland waters,985,3015,0.45913139639443806,0.11979695431472082,True,0.004627200840261747
week5-m4-f10-seed43,M4,43,missing_b08,Finland,9,Inland wetlands,530,3470,0.18174839514904736,0.007547169811320755,True,-0.015543523845308632
week5-m4-f10-seed43,M4,43,missing_b08,Finland,10,"Land principally occupied by agriculture, with significant areas of natural vegetation",588,3412,0.32327968470357243,0.18027210884353742,True,0.030070717642243394
week5-m4-f10-seed43,M4,43,missing_b08,Finland,11,Marine waters,892,3108,0.861766537770033,0.773542600896861,True,-0.05821318953688803
week5-m4-f10-seed43,M4,43,missing_b08,Finland,12,Mixed forest,2082,1918,0.6491289079285703,0.4048991354466859,True,0.026406593496170916
week5-m4-f10-seed43,M4,43,missing_b08,Finland,13,"Moors, heathland and sclerophyllous vegetation",26,3974,0.004709766571510589,0.0,True,0.0001445438081140414
week5-m4-f10-seed43,M4,43,missing_b08,Finland,14,Natural grassland and sparsely vegetated areas,2,3998,0.0006010869986796154,0.0,True,0.00039493369790399553
week5-m4-f10-seed43,M4,43,missing_b08,Finland,15,Pastures,3,3997,0.004580632584433939,1.0,True,-0.0022909063914326932
week5-m4-f10-seed43,M4,43,missing_b08,Finland,16,Permanent crops,1,3999,0.017241379310344827,0.0,True,0.016091954022988506
week5-m4-f10-seed43,M4,43,missing_b08,Finland,17,"Transitional woodland, shrub",1574,2426,0.5292599643882806,0.247141041931385,True,-0.05855899461647707
week5-m4-f10-seed43,M4,43,missing_b08,Finland,18,Urban fabric,116,3884,0.15205001480636596,0.29310344827586204,True,0.0008329593627174614
week5-m4-f10-seed43,M4,43,missing_b08,Portugal,0,Agro-forestry areas,1408,2592,0.31307787952292315,0.0,False,-0.002525054296911522
week5-m4-f10-seed43,M4,43,missing_b08,Portugal,1,Arable land,1646,2354,0.5932713633360136,0.839003645200486,True,-0.008032379914127086
week5-m4-f10-seed43,M4,43,missing_b08,Portugal,2,"Beaches, dunes, sands",46,3954,0.10557917473457146,0.0,False,-0.013055977954670131
week5-m4-f10-seed43,M4,43,missing_b08,Portugal,3,Broad-leaved forest,1588,2412,0.4762677626007228,0.5818639798488665,True,-0.025490073472753005
week5-m4-f10-seed43,M4,43,missing_b08,Portugal,4,Coastal wetlands,45,3955,0.03320733268972794,0.0,False,-0.011562296784549456
week5-m4-f10-seed43,M4,43,missing_b08,Portugal,5,Complex cultivation patterns,816,3184,0.21376234824582874,0.4803921568627451,True,0.004958054841164405
week5-m4-f10-seed43,M4,43,missing_b08,Portugal,6,Coniferous forest,385,3615,0.16339757965869728,0.23376623376623376,True,-0.007462292885622418
week5-m4-f10-seed43,M4,43,missing_b08,Portugal,7,Industrial or commercial units,95,3905,0.13867849970593046,0.10526315789473684,True,-0.007387367047187093
week5-m4-f10-seed43,M4,43,missing_b08,Portugal,8,Inland waters,206,3794,0.17283922214137434,0.09223300970873786,True,-0.010749037173201081
week5-m4-f10-seed43,M4,43,missing_b08,Portugal,9,Inland wetlands,4,3996,0.009179486748377699,0.0,True,-0.002417609086750987
week5-m4-f10-seed43,M4,43,missing_b08,Portugal,10,"Land principally occupied by agriculture, with significant areas of natural vegetation",763,3237,0.24409501650401247,0.47706422018348627,True,-0.017369115099177407
week5-m4-f10-seed43,M4,43,missing_b08,Portugal,11,Marine waters,498,3502,0.965502272500474,0.8955823293172691,True,0.0008757752070392977
week5-m4-f10-seed43,M4,43,missing_b08,Portugal,12,Mixed forest,587,3413,0.20309929957676714,0.1635434412265758,True,0.00842990489430298
week5-m4-f10-seed43,M4,43,missing_b08,Portugal,13,"Moors, heathland and sclerophyllous vegetation",507,3493,0.19813560920079926,0.009861932938856016,True,0.01310425272766555
week5-m4-f10-seed43,M4,43,missing_b08,Portugal,14,Natural grassland and sparsely vegetated areas,50,3950,0.012943512357251542,0.1,True,0.00014853217774947643
week5-m4-f10-seed43,M4,43,missing_b08,Portugal,15,Pastures,579,3421,0.19993982302528307,0.24352331606217617,True,0.0006437576250282184
week5-m4-f10-seed43,M4,43,missing_b08,Portugal,16,Permanent crops,963,3037,0.3162631863563679,0.003115264797507788,True,-0.015862081568895348
week5-m4-f10-seed43,M4,43,missing_b08,Portugal,17,"Transitional woodland, shrub",1752,2248,0.5629828087109456,0.1872146118721461,True,-0.012762602166185189
week5-m4-f10-seed43,M4,43,missing_b08,Portugal,18,Urban fabric,325,3675,0.13999755380038367,0.4123076923076923,True,0.005624223143170792
week5-m4-f10-seed43,M4,43,missing_red_edge,I,0,Agro-forestry areas,0,3000,,,False,
week5-m4-f10-seed43,M4,43,missing_red_edge,I,1,Arable land,1036,1964,0.6568849145401432,0.8793436293436293,True,-0.073123296130566
week5-m4-f10-seed43,M4,43,missing_red_edge,I,2,"Beaches, dunes, sands",24,2976,0.054178345249566225,0.0,False,-0.008999558858958173
week5-m4-f10-seed43,M4,43,missing_red_edge,I,3,Broad-leaved forest,718,2282,0.37507611572319327,0.8133704735376045,True,0.163389710905192
week5-m4-f10-seed43,M4,43,missing_red_edge,I,4,Coastal wetlands,1,2999,0.0005030181086519115,0.0,False,-0.00010838511733383732
week5-m4-f10-seed43,M4,43,missing_red_edge,I,5,Complex cultivation patterns,665,2335,0.35399597748767103,0.6075187969924812,True,0.047360669876937156
week5-m4-f10-seed43,M4,43,missing_red_edge,I,6,Coniferous forest,580,2420,0.2173452727355274,0.03793103448275862,True,0.5247929667127935
week5-m4-f10-seed43,M4,43,missing_red_edge,I,7,Industrial or commercial units,87,2913,0.24837257326306025,0.19540229885057472,True,-0.0071157627488451225
week5-m4-f10-seed43,M4,43,missing_red_edge,I,8,Inland waters,208,2792,0.1667806812551902,0.03365384615384615,True,0.04861751792986152
week5-m4-f10-seed43,M4,43,missing_red_edge,I,9,Inland wetlands,273,2727,0.10452442530164147,0.0,True,0.05675043096256113
week5-m4-f10-seed43,M4,43,missing_red_edge,I,10,"Land principally occupied by agriculture, with significant areas of natural vegetation",694,2306,0.29890886164322833,0.4783861671469741,True,0.06276726507773389
week5-m4-f10-seed43,M4,43,missing_red_edge,I,11,Marine waters,617,2383,0.9264340746611719,0.4586709886547812,True,0.046340511828024455
week5-m4-f10-seed43,M4,43,missing_red_edge,I,12,Mixed forest,812,2188,0.404265397773178,0.11945812807881774,True,0.2183902584946767
week5-m4-f10-seed43,M4,43,missing_red_edge,I,13,"Moors, heathland and sclerophyllous vegetation",107,2893,0.037936757493390864,0.0,True,0.006054679437336737
week5-m4-f10-seed43,M4,43,missing_red_edge,I,14,Natural grassland and sparsely vegetated areas,70,2930,0.03893941673169471,0.05714285714285714,True,-0.00022986034395926225
week5-m4-f10-seed43,M4,43,missing_red_edge,I,15,Pastures,1100,1900,0.5456224038763403,0.3809090909090909,True,0.18579016599823395
week5-m4-f10-seed43,M4,43,missing_red_edge,I,16,Permanent crops,151,2849,0.10878506727585559,0.006622516556291391,True,-0.022385462508143272
week5-m4-f10-seed43,M4,43,missing_red_edge,I,17,"Transitional woodland, shrub",326,2674,0.1594074523734554,0.3619631901840491,True,0.04710600281872279
week5-m4-f10-seed43,M4,43,missing_red_edge,I,18,Urban fabric,613,2387,0.554742247804332,0.5236541598694943,True,0.05895376525262186
week5-m4-f10-seed43,M4,43,missing_red_edge,Finland,0,Agro-forestry areas,0,4000,,,False,
week5-m4-f10-seed43,M4,43,missing_red_edge,Finland,1,Arable land,457,3543,0.17421045774973182,0.8336980306345733,True,0.22064938316703958
week5-m4-f10-seed43,M4,43,missing_red_edge,Finland,2,"Beaches, dunes, sands",1,3999,0.0008403361344537816,0.0,False,0.001469132687717119
week5-m4-f10-seed43,M4,43,missing_red_edge,Finland,3,Broad-leaved forest,229,3771,0.15912300218425843,0.8908296943231441,True,-0.0805796645007701
week5-m4-f10-seed43,M4,43,missing_red_edge,Finland,4,Coastal wetlands,10,3990,0.0065366666853731254,0.0,False,0.012874987391262853
week5-m4-f10-seed43,M4,43,missing_red_edge,Finland,5,Complex cultivation patterns,21,3979,0.0033395812460898684,0.0,True,0.0006194140204718044
week5-m4-f10-seed43,M4,43,missing_red_edge,Finland,6,Coniferous forest,2776,1224,0.878448563693425,0.12968299711815562,True,0.03237443922812511
week5-m4-f10-seed43,M4,43,missing_red_edge,Finland,7,Industrial or commercial units,32,3968,0.1290437034913065,0.09375,True,-0.03530183426927927
week5-m4-f10-seed43,M4,43,missing_red_edge,Finland,8,Inland waters,985,3015,0.27785688537680464,0.0010152284263959391,True,0.18590171185789517
week5-m4-f10-seed43,M4,43,missing_red_edge,Finland,9,Inland wetlands,530,3470,0.14894739959146955,0.020754716981132074,True,0.017257471712269185
week5-m4-f10-seed43,M4,43,missing_red_edge,Finland,10,"Land principally occupied by agriculture, with significant areas of natural vegetation",588,3412,0.2474370297003531,0.3010204081632653,True,0.10591337264546272
week5-m4-f10-seed43,M4,43,missing_red_edge,Finland,11,Marine waters,892,3108,0.38743865956179896,0.05493273542600897,True,0.416114688671346
week5-m4-f10-seed43,M4,43,missing_red_edge,Finland,12,Mixed forest,2082,1918,0.6844037537398399,0.09221902017291066,True,-0.00886825231509869
week5-m4-f10-seed43,M4,43,missing_red_edge,Finland,13,"Moors, heathland and sclerophyllous vegetation",26,3974,0.008614514256522992,0.0,True,-0.0037602038768983622
week5-m4-f10-seed43,M4,43,missing_red_edge,Finland,14,Natural grassland and sparsely vegetated areas,2,3998,0.0011504267906127096,0.0,True,-0.0001544060940290987
week5-m4-f10-seed43,M4,43,missing_red_edge,Finland,15,Pastures,3,3997,0.0009913915062995033,0.3333333333333333,True,0.0012983346867017425
week5-m4-f10-seed43,M4,43,missing_red_edge,Finland,16,Permanent crops,1,3999,0.0011507479861910242,0.0,True,0.03218258534714231
week5-m4-f10-seed43,M4,43,missing_red_edge,Finland,17,"Transitional woodland, shrub",1574,2426,0.3894797828843626,0.21728081321473952,True,0.08122118688744095
week5-m4-f10-seed43,M4,43,missing_red_edge,Finland,18,Urban fabric,116,3884,0.15245976049752535,0.27586206896551724,True,0.0004232136715580648
week5-m4-f10-seed43,M4,43,missing_red_edge,Portugal,0,Agro-forestry areas,1408,2592,0.3256348992570661,0.0,False,-0.015082074031054493
week5-m4-f10-seed43,M4,43,missing_red_edge,Portugal,1,Arable land,1646,2354,0.4776241956957236,0.9064398541919806,True,0.1076147877261629
week5-m4-f10-seed43,M4,43,missing_red_edge,Portugal,2,"Beaches, dunes, sands",46,3954,0.10924176564069683,0.0,False,-0.016718568860795507
week5-m4-f10-seed43,M4,43,missing_red_edge,Portugal,3,Broad-leaved forest,1588,2412,0.43326143184285437,0.6102015113350125,True,0.01751625728511541
week5-m4-f10-seed43,M4,43,missing_red_edge,Portugal,4,Coastal wetlands,45,3955,0.029394438169617596,0.0,False,-0.007749402264439112
week5-m4-f10-seed43,M4,43,missing_red_edge,Portugal,5,Complex cultivation patterns,816,3184,0.2026556822440886,0.5772058823529411,True,0.016064720842904556
week5-m4-f10-seed43,M4,43,missing_red_edge,Portugal,6,Coniferous forest,385,3615,0.1297310738470212,0.12727272727272726,True,0.026204212926053655
week5-m4-f10-seed43,M4,43,missing_red_edge,Portugal,7,Industrial or commercial units,95,3905,0.08791690074554415,0.07368421052631578,True,0.043374231913199224
week5-m4-f10-seed43,M4,43,missing_red_edge,Portugal,8,Inland waters,206,3794,0.134371141979406,0.038834951456310676,True,0.027719042988767262
week5-m4-f10-seed43,M4,43,missing_red_edge,Portugal,9,Inland wetlands,4,3996,0.0027786267558818564,0.0,True,0.003983250905744856
week5-m4-f10-seed43,M4,43,missing_red_edge,Portugal,10,"Land principally occupied by agriculture, with significant areas of natural vegetation",763,3237,0.21419851914310345,0.6526867627785059,True,0.012527382261731612
week5-m4-f10-seed43,M4,43,missing_red_edge,Portugal,11,Marine waters,498,3502,0.8798496342999492,0.42168674698795183,True,0.08652841340756412
week5-m4-f10-seed43,M4,43,missing_red_edge,Portugal,12,Mixed forest,587,3413,0.19477482356475953,0.013628620102214651,True,0.016754380906310595
week5-m4-f10-seed43,M4,43,missing_red_edge,Portugal,13,"Moors, heathland and sclerophyllous vegetation",507,3493,0.12973905731967683,0.0,True,0.08150080460878797
week5-m4-f10-seed43,M4,43,missing_red_edge,Portugal,14,Natural grassland and sparsely vegetated areas,50,3950,0.01677638571150249,0.1,True,-0.003684341176501472
week5-m4-f10-seed43,M4,43,missing_red_edge,Portugal,15,Pastures,579,3421,0.18166968519820467,0.19861830742659758,True,0.018913895452106616
week5-m4-f10-seed43,M4,43,missing_red_edge,Portugal,16,Permanent crops,963,3037,0.24178217094802468,0.0,True,0.058618933839447884
week5-m4-f10-seed43,M4,43,missing_red_edge,Portugal,17,"Transitional woodland, shrub",1752,2248,0.5185720387966934,0.1050228310502283,True,0.031648167748067
week5-m4-f10-seed43,M4,43,missing_red_edge,Portugal,18,Urban fabric,325,3675,0.11153084950657793,0.4276923076923077,True,0.03409092743697653
week5-m4-f10-seed43,M4,43,missing_swir,I,0,Agro-forestry areas,0,3000,,,False,
week5-m4-f10-seed43,M4,43,missing_swir,I,1,Arable land,1036,1964,0.4298939832132943,0.8967181467181468,True,0.15386763519628288
week5-m4-f10-seed43,M4,43,missing_swir,I,2,"Beaches, dunes, sands",24,2976,0.032073167990299675,0.0,False,0.013105618400308376
week5-m4-f10-seed43,M4,43,missing_swir,I,3,Broad-leaved forest,718,2282,0.5274509008117477,0.8579387186629527,True,0.011014925816637544
week5-m4-f10-seed43,M4,43,missing_swir,I,4,Coastal wetlands,1,2999,0.0004175365344467641,0.0,False,-2.2903543128689925e-05
week5-m4-f10-seed43,M4,43,missing_swir,I,5,Complex cultivation patterns,665,2335,0.41142152252202735,0.5699248120300752,True,-0.010064875157419162
week5-m4-f10-seed43,M4,43,missing_swir,I,6,Coniferous forest,580,2420,0.45719956819456425,0.42586206896551726,True,0.28493867125375666
week5-m4-f10-seed43,M4,43,missing_swir,I,7,Industrial or commercial units,87,2913,0.257590958900644,0.22988505747126436,True,-0.016334148386428854
week5-m4-f10-seed43,M4,43,missing_swir,I,8,Inland waters,208,2792,0.08069693432513995,0.019230769230769232,True,0.13470126485991174
week5-m4-f10-seed43,M4,43,missing_swir,I,9,Inland wetlands,273,2727,0.1203498977563983,0.02197802197802198,True,0.040924958507804296
week5-m4-f10-seed43,M4,43,missing_swir,I,10,"Land principally occupied by agriculture, with significant areas of natural vegetation",694,2306,0.2932806403570878,0.3011527377521614,True,0.06839548636387444
week5-m4-f10-seed43,M4,43,missing_swir,I,11,Marine waters,617,2383,0.9355009078972736,0.7585089141004863,True,0.037273678591922765
week5-m4-f10-seed43,M4,43,missing_swir,I,12,Mixed forest,812,2188,0.42067616594503493,0.43349753694581283,True,0.20197949032281975
week5-m4-f10-seed43,M4,43,missing_swir,I,13,"Moors, heathland and sclerophyllous vegetation",107,2893,0.03455384114206627,0.0,True,0.00943759578866133
week5-m4-f10-seed43,M4,43,missing_swir,I,14,Natural grassland and sparsely vegetated areas,70,2930,0.03526518246293316,0.07142857142857142,True,0.003444373924802284
week5-m4-f10-seed43,M4,43,missing_swir,I,15,Pastures,1100,1900,0.7337985545475152,0.7718181818181818,True,-0.002385984672940933
week5-m4-f10-seed43,M4,43,missing_swir,I,16,Permanent crops,151,2849,0.06394865625046134,0.0,True,0.022450948517250977
week5-m4-f10-seed43,M4,43,missing_swir,I,17,"Transitional woodland, shrub",326,2674,0.1783037328692833,0.3558282208588957,True,0.028209722322894898
week5-m4-f10-seed43,M4,43,missing_swir,I,18,Urban fabric,613,2387,0.5458185378134133,0.5154975530179445,True,0.0678774752435406
week5-m4-f10-seed43,M4,43,missing_swir,Finland,0,Agro-forestry areas,0,4000,,,False,
week5-m4-f10-seed43,M4,43,missing_swir,Finland,1,Arable land,457,3543,0.37932466393172326,0.5120350109409191,True,0.015535176985048138
week5-m4-f10-seed43,M4,43,missing_swir,Finland,2,"Beaches, dunes, sands",1,3999,0.010101010101010102,0.0,False,-0.007791541278839201
week5-m4-f10-seed43,M4,43,missing_swir,Finland,3,Broad-leaved forest,229,3771,0.10209493695365197,0.8558951965065502,True,-0.023551599270163648
week5-m4-f10-seed43,M4,43,missing_swir,Finland,4,Coastal wetlands,10,3990,0.015940632847590234,0.0,False,0.0034710212290457454
week5-m4-f10-seed43,M4,43,missing_swir,Finland,5,Complex cultivation patterns,21,3979,0.003544217639656771,0.0,True,0.000414777626904902
week5-m4-f10-seed43,M4,43,missing_swir,Finland,6,Coniferous forest,2776,1224,0.6105912034671483,0.27089337175792505,True,0.3002317994544018
week5-m4-f10-seed43,M4,43,missing_swir,Finland,7,Industrial or commercial units,32,3968,0.08665441638240003,0.1875,True,0.007087452839627209
week5-m4-f10-seed43,M4,43,missing_swir,Finland,8,Inland waters,985,3015,0.2880990729331766,0.013197969543147208,True,0.1756595243015232
week5-m4-f10-seed43,M4,43,missing_swir,Finland,9,Inland wetlands,530,3470,0.18446408174114365,0.013207547169811321,True,-0.018259210437404916
week5-m4-f10-seed43,M4,43,missing_swir,Finland,10,"Land principally occupied by agriculture, with significant areas of natural vegetation",588,3412,0.2974888134841641,0.2465986394557823,True,0.05586158886165171
week5-m4-f10-seed43,M4,43,missing_swir,Finland,11,Marine waters,892,3108,0.7743431680749717,0.218609865470852,True,0.029210180158173227
week5-m4-f10-seed43,M4,43,missing_swir,Finland,12,Mixed forest,2082,1918,0.4522810665115319,0.22670509125840538,True,0.2232544349132093
week5-m4-f10-seed43,M4,43,missing_swir,Finland,13,"Moors, heathland and sclerophyllous vegetation",26,3974,0.004228063769109226,0.0,True,0.0006262466105154043
week5-m4-f10-seed43,M4,43,missing_swir,Finland,14,Natural grassland and sparsely vegetated areas,2,3998,0.0005089605322608388,0.0,True,0.00048706016432277207
week5-m4-f10-seed43,M4,43,missing_swir,Finland,15,Pastures,3,3997,0.002276722722177127,0.3333333333333333,True,1.3003470824118988e-05
week5-m4-f10-seed43,M4,43,missing_swir,Finland,16,Permanent crops,1,3999,0.125,0.0,True,-0.09166666666666667
week5-m4-f10-seed43,M4,43,missing_swir,Finland,17,"Transitional woodland, shrub",1574,2426,0.48389370681117205,0.30749682337992373,True,-0.013192737039368518
week5-m4-f10-seed43,M4,43,missing_swir,Finland,18,Urban fabric,116,3884,0.18206606294451902,0.3706896551724138,True,-0.0291830887754356
week5-m4-f10-seed43,M4,43,missing_swir,Portugal,0,Agro-forestry areas,1408,2592,0.30410828759338177,0.0,False,0.006444537632629865
week5-m4-f10-seed43,M4,43,missing_swir,Portugal,1,Arable land,1646,2354,0.5721252782061631,0.8809234507897934,True,0.013113705215723415
week5-m4-f10-seed43,M4,43,missing_swir,Portugal,2,"Beaches, dunes, sands",46,3954,0.07063658502674315,0.0,False,0.021886611753158175
week5-m4-f10-seed43,M4,43,missing_swir,Portugal,3,Broad-leaved forest,1588,2412,0.4642300327393057,0.7802267002518891,True,-0.013452343611335904
week5-m4-f10-seed43,M4,43,missing_swir,Portugal,4,Coastal wetlands,45,3955,0.04454759799846274,0.0,False,-0.022902562093284253
week5-m4-f10-seed43,M4,43,missing_swir,Portugal,5,Complex cultivation patterns,816,3184,0.21002593087753893,0.42034313725490197,True,0.008694472209454213
week5-m4-f10-seed43,M4,43,missing_swir,Portugal,6,Coniferous forest,385,3615,0.1703986313700363,0.21558441558441557,True,-0.014463344596961442
week5-m4-f10-seed43,M4,43,missing_swir,Portugal,7,Industrial or commercial units,95,3905,0.1200238509579457,0.08421052631578947,True,0.011267281700797674
week5-m4-f10-seed43,M4,43,missing_swir,Portugal,8,Inland waters,206,3794,0.09509780763251938,0.043689320388349516,True,0.06699237733565389
week5-m4-f10-seed43,M4,43,missing_swir,Portugal,9,Inland wetlands,4,3996,0.001520413242630431,0.0,True,0.005241464418996282
week5-m4-f10-seed43,M4,43,missing_swir,Portugal,10,"Land principally occupied by agriculture, with significant areas of natural vegetation",763,3237,0.23273973024133307,0.44823066841415465,True,-0.006013828836498009
week5-m4-f10-seed43,M4,43,missing_swir,Portugal,11,Marine waters,498,3502,0.9269439093454992,0.7389558232931727,True,0.03943413836201415
week5-m4-f10-seed43,M4,43,missing_swir,Portugal,12,Mixed forest,587,3413,0.1762768550533885,0.15843270868824533,True,0.03525234941768163
week5-m4-f10-seed43,M4,43,missing_swir,Portugal,13,"Moors, heathland and sclerophyllous vegetation",507,3493,0.18323245370722713,0.0019723865877712033,True,0.02800740822123768
week5-m4-f10-seed43,M4,43,missing_swir,Portugal,14,Natural grassland and sparsely vegetated areas,50,3950,0.013451546091133306,0.12,True,-0.0003595015561322877
week5-m4-f10-seed43,M4,43,missing_swir,Portugal,15,Pastures,579,3421,0.2155119506526114,0.39723661485319517,True,-0.014928370002300101
week5-m4-f10-seed43,M4,43,missing_swir,Portugal,16,Permanent crops,963,3037,0.32768980955376126,0.0010384215991692627,True,-0.027288704766288696
week5-m4-f10-seed43,M4,43,missing_swir,Portugal,17,"Transitional woodland, shrub",1752,2248,0.5824245803525132,0.15296803652968036,True,-0.03220437380775276
week5-m4-f10-seed43,M4,43,missing_swir,Portugal,18,Urban fabric,325,3675,0.13390898583432576,0.37846153846153846,True,0.01171279110922871
week5-m4-f10-seed43,M4,43,gain_0p9,I,0,Agro-forestry areas,0,3000,,,False,
week5-m4-f10-seed43,M4,43,gain_0p9,I,1,Arable land,1036,1964,0.756087898379319,0.9218146718146718,True,-0.1723262799697418
week5-m4-f10-seed43,M4,43,gain_0p9,I,2,"Beaches, dunes, sands",24,2976,0.04620804257975756,0.0,False,-0.0010292561891495078
week5-m4-f10-seed43,M4,43,gain_0p9,I,3,Broad-leaved forest,718,2282,0.5253377429856586,0.7256267409470752,True,0.013128083642726662
week5-m4-f10-seed43,M4,43,gain_0p9,I,4,Coastal wetlands,1,2999,0.00040290088638195,0.0,False,-8.267895063875834e-06
week5-m4-f10-seed43,M4,43,gain_0p9,I,5,Complex cultivation patterns,665,2335,0.3447397395131998,0.6075187969924812,True,0.05661690785140838
week5-m4-f10-seed43,M4,43,gain_0p9,I,6,Coniferous forest,580,2420,0.7193628939640888,0.746551724137931,True,0.0227753454842321
week5-m4-f10-seed43,M4,43,gain_0p9,I,7,Industrial or commercial units,87,2913,0.2288549506156683,0.1839080459770115,True,0.012401859898546835
week5-m4-f10-seed43,M4,43,gain_0p9,I,8,Inland waters,208,2792,0.2200472967224221,0.20673076923076922,True,-0.004649097537370389
week5-m4-f10-seed43,M4,43,gain_0p9,I,9,Inland wetlands,273,2727,0.20730909503765813,0.014652014652014652,True,-0.04603423877345553
week5-m4-f10-seed43,M4,43,gain_0p9,I,10,"Land principally occupied by agriculture, with significant areas of natural vegetation",694,2306,0.36751725489857284,0.3703170028818444,True,-0.005841128177610622
week5-m4-f10-seed43,M4,43,gain_0p9,I,11,Marine waters,617,2383,0.9767397210846459,0.8962722852512156,True,-0.00396513459544956
week5-m4-f10-seed43,M4,43,gain_0p9,I,12,Mixed forest,812,2188,0.6038964879143565,0.6970443349753694,True,0.018759168353498223
week5-m4-f10-seed43,M4,43,gain_0p9,I,13,"Moors, heathland and sclerophyllous vegetation",107,2893,0.05223953660062703,0.0,True,-0.00824809966989943
week5-m4-f10-seed43,M4,43,gain_0p9,I,14,Natural grassland and sparsely vegetated areas,70,2930,0.03587653705844051,0.02857142857142857,True,0.0028330193292949377
week5-m4-f10-seed43,M4,43,gain_0p9,I,15,Pastures,1100,1900,0.7508725145704677,0.769090909090909,True,-0.019459944695893405
week5-m4-f10-seed43,M4,43,gain_0p9,I,16,Permanent crops,151,2849,0.09297373300666004,0.0,True,-0.006574128238947721
week5-m4-f10-seed43,M4,43,gain_0p9,I,17,"Transitional woodland, shrub",326,2674,0.21223194917423355,0.3834355828220859,True,-0.005718493982055345
week5-m4-f10-seed43,M4,43,gain_0p9,I,18,Urban fabric,613,2387,0.5973929678096728,0.5823817292006526,True,0.0163030452472811
week5-m4-f10-seed43,M4,43,gain_0p9,Finland,0,Agro-forestry areas,0,4000,,,False,
week5-m4-f10-seed43,M4,43,gain_0p9,Finland,1,Arable land,457,3543,0.4188085571910595,0.5361050328227571,True,-0.02394871627428813
week5-m4-f10-seed43,M4,43,gain_0p9,Finland,2,"Beaches, dunes, sands",1,3999,0.002785515320334262,0.0,False,-0.0004760464981633612
week5-m4-f10-seed43,M4,43,gain_0p9,Finland,3,Broad-leaved forest,229,3771,0.07984417135405679,0.7205240174672489,True,-0.001300833670568463
week5-m4-f10-seed43,M4,43,gain_0p9,Finland,4,Coastal wetlands,10,3990,0.008166945661246929,0.0,False,0.01124470841538905
week5-m4-f10-seed43,M4,43,gain_0p9,Finland,5,Complex cultivation patterns,21,3979,0.0038704764892261803,0.0,True,8.851877733549252e-05
week5-m4-f10-seed43,M4,43,gain_0p9,Finland,6,Coniferous forest,2776,1224,0.9220516197593963,0.6494956772334294,True,-0.01122861683784615
week5-m4-f10-seed43,M4,43,gain_0p9,Finland,7,Industrial or commercial units,32,3968,0.08602118798750494,0.0625,True,0.0077206812345222975
week5-m4-f10-seed43,M4,43,gain_0p9,Finland,8,Inland waters,985,3015,0.45823227136477734,0.09441624365482233,True,0.005526325869922466
week5-m4-f10-seed43,M4,43,gain_0p9,Finland,9,Inland wetlands,530,3470,0.15925680155537322,0.0018867924528301887,True,0.00694806974836551
week5-m4-f10-seed43,M4,43,gain_0p9,Finland,10,"Land principally occupied by agriculture, with significant areas of natural vegetation",588,3412,0.388949822422226,0.21768707482993196,True,-0.03559942007641015
week5-m4-f10-seed43,M4,43,gain_0p9,Finland,11,Marine waters,892,3108,0.8072869731445504,0.624439461883408,True,-0.0037336249114054976
week5-m4-f10-seed43,M4,43,gain_0p9,Finland,12,Mixed forest,2082,1918,0.7060894452897842,0.5321805955811719,True,-0.030553943865043065
week5-m4-f10-seed43,M4,43,gain_0p9,Finland,13,"Moors, heathland and sclerophyllous vegetation",26,3974,0.00522823674036861,0.0,True,-0.00037392636074397995
week5-m4-f10-seed43,M4,43,gain_0p9,Finland,14,Natural grassland and sparsely vegetated areas,2,3998,0.0010671615521596887,0.0,True,-7.114085557607779e-05
week5-m4-f10-seed43,M4,43,gain_0p9,Finland,15,Pastures,3,3997,0.001877093757905756,0.3333333333333333,True,0.0004126324350954898
week5-m4-f10-seed43,M4,43,gain_0p9,Finland,16,Permanent crops,1,3999,0.16666666666666666,0.0,True,-0.13333333333333333
week5-m4-f10-seed43,M4,43,gain_0p9,Finland,17,"Transitional woodland, shrub",1574,2426,0.45310843853993943,0.2731893265565438,True,0.017592531231864106
week5-m4-f10-seed43,M4,43,gain_0p9,Finland,18,Urban fabric,116,3884,0.1569464865688579,0.3017241379310345,True,-0.004063512399774483
week5-m4-f10-seed43,M4,43,gain_0p9,Portugal,0,Agro-forestry areas,1408,2592,0.3125079383315241,0.0,False,-0.001955113105512496
week5-m4-f10-seed43,M4,43,gain_0p9,Portugal,1,Arable land,1646,2354,0.5931801055746816,0.8165249088699879,True,-0.007941122152795077
week5-m4-f10-seed43,M4,43,gain_0p9,Portugal,2,"Beaches, dunes, sands",46,3954,0.10105693276369969,0.0,False,-0.008533735983798363
week5-m4-f10-seed43,M4,43,gain_0p9,Portugal,3,Broad-leaved forest,1588,2412,0.460936887341353,0.6240554156171285,True,-0.010159198213383236
week5-m4-f10-seed43,M4,43,gain_0p9,Portugal,4,Coastal wetlands,45,3955,0.017382337087658697,0.0,False,0.004262698817519787
week5-m4-f10-seed43,M4,43,gain_0p9,Portugal,5,Complex cultivation patterns,816,3184,0.2319460746083411,0.5490196078431373,True,-0.01322567152134796
week5-m4-f10-seed43,M4,43,gain_0p9,Portugal,6,Coniferous forest,385,3615,0.1643619229462806,0.2935064935064935,True,-0.008426636173205743
week5-m4-f10-seed43,M4,43,gain_0p9,Portugal,7,Industrial or commercial units,95,3905,0.14982620331545357,0.12631578947368421,True,-0.0185350706567102
week5-m4-f10-seed43,M4,43,gain_0p9,Portugal,8,Inland waters,206,3794,0.17308646704121392,0.0970873786407767,True,-0.010996282073040653
week5-m4-f10-seed43,M4,43,gain_0p9,Portugal,9,Inland wetlands,4,3996,0.005108759246139447,0.0,True,0.0016531184154872647
week5-m4-f10-seed43,M4,43,gain_0p9,Portugal,10,"Land principally occupied by agriculture, with significant areas of natural vegetation",763,3237,0.2129244942673079,0.48099606815203144,True,0.013801407137527172
week5-m4-f10-seed43,M4,43,gain_0p9,Portugal,11,Marine waters,498,3502,0.9691582594860126,0.8795180722891566,True,-0.0027802117784992975
week5-m4-f10-seed43,M4,43,gain_0p9,Portugal,12,Mixed forest,587,3413,0.21950675078986298,0.2555366269165247,True,-0.007977546318792855
week5-m4-f10-seed43,M4,43,gain_0p9,Portugal,13,"Moors, heathland and sclerophyllous vegetation",507,3493,0.2165743688494422,0.011834319526627219,True,-0.005334506920977394
week5-m4-f10-seed43,M4,43,gain_0p9,Portugal,14,Natural grassland and sparsely vegetated areas,50,3950,0.013746157311664555,0.16,True,-0.0006541127766635374
week5-m4-f10-seed43,M4,43,gain_0p9,Portugal,15,Pastures,579,3421,0.20980563388514656,0.2763385146804836,True,-0.00922205323483527
week5-m4-f10-seed43,M4,43,gain_0p9,Portugal,16,Permanent crops,963,3037,0.29993872383881265,0.0,True,0.00046238094865991286
week5-m4-f10-seed43,M4,43,gain_0p9,Portugal,17,"Transitional woodland, shrub",1752,2248,0.5177035523406002,0.1872146118721461,True,0.03251665420416028
week5-m4-f10-seed43,M4,43,gain_0p9,Portugal,18,Urban fabric,325,3675,0.17451241456966016,0.48923076923076925,True,-0.028890637626105692
week5-m4-f10-seed43,M4,43,gain_1p1,I,0,Agro-forestry areas,0,3000,,,False,
week5-m4-f10-seed43,M4,43,gain_1p1,I,1,Arable land,1036,1964,0.47431796843140617,0.9382239382239382,True,0.10944364997817102
week5-m4-f10-seed43,M4,43,gain_1p1,I,2,"Beaches, dunes, sands",24,2976,0.03718540418633256,0.0,False,0.007993382204275493
week5-m4-f10-seed43,M4,43,gain_1p1,I,3,Broad-leaved forest,718,2282,0.5116356604052354,0.6559888579387186,True,0.02683016622314982
week5-m4-f10-seed43,M4,43,gain_1p1,I,4,Coastal wetlands,1,2999,0.0004012841091492777,0.0,False,-6.651117831203495e-06
week5-m4-f10-seed43,M4,43,gain_1p1,I,5,Complex cultivation patterns,665,2335,0.43664523978787284,0.7052631578947368,True,-0.03528859242326465
week5-m4-f10-seed43,M4,43,gain_1p1,I,6,Coniferous forest,580,2420,0.7217385878224537,0.6620689655172414,True,0.02039965162586721
week5-m4-f10-seed43,M4,43,gain_1p1,I,7,Industrial or commercial units,87,2913,0.24786571926971168,0.20689655172413793,True,-0.006608908755496551
week5-m4-f10-seed43,M4,43,gain_1p1,I,8,Inland waters,208,2792,0.2193592452446109,0.18269230769230768,True,-0.003961046059559187
week5-m4-f10-seed43,M4,43,gain_1p1,I,9,Inland wetlands,273,2727,0.13064914094248298,0.014652014652014652,True,0.03062571532171962
week5-m4-f10-seed43,M4,43,gain_1p1,I,10,"Land principally occupied by agriculture, with significant areas of natural vegetation",694,2306,0.3567164438852914,0.4365994236311239,True,0.004959682835670831
week5-m4-f10-seed43,M4,43,gain_1p1,I,11,Marine waters,617,2383,0.9617880346586613,0.873581847649919,True,0.010986551830535096
week5-m4-f10-seed43,M4,43,gain_1p1,I,12,Mixed forest,812,2188,0.6190916927033256,0.5935960591133005,True,0.003563963564529038
week5-m4-f10-seed43,M4,43,gain_1p1,I,13,"Moors, heathland and sclerophyllous vegetation",107,2893,0.038655185553228305,0.0,True,0.005336251377499296
week5-m4-f10-seed43,M4,43,gain_1p1,I,14,Natural grassland and sparsely vegetated areas,70,2930,0.042309583177363205,0.04285714285714286,True,-0.0036000267896277582
week5-m4-f10-seed43,M4,43,gain_1p1,I,15,Pastures,1100,1900,0.7422175465627685,0.8572727272727273,True,-0.010804976688194246
week5-m4-f10-seed43,M4,43,gain_1p1,I,16,Permanent crops,151,2849,0.08871741442955963,0.0,True,-0.002317809661847317
week5-m4-f10-seed43,M4,43,gain_1p1,I,17,"Transitional woodland, shrub",326,2674,0.1951055816327506,0.3067484662576687,True,0.0114078735594276
week5-m4-f10-seed43,M4,43,gain_1p1,I,18,Urban fabric,613,2387,0.6189907005910802,0.6786296900489397,True,-0.005294687534126319
week5-m4-f10-seed43,M4,43,gain_1p1,Finland,0,Agro-forestry areas,0,4000,,,False,
week5-m4-f10-seed43,M4,43,gain_1p1,Finland,1,Arable land,457,3543,0.35850891085333314,0.6258205689277899,True,0.03635093006343826
week5-m4-f10-seed43,M4,43,gain_1p1,Finland,2,"Beaches, dunes, sands",1,3999,0.0016638935108153079,0.0,False,0.0006455753113555928
week5-m4-f10-seed43,M4,43,gain_1p1,Finland,3,Broad-leaved forest,229,3771,0.0782338149732028,0.759825327510917,True,0.00030952271028553136
week5-m4-f10-seed43,M4,43,gain_1p1,Finland,4,Coastal wetlands,10,3990,0.022677566909326114,0.0,False,-0.003265912832690135
week5-m4-f10-seed43,M4,43,gain_1p1,Finland,5,Complex cultivation patterns,21,3979,0.004153363377609848,0.0,True,-0.00019436811104817531
week5-m4-f10-seed43,M4,43,gain_1p1,Finland,6,Coniferous forest,2776,1224,0.8852163482670004,0.385806916426513,True,0.02560665465454981
week5-m4-f10-seed43,M4,43,gain_1p1,Finland,7,Industrial or commercial units,32,3968,0.08119782490717894,0.0625,True,0.01254404431484829
week5-m4-f10-seed43,M4,43,gain_1p1,Finland,8,Inland waters,985,3015,0.46453734784906026,0.14213197969543148,True,-0.0007787506143604461
week5-m4-f10-seed43,M4,43,gain_1p1,Finland,9,Inland wetlands,530,3470,0.16434396599387263,0.0037735849056603774,True,0.001860905309866101
week5-m4-f10-seed43,M4,43,gain_1p1,Finland,10,"Land principally occupied by agriculture, with significant areas of natural vegetation",588,3412,0.326211796169591,0.336734693877551,True,0.027138606176224822
week5-m4-f10-seed43,M4,43,gain_1p1,Finland,11,Marine waters,892,3108,0.7950602318686478,0.6636771300448431,True,0.008493116364497122
week5-m4-f10-seed43,M4,43,gain_1p1,Finland,12,Mixed forest,2082,1918,0.6762918486569602,0.34534101825168106,True,-0.0007563472322190679
week5-m4-f10-seed43,M4,43,gain_1p1,Finland,13,"Moors, heathland and sclerophyllous vegetation",26,3974,0.004890873826475438,0.0,True,-3.6563446850807965e-05
week5-m4-f10-seed43,M4,43,gain_1p1,Finland,14,Natural grassland and sparsely vegetated areas,2,3998,0.0008405283119770886,0.0,True,0.00015549238460652232
week5-m4-f10-seed43,M4,43,gain_1p1,Finland,15,Pastures,3,3997,0.0030657787910867845,0.3333333333333333,True,-0.0007760525980855387
week5-m4-f10-seed43,M4,43,gain_1p1,Finland,16,Permanent crops,1,3999,0.011764705882352941,0.0,True,0.021568627450980392
week5-m4-f10-seed43,M4,43,gain_1p1,Finland,17,"Transitional woodland, shrub",1574,2426,0.4805483291278839,0.20584498094027953,True,-0.009847359356080387
week5-m4-f10-seed43,M4,43,gain_1p1,Finland,18,Urban fabric,116,3884,0.1495518507351547,0.31896551724137934,True,0.0033311234339287177
week5-m4-f10-seed43,M4,43,gain_1p1,Portugal,0,Agro-forestry areas,1408,2592,0.31013128779107474,0.0,False,0.00042153743493689166
week5-m4-f10-seed43,M4,43,gain_1p1,Portugal,1,Arable land,1646,2354,0.572078362310797,0.827460510328068,True,0.01316062111108951
week5-m4-f10-seed43,M4,43,gain_1p1,Portugal,2,"Beaches, dunes, sands",46,3954,0.09012005275487991,0.0,False,0.0024031440250214114
week5-m4-f10-seed43,M4,43,gain_1p1,Portugal,3,Broad-leaved forest,1588,2412,0.4497001222679296,0.49622166246851385,True,0.00107756686004018
week5-m4-f10-seed43,M4,43,gain_1p1,Portugal,4,Coastal wetlands,45,3955,0.02467049937954087,0.0,False,-0.0030254634743623852
week5-m4-f10-seed43,M4,43,gain_1p1,Portugal,5,Complex cultivation patterns,816,3184,0.21017909906847315,0.5220588235294118,True,0.00854130401851999
week5-m4-f10-seed43,M4,43,gain_1p1,Portugal,6,Coniferous forest,385,3615,0.14529533397367148,0.2623376623376623,True,0.010639952799403385
week5-m4-f10-seed43,M4,43,gain_1p1,Portugal,7,Industrial or commercial units,95,3905,0.1234454461065728,0.09473684210526316,True,0.007845686552170564
week5-m4-f10-seed43,M4,43,gain_1p1,Portugal,8,Inland waters,206,3794,0.15364104625617242,0.10679611650485436,True,0.008449138712000842
week5-m4-f10-seed43,M4,43,gain_1p1,Portugal,9,Inland wetlands,4,3996,0.011299737700010295,0.0,True,-0.004537860038383583
week5-m4-f10-seed43,M4,43,gain_1p1,Portugal,10,"Land principally occupied by agriculture, with significant areas of natural vegetation",763,3237,0.236020839968265,0.5058977719528178,True,-0.009294938563429944
week5-m4-f10-seed43,M4,43,gain_1p1,Portugal,11,Marine waters,498,3502,0.961572293983486,0.8795180722891566,True,0.004805753724027362
week5-m4-f10-seed43,M4,43,gain_1p1,Portugal,12,Mixed forest,587,3413,0.22020922637017584,0.11754684838160136,True,-0.008680021899105717
week5-m4-f10-seed43,M4,43,gain_1p1,Portugal,13,"Moors, heathland and sclerophyllous vegetation",507,3493,0.19898218275450139,0.05917159763313609,True,0.01225767917396342
week5-m4-f10-seed43,M4,43,gain_1p1,Portugal,14,Natural grassland and sparsely vegetated areas,50,3950,0.0127074748435545,0.12,True,0.00038456969144651763
week5-m4-f10-seed43,M4,43,gain_1p1,Portugal,15,Pastures,579,3421,0.19254047970993804,0.26252158894645944,True,0.008043100940373249
week5-m4-f10-seed43,M4,43,gain_1p1,Portugal,16,Permanent crops,963,3037,0.30488805489127024,0.0020768431983385254,True,-0.004486950103797682
week5-m4-f10-seed43,M4,43,gain_1p1,Portugal,17,"Transitional woodland, shrub",1752,2248,0.5720283132427776,0.1552511415525114,True,-0.021808106698017138
week5-m4-f10-seed43,M4,43,gain_1p1,Portugal,18,Urban fabric,325,3675,0.13328633803890652,0.4646153846153846,True,0.012335438904647944
